[ADD-CARRINHO] {"sessao":"2025-06-30-19:31:36-1482","produto":100,"quantidade":1,"total_item":18,"hora":"2025-07-04 00:31:12"}
[ADD-CARRINHO] {"sessao":"2025-06-30-19:31:36-1482","produto":216,"quantidade":1,"total_item":18,"hora":"2025-07-04 00:33:03"}
[SESSION-ADD] {"session_id":"ld7jjrmhh3sahv4rfsvebgm3ut","sessao_usuario":"2025-06-30-19:31:36-1482","hora":"2025-07-04 00:33:03"}
[ADD-CARRINHO] {"sessao":"2025-06-30-19:31:36-1482","produto":84,"quantidade":3,"total_item":45,"hora":"2025-07-04 00:33:59"}
[SESSION-ADD] {"session_id":"ld7jjrmhh3sahv4rfsvebgm3ut","sessao_usuario":"2025-06-30-19:31:36-1482","hora":"2025-07-04 00:33:59"}
[LISTAR-ENTRY] {"session_id":"ld7jjrmhh3sahv4rfsvebgm3ut","sessao_usuario":"2025-06-30-19:31:36-1482","hora":"2025-07-04 00:33:59"}
[LISTAR-ENTRY] {"session_id":"ld7jjrmhh3sahv4rfsvebgm3ut","sessao_usuario":"2025-06-30-19:31:36-1482","hora":"2025-07-04 00:33:59"}
[LISTAR-ENTRY] {"session_id":"ld7jjrmhh3sahv4rfsvebgm3ut","sessao_usuario":"2025-06-30-19:31:36-1482","hora":"2025-07-04 00:33:59"}
[ADD-CARRINHO] {"sessao":"2025-06-30-19:31:36-1482","produto":101,"quantidade":1,"total_item":20,"hora":"2025-07-04 00:34:08"}
[SESSION-ADD] {"session_id":"ld7jjrmhh3sahv4rfsvebgm3ut","sessao_usuario":"2025-06-30-19:31:36-1482","hora":"2025-07-04 00:34:08"}
[LISTAR-ENTRY] {"session_id":"ld7jjrmhh3sahv4rfsvebgm3ut","sessao_usuario":"2025-06-30-19:31:36-1482","hora":"2025-07-04 00:34:08"}
[LISTAR-ENTRY] {"session_id":"ld7jjrmhh3sahv4rfsvebgm3ut","sessao_usuario":"2025-06-30-19:31:36-1482","hora":"2025-07-04 00:34:08"}
[LISTAR-ENTRY] {"session_id":"ld7jjrmhh3sahv4rfsvebgm3ut","sessao_usuario":"2025-06-30-19:31:36-1482","hora":"2025-07-04 00:34:08"}
[ADD-CARRINHO] {"sessao":"2025-06-30-19:31:36-1482","produto":100,"quantidade":1,"total_item":18,"hora":"2025-07-04 00:35:27"}
[SESSION-ADD] {"session_id":"ld7jjrmhh3sahv4rfsvebgm3ut","sessao_usuario":"2025-06-30-19:31:36-1482","hora":"2025-07-04 00:35:27"}
[LISTAR-ENTRY] {"session_id":"ld7jjrmhh3sahv4rfsvebgm3ut","sessao_usuario":"2025-06-30-19:31:36-1482","hora":"2025-07-04 00:35:27"}
[LISTAR-RESULT] {"sessao":"2025-06-30-19:31:36-1482","result":[],"hora":"2025-07-04 00:35:27"}
[LISTAR-ENTRY] {"session_id":"ld7jjrmhh3sahv4rfsvebgm3ut","sessao_usuario":"2025-06-30-19:31:36-1482","hora":"2025-07-04 00:35:27"}
[LISTAR-RESULT] {"sessao":"2025-06-30-19:31:36-1482","result":[],"hora":"2025-07-04 00:35:27"}
[LISTAR-ENTRY] {"session_id":"ld7jjrmhh3sahv4rfsvebgm3ut","sessao_usuario":"2025-06-30-19:31:36-1482","hora":"2025-07-04 00:35:27"}
[LISTAR-RESULT] {"sessao":"2025-06-30-19:31:36-1482","result":[],"hora":"2025-07-04 00:35:27"}
[CARRINHO-TABELA] {"sessao":"2025-06-30-19:31:36-1482","carrinho":[{"id":258,"sessao":"2025-06-30-19:31:36-1482","cliente":0,"produto":14,"quantidade":1,"total_item":"20.00","obs":"","pedido":null,"data":"2025-07-04","id_sabor":null,"categoria":null,"item":null,"variacao":null,"mesa":null,"nome_cliente":null,"nome_produto":null,"sabores":null,"borda":null,"valor_unitario":"20.00","status":null,"hora":"00:36:30"},{"id":257,"sessao":"2025-06-30-19:31:36-1482","cliente":0,"produto":100,"quantidade":1,"total_item":"18.00","obs":"","pedido":null,"data":"2025-07-04","id_sabor":null,"categoria":null,"item":null,"variacao":null,"mesa":null,"nome_cliente":null,"nome_produto":null,"sabores":null,"borda":null,"valor_unitario":"18.00","status":null,"hora":"00:35:27"},{"id":256,"sessao":"2025-06-30-19:31:36-1482","cliente":0,"produto":101,"quantidade":1,"total_item":"20.00","obs":"","pedido":null,"data":"2025-07-04","id_sabor":null,"categoria":null,"item":null,"variacao":null,"mesa":null,"nome_cliente":null,"nome_produto":null,"sabores":null,"borda":null,"valor_unitario":"20.00","status":null,"hora":"00:34:08"},{"id":255,"sessao":"2025-06-30-19:31:36-1482","cliente":0,"produto":84,"quantidade":3,"total_item":"45.00","obs":"","pedido":null,"data":"2025-07-04","id_sabor":null,"categoria":null,"item":null,"variacao":null,"mesa":null,"nome_cliente":null,"nome_produto":null,"sabores":null,"borda":null,"valor_unitario":"15.00","status":null,"hora":"00:33:58"},{"id":254,"sessao":"2025-06-30-19:31:36-1482","cliente":0,"produto":216,"quantidade":1,"total_item":"18.00","obs":"","pedido":null,"data":"2025-07-04","id_sabor":null,"categoria":null,"item":null,"variacao":null,"mesa":null,"nome_cliente":null,"nome_produto":null,"sabores":null,"borda":null,"valor_unitario":"18.00","status":null,"hora":"00:33:02"},{"id":253,"sessao":"2025-06-30-19:31:36-1482","cliente":0,"produto":100,"quantidade":1,"total_item":"18.00","obs":"","pedido":null,"data":"2025-07-04","id_sabor":null,"categoria":null,"item":null,"variacao":null,"mesa":null,"nome_cliente":null,"nome_produto":null,"sabores":null,"borda":null,"valor_unitario":"18.00","status":null,"hora":"00:31:12"},{"id":252,"sessao":"2025-06-30-19:31:36-1482","cliente":0,"produto":101,"quantidade":4,"total_item":"80.00","obs":"","pedido":null,"data":"2025-07-04","id_sabor":null,"categoria":null,"item":null,"variacao":null,"mesa":null,"nome_cliente":null,"nome_produto":null,"sabores":null,"borda":null,"valor_unitario":"20.00","status":null,"hora":"00:20:10"},{"id":251,"sessao":"2025-06-30-19:31:36-1482","cliente":0,"produto":103,"quantidade":6,"total_item":"90.00","obs":"","pedido":null,"data":"2025-07-04","id_sabor":null,"categoria":null,"item":null,"variacao":null,"mesa":null,"nome_cliente":null,"nome_produto":null,"sabores":null,"borda":null,"valor_unitario":"15.00","status":null,"hora":"00:19:57"}],"hora":"2025-07-04 00:36:30"}
[ADD-CARRINHO] {"sessao":"2025-06-30-19:31:36-1482","produto":14,"quantidade":1,"total_item":20,"hora":"2025-07-04 00:36:30"}
[SESSION-ADD] {"session_id":"ld7jjrmhh3sahv4rfsvebgm3ut","sessao_usuario":"2025-06-30-19:31:36-1482","hora":"2025-07-04 00:36:30"}
[LISTAR-ENTRY] {"session_id":"ld7jjrmhh3sahv4rfsvebgm3ut","sessao_usuario":"2025-06-30-19:31:36-1482","hora":"2025-07-04 00:36:30"}
[LISTAR-RESULT] {"sessao":"2025-06-30-19:31:36-1482","result":[],"hora":"2025-07-04 00:36:30"}
[LISTAR-ENTRY] {"session_id":"ld7jjrmhh3sahv4rfsvebgm3ut","sessao_usuario":"2025-06-30-19:31:36-1482","hora":"2025-07-04 00:36:30"}
[LISTAR-RESULT] {"sessao":"2025-06-30-19:31:36-1482","result":[],"hora":"2025-07-04 00:36:30"}
[LISTAR-ENTRY] {"session_id":"ld7jjrmhh3sahv4rfsvebgm3ut","sessao_usuario":"2025-06-30-19:31:36-1482","hora":"2025-07-04 00:36:30"}
[LISTAR-RESULT] {"sessao":"2025-06-30-19:31:36-1482","result":[],"hora":"2025-07-04 00:36:30"}
[CARRINHO-TABELA] {"sessao":"2025-06-30-19:31:36-1482","carrinho":[{"id":259,"sessao":"2025-06-30-19:31:36-1482","cliente":0,"produto":216,"quantidade":1,"total_item":"18.00","obs":"","pedido":0,"data":"2025-07-04","id_sabor":null,"categoria":null,"item":null,"variacao":null,"mesa":null,"nome_cliente":null,"nome_produto":null,"sabores":null,"borda":null,"valor_unitario":"18.00","status":null,"hora":"00:38:45"},{"id":258,"sessao":"2025-06-30-19:31:36-1482","cliente":0,"produto":14,"quantidade":1,"total_item":"20.00","obs":"","pedido":null,"data":"2025-07-04","id_sabor":null,"categoria":null,"item":null,"variacao":null,"mesa":null,"nome_cliente":null,"nome_produto":null,"sabores":null,"borda":null,"valor_unitario":"20.00","status":null,"hora":"00:36:30"},{"id":257,"sessao":"2025-06-30-19:31:36-1482","cliente":0,"produto":100,"quantidade":1,"total_item":"18.00","obs":"","pedido":null,"data":"2025-07-04","id_sabor":null,"categoria":null,"item":null,"variacao":null,"mesa":null,"nome_cliente":null,"nome_produto":null,"sabores":null,"borda":null,"valor_unitario":"18.00","status":null,"hora":"00:35:27"},{"id":256,"sessao":"2025-06-30-19:31:36-1482","cliente":0,"produto":101,"quantidade":1,"total_item":"20.00","obs":"","pedido":null,"data":"2025-07-04","id_sabor":null,"categoria":null,"item":null,"variacao":null,"mesa":null,"nome_cliente":null,"nome_produto":null,"sabores":null,"borda":null,"valor_unitario":"20.00","status":null,"hora":"00:34:08"},{"id":255,"sessao":"2025-06-30-19:31:36-1482","cliente":0,"produto":84,"quantidade":3,"total_item":"45.00","obs":"","pedido":null,"data":"2025-07-04","id_sabor":null,"categoria":null,"item":null,"variacao":null,"mesa":null,"nome_cliente":null,"nome_produto":null,"sabores":null,"borda":null,"valor_unitario":"15.00","status":null,"hora":"00:33:58"},{"id":254,"sessao":"2025-06-30-19:31:36-1482","cliente":0,"produto":216,"quantidade":1,"total_item":"18.00","obs":"","pedido":null,"data":"2025-07-04","id_sabor":null,"categoria":null,"item":null,"variacao":null,"mesa":null,"nome_cliente":null,"nome_produto":null,"sabores":null,"borda":null,"valor_unitario":"18.00","status":null,"hora":"00:33:02"},{"id":253,"sessao":"2025-06-30-19:31:36-1482","cliente":0,"produto":100,"quantidade":1,"total_item":"18.00","obs":"","pedido":null,"data":"2025-07-04","id_sabor":null,"categoria":null,"item":null,"variacao":null,"mesa":null,"nome_cliente":null,"nome_produto":null,"sabores":null,"borda":null,"valor_unitario":"18.00","status":null,"hora":"00:31:12"},{"id":252,"sessao":"2025-06-30-19:31:36-1482","cliente":0,"produto":101,"quantidade":4,"total_item":"80.00","obs":"","pedido":null,"data":"2025-07-04","id_sabor":null,"categoria":null,"item":null,"variacao":null,"mesa":null,"nome_cliente":null,"nome_produto":null,"sabores":null,"borda":null,"valor_unitario":"20.00","status":null,"hora":"00:20:10"},{"id":251,"sessao":"2025-06-30-19:31:36-1482","cliente":0,"produto":103,"quantidade":6,"total_item":"90.00","obs":"","pedido":null,"data":"2025-07-04","id_sabor":null,"categoria":null,"item":null,"variacao":null,"mesa":null,"nome_cliente":null,"nome_produto":null,"sabores":null,"borda":null,"valor_unitario":"15.00","status":null,"hora":"00:19:57"}],"hora":"2025-07-04 00:38:45"}
[ADD-CARRINHO] {"sessao":"2025-06-30-19:31:36-1482","produto":216,"quantidade":1,"total_item":18,"hora":"2025-07-04 00:38:45"}
[SESSION-ADD] {"session_id":"ld7jjrmhh3sahv4rfsvebgm3ut","sessao_usuario":"2025-06-30-19:31:36-1482","hora":"2025-07-04 00:38:45"}
[LISTAR-ENTRY] {"session_id":"ld7jjrmhh3sahv4rfsvebgm3ut","sessao_usuario":"2025-06-30-19:31:36-1482","hora":"2025-07-04 00:38:45"}
[LISTAR-RESULT] {"sessao":"2025-06-30-19:31:36-1482","result":[{"id":259,"sessao":"2025-06-30-19:31:36-1482","cliente":0,"produto":216,"quantidade":1,"total_item":"18.00","obs":"","pedido":0,"data":"2025-07-04","id_sabor":null,"categoria":null,"item":null,"variacao":null,"mesa":null,"nome_cliente":null,"nome_produto":"ALASANHADO","sabores":null,"borda":null,"valor_unitario":"18.000000","status":null,"hora":"00:38:45","foto_produto":"15-01-2024-13-53-57-WhatsApp-Image-2024-01-02-at-12.20.06.jpeg"}],"hora":"2025-07-04 00:38:45"}
[SESSION-LISTAR] {"session_id":"ld7jjrmhh3sahv4rfsvebgm3ut","sessao_usuario":"2025-06-30-19:31:36-1482","hora":"2025-07-04 00:38:45"}
[LISTAR-CARRINHO] {"sessao":"2025-06-30-19:31:36-1482","itens":1,"hora":"2025-07-04 00:38:45"}
[LISTAR-ENTRY] {"session_id":"ld7jjrmhh3sahv4rfsvebgm3ut","sessao_usuario":"2025-06-30-19:31:36-1482","hora":"2025-07-04 00:38:45"}
[LISTAR-RESULT] {"sessao":"2025-06-30-19:31:36-1482","result":[{"id":259,"sessao":"2025-06-30-19:31:36-1482","cliente":0,"produto":216,"quantidade":1,"total_item":"18.00","obs":"","pedido":0,"data":"2025-07-04","id_sabor":null,"categoria":null,"item":null,"variacao":null,"mesa":null,"nome_cliente":null,"nome_produto":"ALASANHADO","sabores":null,"borda":null,"valor_unitario":"18.000000","status":null,"hora":"00:38:45","foto_produto":"15-01-2024-13-53-57-WhatsApp-Image-2024-01-02-at-12.20.06.jpeg"}],"hora":"2025-07-04 00:38:45"}
[SESSION-LISTAR] {"session_id":"ld7jjrmhh3sahv4rfsvebgm3ut","sessao_usuario":"2025-06-30-19:31:36-1482","hora":"2025-07-04 00:38:45"}
[LISTAR-CARRINHO] {"sessao":"2025-06-30-19:31:36-1482","itens":1,"hora":"2025-07-04 00:38:45"}
[LISTAR-ENTRY] {"session_id":"ld7jjrmhh3sahv4rfsvebgm3ut","sessao_usuario":"2025-06-30-19:31:36-1482","hora":"2025-07-04 00:38:45"}
[LISTAR-RESULT] {"sessao":"2025-06-30-19:31:36-1482","result":[{"id":259,"sessao":"2025-06-30-19:31:36-1482","cliente":0,"produto":216,"quantidade":1,"total_item":"18.00","obs":"","pedido":0,"data":"2025-07-04","id_sabor":null,"categoria":null,"item":null,"variacao":null,"mesa":null,"nome_cliente":null,"nome_produto":"ALASANHADO","sabores":null,"borda":null,"valor_unitario":"18.000000","status":null,"hora":"00:38:45","foto_produto":"15-01-2024-13-53-57-WhatsApp-Image-2024-01-02-at-12.20.06.jpeg"}],"hora":"2025-07-04 00:38:45"}
[SESSION-LISTAR] {"session_id":"ld7jjrmhh3sahv4rfsvebgm3ut","sessao_usuario":"2025-06-30-19:31:36-1482","hora":"2025-07-04 00:38:45"}
[LISTAR-CARRINHO] {"sessao":"2025-06-30-19:31:36-1482","itens":1,"hora":"2025-07-04 00:38:45"}
[LISTAR-ENTRY] {"session_id":"ld7jjrmhh3sahv4rfsvebgm3ut","sessao_usuario":"2025-06-30-19:31:36-1482","hora":"2025-07-04 00:38:48"}
[LISTAR-RESULT] {"sessao":"2025-06-30-19:31:36-1482","result":[{"id":259,"sessao":"2025-06-30-19:31:36-1482","cliente":0,"produto":216,"quantidade":2,"total_item":"36.00","obs":"","pedido":0,"data":"2025-07-04","id_sabor":null,"categoria":null,"item":null,"variacao":null,"mesa":null,"nome_cliente":null,"nome_produto":"ALASANHADO","sabores":null,"borda":null,"valor_unitario":"18.000000","status":null,"hora":"00:38:45","foto_produto":"15-01-2024-13-53-57-WhatsApp-Image-2024-01-02-at-12.20.06.jpeg"}],"hora":"2025-07-04 00:38:48"}
[SESSION-LISTAR] {"session_id":"ld7jjrmhh3sahv4rfsvebgm3ut","sessao_usuario":"2025-06-30-19:31:36-1482","hora":"2025-07-04 00:38:48"}
[LISTAR-CARRINHO] {"sessao":"2025-06-30-19:31:36-1482","itens":1,"hora":"2025-07-04 00:38:48"}
[LISTAR-ENTRY] {"session_id":"ld7jjrmhh3sahv4rfsvebgm3ut","sessao_usuario":"2025-06-30-19:31:36-1482","hora":"2025-07-04 00:38:49"}
[LISTAR-RESULT] {"sessao":"2025-06-30-19:31:36-1482","result":[{"id":259,"sessao":"2025-06-30-19:31:36-1482","cliente":0,"produto":216,"quantidade":3,"total_item":"54.00","obs":"","pedido":0,"data":"2025-07-04","id_sabor":null,"categoria":null,"item":null,"variacao":null,"mesa":null,"nome_cliente":null,"nome_produto":"ALASANHADO","sabores":null,"borda":null,"valor_unitario":"18.000000","status":null,"hora":"00:38:45","foto_produto":"15-01-2024-13-53-57-WhatsApp-Image-2024-01-02-at-12.20.06.jpeg"}],"hora":"2025-07-04 00:38:49"}
[SESSION-LISTAR] {"session_id":"ld7jjrmhh3sahv4rfsvebgm3ut","sessao_usuario":"2025-06-30-19:31:36-1482","hora":"2025-07-04 00:38:49"}
[LISTAR-CARRINHO] {"sessao":"2025-06-30-19:31:36-1482","itens":1,"hora":"2025-07-04 00:38:49"}
[LISTAR-ENTRY] {"session_id":"ld7jjrmhh3sahv4rfsvebgm3ut","sessao_usuario":"2025-06-30-19:31:36-1482","hora":"2025-07-04 00:38:49"}
[LISTAR-RESULT] {"sessao":"2025-06-30-19:31:36-1482","result":[{"id":259,"sessao":"2025-06-30-19:31:36-1482","cliente":0,"produto":216,"quantidade":4,"total_item":"72.00","obs":"","pedido":0,"data":"2025-07-04","id_sabor":null,"categoria":null,"item":null,"variacao":null,"mesa":null,"nome_cliente":null,"nome_produto":"ALASANHADO","sabores":null,"borda":null,"valor_unitario":"18.000000","status":null,"hora":"00:38:45","foto_produto":"15-01-2024-13-53-57-WhatsApp-Image-2024-01-02-at-12.20.06.jpeg"}],"hora":"2025-07-04 00:38:49"}
[SESSION-LISTAR] {"session_id":"ld7jjrmhh3sahv4rfsvebgm3ut","sessao_usuario":"2025-06-30-19:31:36-1482","hora":"2025-07-04 00:38:49"}
[LISTAR-CARRINHO] {"sessao":"2025-06-30-19:31:36-1482","itens":1,"hora":"2025-07-04 00:38:49"}
[LISTAR-ENTRY] {"session_id":"ld7jjrmhh3sahv4rfsvebgm3ut","sessao_usuario":"2025-06-30-19:31:36-1482","hora":"2025-07-04 00:38:50"}
[LISTAR-RESULT] {"sessao":"2025-06-30-19:31:36-1482","result":[{"id":259,"sessao":"2025-06-30-19:31:36-1482","cliente":0,"produto":216,"quantidade":5,"total_item":"90.00","obs":"","pedido":0,"data":"2025-07-04","id_sabor":null,"categoria":null,"item":null,"variacao":null,"mesa":null,"nome_cliente":null,"nome_produto":"ALASANHADO","sabores":null,"borda":null,"valor_unitario":"18.000000","status":null,"hora":"00:38:45","foto_produto":"15-01-2024-13-53-57-WhatsApp-Image-2024-01-02-at-12.20.06.jpeg"}],"hora":"2025-07-04 00:38:50"}
[SESSION-LISTAR] {"session_id":"ld7jjrmhh3sahv4rfsvebgm3ut","sessao_usuario":"2025-06-30-19:31:36-1482","hora":"2025-07-04 00:38:50"}
[LISTAR-CARRINHO] {"sessao":"2025-06-30-19:31:36-1482","itens":1,"hora":"2025-07-04 00:38:50"}
[LISTAR-ENTRY] {"session_id":"ld7jjrmhh3sahv4rfsvebgm3ut","sessao_usuario":"2025-06-30-19:31:36-1482","hora":"2025-07-04 00:38:50"}
[LISTAR-RESULT] {"sessao":"2025-06-30-19:31:36-1482","result":[{"id":259,"sessao":"2025-06-30-19:31:36-1482","cliente":0,"produto":216,"quantidade":6,"total_item":"108.00","obs":"","pedido":0,"data":"2025-07-04","id_sabor":null,"categoria":null,"item":null,"variacao":null,"mesa":null,"nome_cliente":null,"nome_produto":"ALASANHADO","sabores":null,"borda":null,"valor_unitario":"18.000000","status":null,"hora":"00:38:45","foto_produto":"15-01-2024-13-53-57-WhatsApp-Image-2024-01-02-at-12.20.06.jpeg"}],"hora":"2025-07-04 00:38:50"}
[SESSION-LISTAR] {"session_id":"ld7jjrmhh3sahv4rfsvebgm3ut","sessao_usuario":"2025-06-30-19:31:36-1482","hora":"2025-07-04 00:38:50"}
[LISTAR-CARRINHO] {"sessao":"2025-06-30-19:31:36-1482","itens":1,"hora":"2025-07-04 00:38:50"}
[CARRINHO-TABELA] {"sessao":"2025-07-04-00:40:15-1452","carrinho":[{"id":260,"sessao":"2025-07-04-00:40:15-1452","cliente":0,"produto":210,"quantidade":1,"total_item":"8.00","obs":"","pedido":0,"data":"2025-07-04","id_sabor":null,"categoria":null,"item":null,"variacao":null,"mesa":null,"nome_cliente":null,"nome_produto":null,"sabores":null,"borda":null,"valor_unitario":"8.00","status":null,"hora":"00:40:16"}],"hora":"2025-07-04 00:40:17"}
[ADD-CARRINHO] {"sessao":"2025-07-04-00:40:15-1452","produto":210,"quantidade":1,"total_item":8,"hora":"2025-07-04 00:40:17"}
[SESSION-ADD] {"session_id":"ld7jjrmhh3sahv4rfsvebgm3ut","sessao_usuario":"2025-07-04-00:40:15-1452","hora":"2025-07-04 00:40:17"}
[CARRINHO-TABELA] {"sessao":"2025-07-04-00:40:15-1452","carrinho":[{"id":261,"sessao":"2025-07-04-00:40:15-1452","cliente":0,"produto":224,"quantidade":1,"total_item":"2.00","obs":"","pedido":0,"data":"2025-07-04","id_sabor":null,"categoria":null,"item":null,"variacao":null,"mesa":null,"nome_cliente":null,"nome_produto":null,"sabores":null,"borda":null,"valor_unitario":"2.00","status":null,"hora":"00:40:49"},{"id":260,"sessao":"2025-07-04-00:40:15-1452","cliente":0,"produto":210,"quantidade":1,"total_item":"8.00","obs":"","pedido":0,"data":"2025-07-04","id_sabor":null,"categoria":null,"item":null,"variacao":null,"mesa":null,"nome_cliente":null,"nome_produto":null,"sabores":null,"borda":null,"valor_unitario":"8.00","status":null,"hora":"00:40:16"}],"hora":"2025-07-04 00:40:49"}
[ADD-CARRINHO] {"sessao":"2025-07-04-00:40:15-1452","produto":224,"quantidade":1,"total_item":2,"hora":"2025-07-04 00:40:49"}
[SESSION-ADD] {"session_id":"ld7jjrmhh3sahv4rfsvebgm3ut","sessao_usuario":"2025-07-04-00:40:15-1452","hora":"2025-07-04 00:40:49"}
[CARRINHO-TABELA] {"sessao":"2025-07-04-00:40:15-1452","carrinho":[{"id":262,"sessao":"2025-07-04-00:40:15-1452","cliente":0,"produto":16,"quantidade":1,"total_item":"18.00","obs":"","pedido":0,"data":"2025-07-04","id_sabor":null,"categoria":null,"item":null,"variacao":null,"mesa":null,"nome_cliente":null,"nome_produto":null,"sabores":null,"borda":null,"valor_unitario":"18.00","status":null,"hora":"00:41:08"},{"id":261,"sessao":"2025-07-04-00:40:15-1452","cliente":0,"produto":224,"quantidade":1,"total_item":"2.00","obs":"","pedido":0,"data":"2025-07-04","id_sabor":null,"categoria":null,"item":null,"variacao":null,"mesa":null,"nome_cliente":null,"nome_produto":null,"sabores":null,"borda":null,"valor_unitario":"2.00","status":null,"hora":"00:40:49"},{"id":260,"sessao":"2025-07-04-00:40:15-1452","cliente":0,"produto":210,"quantidade":1,"total_item":"8.00","obs":"","pedido":0,"data":"2025-07-04","id_sabor":null,"categoria":null,"item":null,"variacao":null,"mesa":null,"nome_cliente":null,"nome_produto":null,"sabores":null,"borda":null,"valor_unitario":"8.00","status":null,"hora":"00:40:16"}],"hora":"2025-07-04 00:41:09"}
[ADD-CARRINHO] {"sessao":"2025-07-04-00:40:15-1452","produto":16,"quantidade":1,"total_item":18,"hora":"2025-07-04 00:41:09"}
[SESSION-ADD] {"session_id":"ld7jjrmhh3sahv4rfsvebgm3ut","sessao_usuario":"2025-07-04-00:40:15-1452","hora":"2025-07-04 00:41:09"}
[LISTAR-ENTRY] {"session_id":"ld7jjrmhh3sahv4rfsvebgm3ut","sessao_usuario":"2025-07-04-00:40:15-1452","hora":"2025-07-04 00:41:09"}
[LISTAR-RESULT] {"sessao":"2025-07-04-00:40:15-1452","result":[{"id":262,"sessao":"2025-07-04-00:40:15-1452","cliente":0,"produto":16,"quantidade":1,"total_item":"18.00","obs":"","pedido":0,"data":"2025-07-04","id_sabor":null,"categoria":null,"item":null,"variacao":null,"mesa":null,"nome_cliente":null,"nome_produto":"MIX DRAG\u00c3O","sabores":null,"borda":null,"valor_unitario":"18.000000","status":null,"hora":"00:41:08","foto_produto":"24-12-2023-14-22-47-ESPECIAL.jpg"},{"id":261,"sessao":"2025-07-04-00:40:15-1452","cliente":0,"produto":224,"quantidade":1,"total_item":"2.00","obs":"","pedido":0,"data":"2025-07-04","id_sabor":null,"categoria":null,"item":null,"variacao":null,"mesa":null,"nome_cliente":null,"nome_produto":"GUARA MIX","sabores":null,"borda":null,"valor_unitario":"2.000000","status":null,"hora":"00:40:49","foto_produto":"17-01-2024-18-07-07-7898216250059.jpg"},{"id":260,"sessao":"2025-07-04-00:40:15-1452","cliente":0,"produto":210,"quantidade":1,"total_item":"8.00","obs":"","pedido":0,"data":"2025-07-04","id_sabor":null,"categoria":null,"item":null,"variacao":null,"mesa":null,"nome_cliente":null,"nome_produto":"CACHORRO QUENTE DE CARNE P","sabores":null,"borda":null,"valor_unitario":"8.000000","status":null,"hora":"00:40:16","foto_produto":"15-01-2024-13-50-57-maxresdefault.jpg"}],"hora":"2025-07-04 00:41:09"}
[SESSION-LISTAR] {"session_id":"ld7jjrmhh3sahv4rfsvebgm3ut","sessao_usuario":"2025-07-04-00:40:15-1452","hora":"2025-07-04 00:41:09"}
[LISTAR-CARRINHO] {"sessao":"2025-07-04-00:40:15-1452","itens":3,"hora":"2025-07-04 00:41:09"}
[LISTAR-ENTRY] {"session_id":"ld7jjrmhh3sahv4rfsvebgm3ut","sessao_usuario":"2025-07-04-00:40:15-1452","hora":"2025-07-04 00:41:10"}
[LISTAR-RESULT] {"sessao":"2025-07-04-00:40:15-1452","result":[{"id":262,"sessao":"2025-07-04-00:40:15-1452","cliente":0,"produto":16,"quantidade":1,"total_item":"18.00","obs":"","pedido":0,"data":"2025-07-04","id_sabor":null,"categoria":null,"item":null,"variacao":null,"mesa":null,"nome_cliente":null,"nome_produto":"MIX DRAG\u00c3O","sabores":null,"borda":null,"valor_unitario":"18.000000","status":null,"hora":"00:41:08","foto_produto":"24-12-2023-14-22-47-ESPECIAL.jpg"},{"id":261,"sessao":"2025-07-04-00:40:15-1452","cliente":0,"produto":224,"quantidade":1,"total_item":"2.00","obs":"","pedido":0,"data":"2025-07-04","id_sabor":null,"categoria":null,"item":null,"variacao":null,"mesa":null,"nome_cliente":null,"nome_produto":"GUARA MIX","sabores":null,"borda":null,"valor_unitario":"2.000000","status":null,"hora":"00:40:49","foto_produto":"17-01-2024-18-07-07-7898216250059.jpg"},{"id":260,"sessao":"2025-07-04-00:40:15-1452","cliente":0,"produto":210,"quantidade":1,"total_item":"8.00","obs":"","pedido":0,"data":"2025-07-04","id_sabor":null,"categoria":null,"item":null,"variacao":null,"mesa":null,"nome_cliente":null,"nome_produto":"CACHORRO QUENTE DE CARNE P","sabores":null,"borda":null,"valor_unitario":"8.000000","status":null,"hora":"00:40:16","foto_produto":"15-01-2024-13-50-57-maxresdefault.jpg"}],"hora":"2025-07-04 00:41:10"}
[SESSION-LISTAR] {"session_id":"ld7jjrmhh3sahv4rfsvebgm3ut","sessao_usuario":"2025-07-04-00:40:15-1452","hora":"2025-07-04 00:41:10"}
[LISTAR-CARRINHO] {"sessao":"2025-07-04-00:40:15-1452","itens":3,"hora":"2025-07-04 00:41:10"}
[LISTAR-ENTRY] {"session_id":"ld7jjrmhh3sahv4rfsvebgm3ut","sessao_usuario":"2025-07-04-00:40:15-1452","hora":"2025-07-04 00:41:10"}
[LISTAR-RESULT] {"sessao":"2025-07-04-00:40:15-1452","result":[{"id":262,"sessao":"2025-07-04-00:40:15-1452","cliente":0,"produto":16,"quantidade":1,"total_item":"18.00","obs":"","pedido":0,"data":"2025-07-04","id_sabor":null,"categoria":null,"item":null,"variacao":null,"mesa":null,"nome_cliente":null,"nome_produto":"MIX DRAG\u00c3O","sabores":null,"borda":null,"valor_unitario":"18.000000","status":null,"hora":"00:41:08","foto_produto":"24-12-2023-14-22-47-ESPECIAL.jpg"},{"id":261,"sessao":"2025-07-04-00:40:15-1452","cliente":0,"produto":224,"quantidade":1,"total_item":"2.00","obs":"","pedido":0,"data":"2025-07-04","id_sabor":null,"categoria":null,"item":null,"variacao":null,"mesa":null,"nome_cliente":null,"nome_produto":"GUARA MIX","sabores":null,"borda":null,"valor_unitario":"2.000000","status":null,"hora":"00:40:49","foto_produto":"17-01-2024-18-07-07-7898216250059.jpg"},{"id":260,"sessao":"2025-07-04-00:40:15-1452","cliente":0,"produto":210,"quantidade":1,"total_item":"8.00","obs":"","pedido":0,"data":"2025-07-04","id_sabor":null,"categoria":null,"item":null,"variacao":null,"mesa":null,"nome_cliente":null,"nome_produto":"CACHORRO QUENTE DE CARNE P","sabores":null,"borda":null,"valor_unitario":"8.000000","status":null,"hora":"00:40:16","foto_produto":"15-01-2024-13-50-57-maxresdefault.jpg"}],"hora":"2025-07-04 00:41:10"}
[SESSION-LISTAR] {"session_id":"ld7jjrmhh3sahv4rfsvebgm3ut","sessao_usuario":"2025-07-04-00:40:15-1452","hora":"2025-07-04 00:41:10"}
[LISTAR-CARRINHO] {"sessao":"2025-07-04-00:40:15-1452","itens":3,"hora":"2025-07-04 00:41:10"}
[CARRINHO-TABELA] {"sessao":"2025-07-04-00:44:04-1181","carrinho":[{"id":263,"sessao":"2025-07-04-00:44:04-1181","cliente":0,"produto":224,"quantidade":1,"total_item":"2.00","obs":"","pedido":0,"data":"2025-07-04","id_sabor":null,"categoria":null,"item":null,"variacao":null,"mesa":null,"nome_cliente":null,"nome_produto":null,"sabores":null,"borda":null,"valor_unitario":"2.00","status":null,"hora":"00:47:28"}],"hora":"2025-07-04 00:47:29"}
[ADD-CARRINHO] {"sessao":"2025-07-04-00:44:04-1181","produto":224,"quantidade":1,"total_item":2,"hora":"2025-07-04 00:47:29"}
[SESSION-ADD] {"session_id":"ld7jjrmhh3sahv4rfsvebgm3ut","sessao_usuario":"2025-07-04-00:44:04-1181","hora":"2025-07-04 00:47:29"}
[LISTAR-ENTRY] {"session_id":"ld7jjrmhh3sahv4rfsvebgm3ut","sessao_usuario":"2025-07-04-00:44:04-1181","hora":"2025-07-04 00:47:29"}
[LISTAR-RESULT] {"sessao":"2025-07-04-00:44:04-1181","result":[{"id":263,"sessao":"2025-07-04-00:44:04-1181","cliente":0,"produto":224,"quantidade":1,"total_item":"2.00","obs":"","pedido":0,"data":"2025-07-04","id_sabor":null,"categoria":null,"item":null,"variacao":null,"mesa":null,"nome_cliente":null,"nome_produto":"GUARA MIX","sabores":null,"borda":null,"valor_unitario":"2.000000","status":null,"hora":"00:47:28","foto_produto":"17-01-2024-18-07-07-7898216250059.jpg"}],"hora":"2025-07-04 00:47:29"}
[SESSION-LISTAR] {"session_id":"ld7jjrmhh3sahv4rfsvebgm3ut","sessao_usuario":"2025-07-04-00:44:04-1181","hora":"2025-07-04 00:47:29"}
[LISTAR-CARRINHO] {"sessao":"2025-07-04-00:44:04-1181","itens":1,"hora":"2025-07-04 00:47:29"}
[LISTAR-ENTRY] {"session_id":"ld7jjrmhh3sahv4rfsvebgm3ut","sessao_usuario":"2025-07-04-00:44:04-1181","hora":"2025-07-04 00:47:29"}
[LISTAR-RESULT] {"sessao":"2025-07-04-00:44:04-1181","result":[{"id":263,"sessao":"2025-07-04-00:44:04-1181","cliente":0,"produto":224,"quantidade":1,"total_item":"2.00","obs":"","pedido":0,"data":"2025-07-04","id_sabor":null,"categoria":null,"item":null,"variacao":null,"mesa":null,"nome_cliente":null,"nome_produto":"GUARA MIX","sabores":null,"borda":null,"valor_unitario":"2.000000","status":null,"hora":"00:47:28","foto_produto":"17-01-2024-18-07-07-7898216250059.jpg"}],"hora":"2025-07-04 00:47:29"}
[SESSION-LISTAR] {"session_id":"ld7jjrmhh3sahv4rfsvebgm3ut","sessao_usuario":"2025-07-04-00:44:04-1181","hora":"2025-07-04 00:47:29"}
[LISTAR-CARRINHO] {"sessao":"2025-07-04-00:44:04-1181","itens":1,"hora":"2025-07-04 00:47:29"}
[LISTAR-ENTRY] {"session_id":"ld7jjrmhh3sahv4rfsvebgm3ut","sessao_usuario":"2025-07-04-00:44:04-1181","hora":"2025-07-04 00:47:29"}
[LISTAR-RESULT] {"sessao":"2025-07-04-00:44:04-1181","result":[{"id":263,"sessao":"2025-07-04-00:44:04-1181","cliente":0,"produto":224,"quantidade":1,"total_item":"2.00","obs":"","pedido":0,"data":"2025-07-04","id_sabor":null,"categoria":null,"item":null,"variacao":null,"mesa":null,"nome_cliente":null,"nome_produto":"GUARA MIX","sabores":null,"borda":null,"valor_unitario":"2.000000","status":null,"hora":"00:47:28","foto_produto":"17-01-2024-18-07-07-7898216250059.jpg"}],"hora":"2025-07-04 00:47:29"}
[SESSION-LISTAR] {"session_id":"ld7jjrmhh3sahv4rfsvebgm3ut","sessao_usuario":"2025-07-04-00:44:04-1181","hora":"2025-07-04 00:47:29"}
[LISTAR-CARRINHO] {"sessao":"2025-07-04-00:44:04-1181","itens":1,"hora":"2025-07-04 00:47:29"}
[LISTAR-ENTRY] {"session_id":"ld7jjrmhh3sahv4rfsvebgm3ut","sessao_usuario":"2025-07-04-00:44:04-1181","hora":"2025-07-04 00:47:31"}
[LISTAR-RESULT] {"sessao":"2025-07-04-00:44:04-1181","result":[{"id":263,"sessao":"2025-07-04-00:44:04-1181","cliente":0,"produto":224,"quantidade":2,"total_item":"4.00","obs":"","pedido":0,"data":"2025-07-04","id_sabor":null,"categoria":null,"item":null,"variacao":null,"mesa":null,"nome_cliente":null,"nome_produto":"GUARA MIX","sabores":null,"borda":null,"valor_unitario":"2.000000","status":null,"hora":"00:47:28","foto_produto":"17-01-2024-18-07-07-7898216250059.jpg"}],"hora":"2025-07-04 00:47:31"}
[SESSION-LISTAR] {"session_id":"ld7jjrmhh3sahv4rfsvebgm3ut","sessao_usuario":"2025-07-04-00:44:04-1181","hora":"2025-07-04 00:47:31"}
[LISTAR-CARRINHO] {"sessao":"2025-07-04-00:44:04-1181","itens":1,"hora":"2025-07-04 00:47:31"}
[LISTAR-ENTRY] {"session_id":"ld7jjrmhh3sahv4rfsvebgm3ut","sessao_usuario":"2025-07-04-00:44:04-1181","hora":"2025-07-04 00:47:31"}
[LISTAR-RESULT] {"sessao":"2025-07-04-00:44:04-1181","result":[{"id":263,"sessao":"2025-07-04-00:44:04-1181","cliente":0,"produto":224,"quantidade":3,"total_item":"6.00","obs":"","pedido":0,"data":"2025-07-04","id_sabor":null,"categoria":null,"item":null,"variacao":null,"mesa":null,"nome_cliente":null,"nome_produto":"GUARA MIX","sabores":null,"borda":null,"valor_unitario":"2.000000","status":null,"hora":"00:47:28","foto_produto":"17-01-2024-18-07-07-7898216250059.jpg"}],"hora":"2025-07-04 00:47:31"}
[SESSION-LISTAR] {"session_id":"ld7jjrmhh3sahv4rfsvebgm3ut","sessao_usuario":"2025-07-04-00:44:04-1181","hora":"2025-07-04 00:47:31"}
[LISTAR-CARRINHO] {"sessao":"2025-07-04-00:44:04-1181","itens":1,"hora":"2025-07-04 00:47:31"}
[LISTAR-ENTRY] {"session_id":"ld7jjrmhh3sahv4rfsvebgm3ut","sessao_usuario":"2025-07-04-00:44:04-1181","hora":"2025-07-04 00:47:33"}
[LISTAR-RESULT] {"sessao":"2025-07-04-00:44:04-1181","result":[{"id":263,"sessao":"2025-07-04-00:44:04-1181","cliente":0,"produto":224,"quantidade":4,"total_item":"8.00","obs":"","pedido":0,"data":"2025-07-04","id_sabor":null,"categoria":null,"item":null,"variacao":null,"mesa":null,"nome_cliente":null,"nome_produto":"GUARA MIX","sabores":null,"borda":null,"valor_unitario":"2.000000","status":null,"hora":"00:47:28","foto_produto":"17-01-2024-18-07-07-7898216250059.jpg"}],"hora":"2025-07-04 00:47:33"}
[SESSION-LISTAR] {"session_id":"ld7jjrmhh3sahv4rfsvebgm3ut","sessao_usuario":"2025-07-04-00:44:04-1181","hora":"2025-07-04 00:47:33"}
[LISTAR-CARRINHO] {"sessao":"2025-07-04-00:44:04-1181","itens":1,"hora":"2025-07-04 00:47:33"}
[LISTAR-ENTRY] {"session_id":"ld7jjrmhh3sahv4rfsvebgm3ut","sessao_usuario":"2025-07-04-00:44:04-1181","hora":"2025-07-04 00:47:34"}
[LISTAR-RESULT] {"sessao":"2025-07-04-00:44:04-1181","result":[{"id":263,"sessao":"2025-07-04-00:44:04-1181","cliente":0,"produto":224,"quantidade":5,"total_item":"10.00","obs":"","pedido":0,"data":"2025-07-04","id_sabor":null,"categoria":null,"item":null,"variacao":null,"mesa":null,"nome_cliente":null,"nome_produto":"GUARA MIX","sabores":null,"borda":null,"valor_unitario":"2.000000","status":null,"hora":"00:47:28","foto_produto":"17-01-2024-18-07-07-7898216250059.jpg"}],"hora":"2025-07-04 00:47:34"}
[SESSION-LISTAR] {"session_id":"ld7jjrmhh3sahv4rfsvebgm3ut","sessao_usuario":"2025-07-04-00:44:04-1181","hora":"2025-07-04 00:47:34"}
[LISTAR-CARRINHO] {"sessao":"2025-07-04-00:44:04-1181","itens":1,"hora":"2025-07-04 00:47:34"}
[LISTAR-ENTRY] {"session_id":"ld7jjrmhh3sahv4rfsvebgm3ut","sessao_usuario":"2025-07-04-00:44:04-1181","hora":"2025-07-04 00:47:34"}
[LISTAR-RESULT] {"sessao":"2025-07-04-00:44:04-1181","result":[{"id":263,"sessao":"2025-07-04-00:44:04-1181","cliente":0,"produto":224,"quantidade":6,"total_item":"12.00","obs":"","pedido":0,"data":"2025-07-04","id_sabor":null,"categoria":null,"item":null,"variacao":null,"mesa":null,"nome_cliente":null,"nome_produto":"GUARA MIX","sabores":null,"borda":null,"valor_unitario":"2.000000","status":null,"hora":"00:47:28","foto_produto":"17-01-2024-18-07-07-7898216250059.jpg"}],"hora":"2025-07-04 00:47:34"}
[SESSION-LISTAR] {"session_id":"ld7jjrmhh3sahv4rfsvebgm3ut","sessao_usuario":"2025-07-04-00:44:04-1181","hora":"2025-07-04 00:47:34"}
[LISTAR-CARRINHO] {"sessao":"2025-07-04-00:44:04-1181","itens":1,"hora":"2025-07-04 00:47:34"}
[LISTAR-ENTRY] {"session_id":"ld7jjrmhh3sahv4rfsvebgm3ut","sessao_usuario":"2025-07-04-00:44:04-1181","hora":"2025-07-04 00:47:34"}
[LISTAR-RESULT] {"sessao":"2025-07-04-00:44:04-1181","result":[{"id":263,"sessao":"2025-07-04-00:44:04-1181","cliente":0,"produto":224,"quantidade":7,"total_item":"14.00","obs":"","pedido":0,"data":"2025-07-04","id_sabor":null,"categoria":null,"item":null,"variacao":null,"mesa":null,"nome_cliente":null,"nome_produto":"GUARA MIX","sabores":null,"borda":null,"valor_unitario":"2.000000","status":null,"hora":"00:47:28","foto_produto":"17-01-2024-18-07-07-7898216250059.jpg"}],"hora":"2025-07-04 00:47:34"}
[SESSION-LISTAR] {"session_id":"ld7jjrmhh3sahv4rfsvebgm3ut","sessao_usuario":"2025-07-04-00:44:04-1181","hora":"2025-07-04 00:47:34"}
[LISTAR-CARRINHO] {"sessao":"2025-07-04-00:44:04-1181","itens":1,"hora":"2025-07-04 00:47:34"}
[LISTAR-ENTRY] {"session_id":"ld7jjrmhh3sahv4rfsvebgm3ut","sessao_usuario":"2025-07-04-00:44:04-1181","hora":"2025-07-04 00:47:35"}
[LISTAR-RESULT] {"sessao":"2025-07-04-00:44:04-1181","result":[{"id":263,"sessao":"2025-07-04-00:44:04-1181","cliente":0,"produto":224,"quantidade":8,"total_item":"16.00","obs":"","pedido":0,"data":"2025-07-04","id_sabor":null,"categoria":null,"item":null,"variacao":null,"mesa":null,"nome_cliente":null,"nome_produto":"GUARA MIX","sabores":null,"borda":null,"valor_unitario":"2.000000","status":null,"hora":"00:47:28","foto_produto":"17-01-2024-18-07-07-7898216250059.jpg"}],"hora":"2025-07-04 00:47:35"}
[SESSION-LISTAR] {"session_id":"ld7jjrmhh3sahv4rfsvebgm3ut","sessao_usuario":"2025-07-04-00:44:04-1181","hora":"2025-07-04 00:47:35"}
[LISTAR-CARRINHO] {"sessao":"2025-07-04-00:44:04-1181","itens":1,"hora":"2025-07-04 00:47:35"}
[LISTAR-ENTRY] {"session_id":"ld7jjrmhh3sahv4rfsvebgm3ut","sessao_usuario":"2025-07-04-00:44:04-1181","hora":"2025-07-04 00:47:35"}
[LISTAR-RESULT] {"sessao":"2025-07-04-00:44:04-1181","result":[{"id":263,"sessao":"2025-07-04-00:44:04-1181","cliente":0,"produto":224,"quantidade":9,"total_item":"18.00","obs":"","pedido":0,"data":"2025-07-04","id_sabor":null,"categoria":null,"item":null,"variacao":null,"mesa":null,"nome_cliente":null,"nome_produto":"GUARA MIX","sabores":null,"borda":null,"valor_unitario":"2.000000","status":null,"hora":"00:47:28","foto_produto":"17-01-2024-18-07-07-7898216250059.jpg"}],"hora":"2025-07-04 00:47:35"}
[SESSION-LISTAR] {"session_id":"ld7jjrmhh3sahv4rfsvebgm3ut","sessao_usuario":"2025-07-04-00:44:04-1181","hora":"2025-07-04 00:47:35"}
[LISTAR-CARRINHO] {"sessao":"2025-07-04-00:44:04-1181","itens":1,"hora":"2025-07-04 00:47:35"}
[LISTAR-ENTRY] {"session_id":"ld7jjrmhh3sahv4rfsvebgm3ut","sessao_usuario":"2025-07-04-00:44:04-1181","hora":"2025-07-04 00:47:36"}
[LISTAR-RESULT] {"sessao":"2025-07-04-00:44:04-1181","result":[{"id":263,"sessao":"2025-07-04-00:44:04-1181","cliente":0,"produto":224,"quantidade":10,"total_item":"20.00","obs":"","pedido":0,"data":"2025-07-04","id_sabor":null,"categoria":null,"item":null,"variacao":null,"mesa":null,"nome_cliente":null,"nome_produto":"GUARA MIX","sabores":null,"borda":null,"valor_unitario":"2.000000","status":null,"hora":"00:47:28","foto_produto":"17-01-2024-18-07-07-7898216250059.jpg"}],"hora":"2025-07-04 00:47:36"}
[SESSION-LISTAR] {"session_id":"ld7jjrmhh3sahv4rfsvebgm3ut","sessao_usuario":"2025-07-04-00:44:04-1181","hora":"2025-07-04 00:47:36"}
[LISTAR-CARRINHO] {"sessao":"2025-07-04-00:44:04-1181","itens":1,"hora":"2025-07-04 00:47:36"}
[CARRINHO-TABELA] {"sessao":"2025-07-04-00:44:04-1181","carrinho":[{"id":264,"sessao":"2025-07-04-00:44:04-1181","cliente":0,"produto":212,"quantidade":1,"total_item":"10.00","obs":"","pedido":0,"data":"2025-07-04","id_sabor":null,"categoria":null,"item":null,"variacao":null,"mesa":null,"nome_cliente":null,"nome_produto":null,"sabores":null,"borda":null,"valor_unitario":"10.00","status":null,"hora":"00:47:54"},{"id":263,"sessao":"2025-07-04-00:44:04-1181","cliente":0,"produto":224,"quantidade":10,"total_item":"20.00","obs":"","pedido":0,"data":"2025-07-04","id_sabor":null,"categoria":null,"item":null,"variacao":null,"mesa":null,"nome_cliente":null,"nome_produto":null,"sabores":null,"borda":null,"valor_unitario":"2.00","status":null,"hora":"00:47:28"}],"hora":"2025-07-04 00:47:54"}
[ADD-CARRINHO] {"sessao":"2025-07-04-00:44:04-1181","produto":212,"quantidade":1,"total_item":10,"hora":"2025-07-04 00:47:54"}
[SESSION-ADD] {"session_id":"ld7jjrmhh3sahv4rfsvebgm3ut","sessao_usuario":"2025-07-04-00:44:04-1181","hora":"2025-07-04 00:47:54"}
[LISTAR-ENTRY] {"session_id":"ld7jjrmhh3sahv4rfsvebgm3ut","sessao_usuario":"2025-07-04-00:44:04-1181","hora":"2025-07-04 00:47:54"}
[LISTAR-RESULT] {"sessao":"2025-07-04-00:44:04-1181","result":[{"id":264,"sessao":"2025-07-04-00:44:04-1181","cliente":0,"produto":212,"quantidade":1,"total_item":"10.00","obs":"","pedido":0,"data":"2025-07-04","id_sabor":null,"categoria":null,"item":null,"variacao":null,"mesa":null,"nome_cliente":null,"nome_produto":"CACHORRO QUENTE DE CARNE E FRANGO P","sabores":null,"borda":null,"valor_unitario":"10.000000","status":null,"hora":"00:47:54","foto_produto":"15-01-2024-13-52-03-WhatsApp-Image-2024-01-02-at-12.20.08.jpeg"},{"id":263,"sessao":"2025-07-04-00:44:04-1181","cliente":0,"produto":224,"quantidade":10,"total_item":"20.00","obs":"","pedido":0,"data":"2025-07-04","id_sabor":null,"categoria":null,"item":null,"variacao":null,"mesa":null,"nome_cliente":null,"nome_produto":"GUARA MIX","sabores":null,"borda":null,"valor_unitario":"2.000000","status":null,"hora":"00:47:28","foto_produto":"17-01-2024-18-07-07-7898216250059.jpg"}],"hora":"2025-07-04 00:47:54"}
[SESSION-LISTAR] {"session_id":"ld7jjrmhh3sahv4rfsvebgm3ut","sessao_usuario":"2025-07-04-00:44:04-1181","hora":"2025-07-04 00:47:54"}
[LISTAR-CARRINHO] {"sessao":"2025-07-04-00:44:04-1181","itens":2,"hora":"2025-07-04 00:47:54"}
[LISTAR-ENTRY] {"session_id":"ld7jjrmhh3sahv4rfsvebgm3ut","sessao_usuario":"2025-07-04-00:44:04-1181","hora":"2025-07-04 00:47:54"}
[LISTAR-RESULT] {"sessao":"2025-07-04-00:44:04-1181","result":[{"id":264,"sessao":"2025-07-04-00:44:04-1181","cliente":0,"produto":212,"quantidade":1,"total_item":"10.00","obs":"","pedido":0,"data":"2025-07-04","id_sabor":null,"categoria":null,"item":null,"variacao":null,"mesa":null,"nome_cliente":null,"nome_produto":"CACHORRO QUENTE DE CARNE E FRANGO P","sabores":null,"borda":null,"valor_unitario":"10.000000","status":null,"hora":"00:47:54","foto_produto":"15-01-2024-13-52-03-WhatsApp-Image-2024-01-02-at-12.20.08.jpeg"},{"id":263,"sessao":"2025-07-04-00:44:04-1181","cliente":0,"produto":224,"quantidade":10,"total_item":"20.00","obs":"","pedido":0,"data":"2025-07-04","id_sabor":null,"categoria":null,"item":null,"variacao":null,"mesa":null,"nome_cliente":null,"nome_produto":"GUARA MIX","sabores":null,"borda":null,"valor_unitario":"2.000000","status":null,"hora":"00:47:28","foto_produto":"17-01-2024-18-07-07-7898216250059.jpg"}],"hora":"2025-07-04 00:47:54"}
[SESSION-LISTAR] {"session_id":"ld7jjrmhh3sahv4rfsvebgm3ut","sessao_usuario":"2025-07-04-00:44:04-1181","hora":"2025-07-04 00:47:54"}
[LISTAR-CARRINHO] {"sessao":"2025-07-04-00:44:04-1181","itens":2,"hora":"2025-07-04 00:47:54"}
[LISTAR-ENTRY] {"session_id":"ld7jjrmhh3sahv4rfsvebgm3ut","sessao_usuario":"2025-07-04-00:44:04-1181","hora":"2025-07-04 00:47:54"}
[LISTAR-RESULT] {"sessao":"2025-07-04-00:44:04-1181","result":[{"id":264,"sessao":"2025-07-04-00:44:04-1181","cliente":0,"produto":212,"quantidade":1,"total_item":"10.00","obs":"","pedido":0,"data":"2025-07-04","id_sabor":null,"categoria":null,"item":null,"variacao":null,"mesa":null,"nome_cliente":null,"nome_produto":"CACHORRO QUENTE DE CARNE E FRANGO P","sabores":null,"borda":null,"valor_unitario":"10.000000","status":null,"hora":"00:47:54","foto_produto":"15-01-2024-13-52-03-WhatsApp-Image-2024-01-02-at-12.20.08.jpeg"},{"id":263,"sessao":"2025-07-04-00:44:04-1181","cliente":0,"produto":224,"quantidade":10,"total_item":"20.00","obs":"","pedido":0,"data":"2025-07-04","id_sabor":null,"categoria":null,"item":null,"variacao":null,"mesa":null,"nome_cliente":null,"nome_produto":"GUARA MIX","sabores":null,"borda":null,"valor_unitario":"2.000000","status":null,"hora":"00:47:28","foto_produto":"17-01-2024-18-07-07-7898216250059.jpg"}],"hora":"2025-07-04 00:47:54"}
[SESSION-LISTAR] {"session_id":"ld7jjrmhh3sahv4rfsvebgm3ut","sessao_usuario":"2025-07-04-00:44:04-1181","hora":"2025-07-04 00:47:54"}
[LISTAR-CARRINHO] {"sessao":"2025-07-04-00:44:04-1181","itens":2,"hora":"2025-07-04 00:47:54"}
[CARRINHO-TABELA] {"sessao":"2025-07-04-00:51:38-1216","carrinho":[{"id":265,"sessao":"2025-07-04-00:51:38-1216","cliente":0,"produto":36,"quantidade":1,"total_item":"12.00","obs":"","pedido":0,"data":"2025-07-04","id_sabor":null,"categoria":null,"item":null,"variacao":null,"mesa":null,"nome_cliente":null,"nome_produto":null,"sabores":null,"borda":null,"valor_unitario":"12.00","status":null,"hora":"00:51:49"}],"hora":"2025-07-04 00:51:49"}
[ADD-CARRINHO] {"sessao":"2025-07-04-00:51:38-1216","produto":36,"quantidade":1,"total_item":12,"hora":"2025-07-04 00:51:49"}
[SESSION-ADD] {"session_id":"ld7jjrmhh3sahv4rfsvebgm3ut","sessao_usuario":"2025-07-04-00:51:38-1216","hora":"2025-07-04 00:51:49"}
[LISTAR-ENTRY] {"session_id":"ld7jjrmhh3sahv4rfsvebgm3ut","sessao_usuario":"2025-07-04-00:51:38-1216","hora":"2025-07-04 00:51:49"}
[LISTAR-RESULT] {"sessao":"2025-07-04-00:51:38-1216","result":[{"id":265,"sessao":"2025-07-04-00:51:38-1216","cliente":0,"produto":36,"quantidade":1,"total_item":"12.00","obs":"","pedido":0,"data":"2025-07-04","id_sabor":null,"categoria":null,"item":null,"variacao":null,"mesa":null,"nome_cliente":null,"nome_produto":"X-FRANGO","sabores":null,"borda":null,"valor_unitario":"12.000000","status":null,"hora":"00:51:49","foto_produto":"23-12-2023-22-52-08-FRANGO.jpg"}],"hora":"2025-07-04 00:51:49"}
[SESSION-LISTAR] {"session_id":"ld7jjrmhh3sahv4rfsvebgm3ut","sessao_usuario":"2025-07-04-00:51:38-1216","hora":"2025-07-04 00:51:49"}
[LISTAR-CARRINHO] {"sessao":"2025-07-04-00:51:38-1216","itens":1,"hora":"2025-07-04 00:51:49"}
[LISTAR-ENTRY] {"session_id":"ld7jjrmhh3sahv4rfsvebgm3ut","sessao_usuario":"2025-07-04-00:51:38-1216","hora":"2025-07-04 00:51:49"}
[LISTAR-RESULT] {"sessao":"2025-07-04-00:51:38-1216","result":[{"id":265,"sessao":"2025-07-04-00:51:38-1216","cliente":0,"produto":36,"quantidade":1,"total_item":"12.00","obs":"","pedido":0,"data":"2025-07-04","id_sabor":null,"categoria":null,"item":null,"variacao":null,"mesa":null,"nome_cliente":null,"nome_produto":"X-FRANGO","sabores":null,"borda":null,"valor_unitario":"12.000000","status":null,"hora":"00:51:49","foto_produto":"23-12-2023-22-52-08-FRANGO.jpg"}],"hora":"2025-07-04 00:51:49"}
[SESSION-LISTAR] {"session_id":"ld7jjrmhh3sahv4rfsvebgm3ut","sessao_usuario":"2025-07-04-00:51:38-1216","hora":"2025-07-04 00:51:49"}
[LISTAR-CARRINHO] {"sessao":"2025-07-04-00:51:38-1216","itens":1,"hora":"2025-07-04 00:51:49"}
[LISTAR-ENTRY] {"session_id":"ld7jjrmhh3sahv4rfsvebgm3ut","sessao_usuario":"2025-07-04-00:51:38-1216","hora":"2025-07-04 00:51:49"}
[LISTAR-RESULT] {"sessao":"2025-07-04-00:51:38-1216","result":[{"id":265,"sessao":"2025-07-04-00:51:38-1216","cliente":0,"produto":36,"quantidade":1,"total_item":"12.00","obs":"","pedido":0,"data":"2025-07-04","id_sabor":null,"categoria":null,"item":null,"variacao":null,"mesa":null,"nome_cliente":null,"nome_produto":"X-FRANGO","sabores":null,"borda":null,"valor_unitario":"12.000000","status":null,"hora":"00:51:49","foto_produto":"23-12-2023-22-52-08-FRANGO.jpg"}],"hora":"2025-07-04 00:51:49"}
[SESSION-LISTAR] {"session_id":"ld7jjrmhh3sahv4rfsvebgm3ut","sessao_usuario":"2025-07-04-00:51:38-1216","hora":"2025-07-04 00:51:49"}
[LISTAR-CARRINHO] {"sessao":"2025-07-04-00:51:38-1216","itens":1,"hora":"2025-07-04 00:51:49"}
[CARRINHO-TABELA] {"sessao":"2025-07-04-00:51:38-1216","carrinho":[{"id":266,"sessao":"2025-07-04-00:51:38-1216","cliente":0,"produto":14,"quantidade":7,"total_item":"140.00","obs":"","pedido":0,"data":"2025-07-04","id_sabor":null,"categoria":null,"item":null,"variacao":null,"mesa":null,"nome_cliente":null,"nome_produto":null,"sabores":null,"borda":null,"valor_unitario":"20.00","status":null,"hora":"06:27:04"}],"hora":"2025-07-04 06:27:04"}
[ADD-CARRINHO] {"sessao":"2025-07-04-00:51:38-1216","produto":14,"quantidade":7,"total_item":140,"hora":"2025-07-04 06:27:04"}
[SESSION-ADD] {"session_id":"ld7jjrmhh3sahv4rfsvebgm3ut","sessao_usuario":"2025-07-04-00:51:38-1216","hora":"2025-07-04 06:27:04"}
[LISTAR-ENTRY] {"session_id":"ld7jjrmhh3sahv4rfsvebgm3ut","sessao_usuario":"2025-07-04-00:51:38-1216","hora":"2025-07-04 06:27:04"}
[LISTAR-RESULT] {"sessao":"2025-07-04-00:51:38-1216","result":[{"id":266,"sessao":"2025-07-04-00:51:38-1216","cliente":0,"produto":14,"quantidade":7,"total_item":"140.00","obs":"","pedido":0,"data":"2025-07-04","id_sabor":null,"categoria":null,"item":null,"variacao":null,"mesa":null,"nome_cliente":null,"nome_produto":"DRAG\u00c3O PICANHA","sabores":null,"borda":null,"valor_unitario":"20.000000","status":null,"hora":"06:27:04","foto_produto":"24-12-2023-14-23-40-ESPECIAL.jpg"}],"hora":"2025-07-04 06:27:04"}
[SESSION-LISTAR] {"session_id":"ld7jjrmhh3sahv4rfsvebgm3ut","sessao_usuario":"2025-07-04-00:51:38-1216","hora":"2025-07-04 06:27:04"}
[LISTAR-CARRINHO] {"sessao":"2025-07-04-00:51:38-1216","itens":1,"hora":"2025-07-04 06:27:04"}
[LISTAR-ENTRY] {"session_id":"ld7jjrmhh3sahv4rfsvebgm3ut","sessao_usuario":"2025-07-04-00:51:38-1216","hora":"2025-07-04 06:27:04"}
[LISTAR-RESULT] {"sessao":"2025-07-04-00:51:38-1216","result":[{"id":266,"sessao":"2025-07-04-00:51:38-1216","cliente":0,"produto":14,"quantidade":7,"total_item":"140.00","obs":"","pedido":0,"data":"2025-07-04","id_sabor":null,"categoria":null,"item":null,"variacao":null,"mesa":null,"nome_cliente":null,"nome_produto":"DRAG\u00c3O PICANHA","sabores":null,"borda":null,"valor_unitario":"20.000000","status":null,"hora":"06:27:04","foto_produto":"24-12-2023-14-23-40-ESPECIAL.jpg"}],"hora":"2025-07-04 06:27:04"}
[SESSION-LISTAR] {"session_id":"ld7jjrmhh3sahv4rfsvebgm3ut","sessao_usuario":"2025-07-04-00:51:38-1216","hora":"2025-07-04 06:27:04"}
[LISTAR-CARRINHO] {"sessao":"2025-07-04-00:51:38-1216","itens":1,"hora":"2025-07-04 06:27:04"}
[LISTAR-ENTRY] {"session_id":"ld7jjrmhh3sahv4rfsvebgm3ut","sessao_usuario":"2025-07-04-00:51:38-1216","hora":"2025-07-04 06:27:04"}
[LISTAR-RESULT] {"sessao":"2025-07-04-00:51:38-1216","result":[{"id":266,"sessao":"2025-07-04-00:51:38-1216","cliente":0,"produto":14,"quantidade":7,"total_item":"140.00","obs":"","pedido":0,"data":"2025-07-04","id_sabor":null,"categoria":null,"item":null,"variacao":null,"mesa":null,"nome_cliente":null,"nome_produto":"DRAG\u00c3O PICANHA","sabores":null,"borda":null,"valor_unitario":"20.000000","status":null,"hora":"06:27:04","foto_produto":"24-12-2023-14-23-40-ESPECIAL.jpg"}],"hora":"2025-07-04 06:27:04"}
[SESSION-LISTAR] {"session_id":"ld7jjrmhh3sahv4rfsvebgm3ut","sessao_usuario":"2025-07-04-00:51:38-1216","hora":"2025-07-04 06:27:04"}
[LISTAR-CARRINHO] {"sessao":"2025-07-04-00:51:38-1216","itens":1,"hora":"2025-07-04 06:27:04"}
[LISTAR-ENTRY] {"session_id":"ld7jjrmhh3sahv4rfsvebgm3ut","sessao_usuario":"2025-07-04-00:51:38-1216","hora":"2025-07-04 06:27:06"}
[LISTAR-RESULT] {"sessao":"2025-07-04-00:51:38-1216","result":[{"id":266,"sessao":"2025-07-04-00:51:38-1216","cliente":0,"produto":14,"quantidade":6,"total_item":"120.00","obs":"","pedido":0,"data":"2025-07-04","id_sabor":null,"categoria":null,"item":null,"variacao":null,"mesa":null,"nome_cliente":null,"nome_produto":"DRAG\u00c3O PICANHA","sabores":null,"borda":null,"valor_unitario":"20.000000","status":null,"hora":"06:27:04","foto_produto":"24-12-2023-14-23-40-ESPECIAL.jpg"}],"hora":"2025-07-04 06:27:06"}
[SESSION-LISTAR] {"session_id":"ld7jjrmhh3sahv4rfsvebgm3ut","sessao_usuario":"2025-07-04-00:51:38-1216","hora":"2025-07-04 06:27:06"}
[LISTAR-CARRINHO] {"sessao":"2025-07-04-00:51:38-1216","itens":1,"hora":"2025-07-04 06:27:06"}
[LISTAR-ENTRY] {"session_id":"ld7jjrmhh3sahv4rfsvebgm3ut","sessao_usuario":"2025-07-04-00:51:38-1216","hora":"2025-07-04 06:27:10"}
[LISTAR-RESULT] {"sessao":"2025-07-04-00:51:38-1216","result":[{"id":266,"sessao":"2025-07-04-00:51:38-1216","cliente":0,"produto":14,"quantidade":7,"total_item":"140.00","obs":"","pedido":0,"data":"2025-07-04","id_sabor":null,"categoria":null,"item":null,"variacao":null,"mesa":null,"nome_cliente":null,"nome_produto":"DRAG\u00c3O PICANHA","sabores":null,"borda":null,"valor_unitario":"20.000000","status":null,"hora":"06:27:04","foto_produto":"24-12-2023-14-23-40-ESPECIAL.jpg"}],"hora":"2025-07-04 06:27:10"}
[SESSION-LISTAR] {"session_id":"ld7jjrmhh3sahv4rfsvebgm3ut","sessao_usuario":"2025-07-04-00:51:38-1216","hora":"2025-07-04 06:27:10"}
[LISTAR-CARRINHO] {"sessao":"2025-07-04-00:51:38-1216","itens":1,"hora":"2025-07-04 06:27:10"}
[LISTAR-ENTRY] {"session_id":"ld7jjrmhh3sahv4rfsvebgm3ut","sessao_usuario":"2025-07-04-00:51:38-1216","hora":"2025-07-04 06:27:12"}
[LISTAR-RESULT] {"sessao":"2025-07-04-00:51:38-1216","result":[{"id":266,"sessao":"2025-07-04-00:51:38-1216","cliente":0,"produto":14,"quantidade":6,"total_item":"120.00","obs":"","pedido":0,"data":"2025-07-04","id_sabor":null,"categoria":null,"item":null,"variacao":null,"mesa":null,"nome_cliente":null,"nome_produto":"DRAG\u00c3O PICANHA","sabores":null,"borda":null,"valor_unitario":"20.000000","status":null,"hora":"06:27:04","foto_produto":"24-12-2023-14-23-40-ESPECIAL.jpg"}],"hora":"2025-07-04 06:27:12"}
[SESSION-LISTAR] {"session_id":"ld7jjrmhh3sahv4rfsvebgm3ut","sessao_usuario":"2025-07-04-00:51:38-1216","hora":"2025-07-04 06:27:12"}
[LISTAR-CARRINHO] {"sessao":"2025-07-04-00:51:38-1216","itens":1,"hora":"2025-07-04 06:27:12"}
[LISTAR-ENTRY] {"session_id":"ld7jjrmhh3sahv4rfsvebgm3ut","sessao_usuario":"2025-07-04-00:51:38-1216","hora":"2025-07-04 06:27:13"}
[LISTAR-RESULT] {"sessao":"2025-07-04-00:51:38-1216","result":[{"id":266,"sessao":"2025-07-04-00:51:38-1216","cliente":0,"produto":14,"quantidade":7,"total_item":"140.00","obs":"","pedido":0,"data":"2025-07-04","id_sabor":null,"categoria":null,"item":null,"variacao":null,"mesa":null,"nome_cliente":null,"nome_produto":"DRAG\u00c3O PICANHA","sabores":null,"borda":null,"valor_unitario":"20.000000","status":null,"hora":"06:27:04","foto_produto":"24-12-2023-14-23-40-ESPECIAL.jpg"}],"hora":"2025-07-04 06:27:13"}
[SESSION-LISTAR] {"session_id":"ld7jjrmhh3sahv4rfsvebgm3ut","sessao_usuario":"2025-07-04-00:51:38-1216","hora":"2025-07-04 06:27:13"}
[LISTAR-CARRINHO] {"sessao":"2025-07-04-00:51:38-1216","itens":1,"hora":"2025-07-04 06:27:13"}
[LISTAR-ENTRY] {"session_id":"ld7jjrmhh3sahv4rfsvebgm3ut","sessao_usuario":"2025-07-04-00:51:38-1216","hora":"2025-07-04 06:27:14"}
[LISTAR-RESULT] {"sessao":"2025-07-04-00:51:38-1216","result":[{"id":266,"sessao":"2025-07-04-00:51:38-1216","cliente":0,"produto":14,"quantidade":6,"total_item":"120.00","obs":"","pedido":0,"data":"2025-07-04","id_sabor":null,"categoria":null,"item":null,"variacao":null,"mesa":null,"nome_cliente":null,"nome_produto":"DRAG\u00c3O PICANHA","sabores":null,"borda":null,"valor_unitario":"20.000000","status":null,"hora":"06:27:04","foto_produto":"24-12-2023-14-23-40-ESPECIAL.jpg"}],"hora":"2025-07-04 06:27:14"}
[SESSION-LISTAR] {"session_id":"ld7jjrmhh3sahv4rfsvebgm3ut","sessao_usuario":"2025-07-04-00:51:38-1216","hora":"2025-07-04 06:27:14"}
[LISTAR-CARRINHO] {"sessao":"2025-07-04-00:51:38-1216","itens":1,"hora":"2025-07-04 06:27:14"}
[LISTAR-ENTRY] {"session_id":"ld7jjrmhh3sahv4rfsvebgm3ut","sessao_usuario":"2025-07-04-00:51:38-1216","hora":"2025-07-04 06:27:14"}
[LISTAR-RESULT] {"sessao":"2025-07-04-00:51:38-1216","result":[{"id":266,"sessao":"2025-07-04-00:51:38-1216","cliente":0,"produto":14,"quantidade":5,"total_item":"100.00","obs":"","pedido":0,"data":"2025-07-04","id_sabor":null,"categoria":null,"item":null,"variacao":null,"mesa":null,"nome_cliente":null,"nome_produto":"DRAG\u00c3O PICANHA","sabores":null,"borda":null,"valor_unitario":"20.000000","status":null,"hora":"06:27:04","foto_produto":"24-12-2023-14-23-40-ESPECIAL.jpg"}],"hora":"2025-07-04 06:27:14"}
[SESSION-LISTAR] {"session_id":"ld7jjrmhh3sahv4rfsvebgm3ut","sessao_usuario":"2025-07-04-00:51:38-1216","hora":"2025-07-04 06:27:14"}
[LISTAR-CARRINHO] {"sessao":"2025-07-04-00:51:38-1216","itens":1,"hora":"2025-07-04 06:27:14"}
[LISTAR-ENTRY] {"session_id":"ld7jjrmhh3sahv4rfsvebgm3ut","sessao_usuario":"2025-07-04-00:51:38-1216","hora":"2025-07-04 06:27:15"}
[LISTAR-RESULT] {"sessao":"2025-07-04-00:51:38-1216","result":[{"id":266,"sessao":"2025-07-04-00:51:38-1216","cliente":0,"produto":14,"quantidade":6,"total_item":"120.00","obs":"","pedido":0,"data":"2025-07-04","id_sabor":null,"categoria":null,"item":null,"variacao":null,"mesa":null,"nome_cliente":null,"nome_produto":"DRAG\u00c3O PICANHA","sabores":null,"borda":null,"valor_unitario":"20.000000","status":null,"hora":"06:27:04","foto_produto":"24-12-2023-14-23-40-ESPECIAL.jpg"}],"hora":"2025-07-04 06:27:15"}
[SESSION-LISTAR] {"session_id":"ld7jjrmhh3sahv4rfsvebgm3ut","sessao_usuario":"2025-07-04-00:51:38-1216","hora":"2025-07-04 06:27:15"}
[LISTAR-CARRINHO] {"sessao":"2025-07-04-00:51:38-1216","itens":1,"hora":"2025-07-04 06:27:15"}
[LISTAR-ENTRY] {"session_id":"ld7jjrmhh3sahv4rfsvebgm3ut","sessao_usuario":"2025-07-04-00:51:38-1216","hora":"2025-07-04 06:27:15"}
[LISTAR-RESULT] {"sessao":"2025-07-04-00:51:38-1216","result":[{"id":266,"sessao":"2025-07-04-00:51:38-1216","cliente":0,"produto":14,"quantidade":7,"total_item":"140.00","obs":"","pedido":0,"data":"2025-07-04","id_sabor":null,"categoria":null,"item":null,"variacao":null,"mesa":null,"nome_cliente":null,"nome_produto":"DRAG\u00c3O PICANHA","sabores":null,"borda":null,"valor_unitario":"20.000000","status":null,"hora":"06:27:04","foto_produto":"24-12-2023-14-23-40-ESPECIAL.jpg"}],"hora":"2025-07-04 06:27:15"}
[SESSION-LISTAR] {"session_id":"ld7jjrmhh3sahv4rfsvebgm3ut","sessao_usuario":"2025-07-04-00:51:38-1216","hora":"2025-07-04 06:27:15"}
[LISTAR-CARRINHO] {"sessao":"2025-07-04-00:51:38-1216","itens":1,"hora":"2025-07-04 06:27:15"}
[LISTAR-ENTRY] {"session_id":"ld7jjrmhh3sahv4rfsvebgm3ut","sessao_usuario":"2025-07-04-00:51:38-1216","hora":"2025-07-04 06:27:24"}
[LISTAR-RESULT] {"sessao":"2025-07-04-00:51:38-1216","result":[{"id":266,"sessao":"2025-07-04-00:51:38-1216","cliente":0,"produto":14,"quantidade":7,"total_item":"140.00","obs":"","pedido":0,"data":"2025-07-04","id_sabor":null,"categoria":null,"item":null,"variacao":null,"mesa":null,"nome_cliente":null,"nome_produto":"DRAG\u00c3O PICANHA","sabores":null,"borda":null,"valor_unitario":"20.000000","status":null,"hora":"06:27:04","foto_produto":"24-12-2023-14-23-40-ESPECIAL.jpg"}],"hora":"2025-07-04 06:27:24"}
[SESSION-LISTAR] {"session_id":"ld7jjrmhh3sahv4rfsvebgm3ut","sessao_usuario":"2025-07-04-00:51:38-1216","hora":"2025-07-04 06:27:24"}
[LISTAR-CARRINHO] {"sessao":"2025-07-04-00:51:38-1216","itens":1,"hora":"2025-07-04 06:27:24"}
[LISTAR-ENTRY] {"session_id":"ld7jjrmhh3sahv4rfsvebgm3ut","sessao_usuario":"2025-07-04-00:51:38-1216","hora":"2025-07-04 06:27:24"}
[LISTAR-RESULT] {"sessao":"2025-07-04-00:51:38-1216","result":[{"id":266,"sessao":"2025-07-04-00:51:38-1216","cliente":0,"produto":14,"quantidade":7,"total_item":"140.00","obs":"","pedido":0,"data":"2025-07-04","id_sabor":null,"categoria":null,"item":null,"variacao":null,"mesa":null,"nome_cliente":null,"nome_produto":"DRAG\u00c3O PICANHA","sabores":null,"borda":null,"valor_unitario":"20.000000","status":null,"hora":"06:27:04","foto_produto":"24-12-2023-14-23-40-ESPECIAL.jpg"}],"hora":"2025-07-04 06:27:24"}
[SESSION-LISTAR] {"session_id":"ld7jjrmhh3sahv4rfsvebgm3ut","sessao_usuario":"2025-07-04-00:51:38-1216","hora":"2025-07-04 06:27:24"}
[LISTAR-CARRINHO] {"sessao":"2025-07-04-00:51:38-1216","itens":1,"hora":"2025-07-04 06:27:24"}
[LISTAR-ENTRY] {"session_id":"ld7jjrmhh3sahv4rfsvebgm3ut","sessao_usuario":"2025-07-04-00:51:38-1216","hora":"2025-07-04 06:27:24"}
[LISTAR-RESULT] {"sessao":"2025-07-04-00:51:38-1216","result":[{"id":266,"sessao":"2025-07-04-00:51:38-1216","cliente":0,"produto":14,"quantidade":7,"total_item":"140.00","obs":"","pedido":0,"data":"2025-07-04","id_sabor":null,"categoria":null,"item":null,"variacao":null,"mesa":null,"nome_cliente":null,"nome_produto":"DRAG\u00c3O PICANHA","sabores":null,"borda":null,"valor_unitario":"20.000000","status":null,"hora":"06:27:04","foto_produto":"24-12-2023-14-23-40-ESPECIAL.jpg"}],"hora":"2025-07-04 06:27:24"}
[SESSION-LISTAR] {"session_id":"ld7jjrmhh3sahv4rfsvebgm3ut","sessao_usuario":"2025-07-04-00:51:38-1216","hora":"2025-07-04 06:27:24"}
[LISTAR-CARRINHO] {"sessao":"2025-07-04-00:51:38-1216","itens":1,"hora":"2025-07-04 06:27:24"}
[LISTAR-ENTRY] {"session_id":"ld7jjrmhh3sahv4rfsvebgm3ut","sessao_usuario":"2025-07-04-00:51:38-1216","hora":"2025-07-04 06:27:39"}
[LISTAR-RESULT] {"sessao":"2025-07-04-00:51:38-1216","result":[],"hora":"2025-07-04 06:27:39"}
[CARRINHO-TABELA] {"sessao":"2025-07-04-00:51:38-1216","carrinho":[{"id":267,"sessao":"2025-07-04-00:51:38-1216","cliente":0,"produto":224,"quantidade":1,"total_item":"2.00","obs":"","pedido":0,"data":"2025-07-04","id_sabor":null,"categoria":null,"item":null,"variacao":null,"mesa":null,"nome_cliente":null,"nome_produto":null,"sabores":null,"borda":null,"valor_unitario":"2.00","status":null,"hora":"06:28:52"}],"hora":"2025-07-04 06:28:54"}
[ADD-CARRINHO] {"sessao":"2025-07-04-00:51:38-1216","produto":224,"quantidade":1,"total_item":2,"hora":"2025-07-04 06:28:54"}
[SESSION-ADD] {"session_id":"ld7jjrmhh3sahv4rfsvebgm3ut","sessao_usuario":"2025-07-04-00:51:38-1216","hora":"2025-07-04 06:28:54"}
[LISTAR-ENTRY] {"session_id":"ld7jjrmhh3sahv4rfsvebgm3ut","sessao_usuario":"2025-07-04-00:51:38-1216","hora":"2025-07-04 06:28:54"}
[LISTAR-RESULT] {"sessao":"2025-07-04-00:51:38-1216","result":[{"id":267,"sessao":"2025-07-04-00:51:38-1216","cliente":0,"produto":224,"quantidade":1,"total_item":"2.00","obs":"","pedido":0,"data":"2025-07-04","id_sabor":null,"categoria":null,"item":null,"variacao":null,"mesa":null,"nome_cliente":null,"nome_produto":"GUARA MIX","sabores":null,"borda":null,"valor_unitario":"2.000000","status":null,"hora":"06:28:52","foto_produto":"17-01-2024-18-07-07-7898216250059.jpg"}],"hora":"2025-07-04 06:28:54"}
[SESSION-LISTAR] {"session_id":"ld7jjrmhh3sahv4rfsvebgm3ut","sessao_usuario":"2025-07-04-00:51:38-1216","hora":"2025-07-04 06:28:54"}
[LISTAR-CARRINHO] {"sessao":"2025-07-04-00:51:38-1216","itens":1,"hora":"2025-07-04 06:28:54"}
[LISTAR-ENTRY] {"session_id":"ld7jjrmhh3sahv4rfsvebgm3ut","sessao_usuario":"2025-07-04-00:51:38-1216","hora":"2025-07-04 06:28:54"}
[LISTAR-RESULT] {"sessao":"2025-07-04-00:51:38-1216","result":[{"id":267,"sessao":"2025-07-04-00:51:38-1216","cliente":0,"produto":224,"quantidade":1,"total_item":"2.00","obs":"","pedido":0,"data":"2025-07-04","id_sabor":null,"categoria":null,"item":null,"variacao":null,"mesa":null,"nome_cliente":null,"nome_produto":"GUARA MIX","sabores":null,"borda":null,"valor_unitario":"2.000000","status":null,"hora":"06:28:52","foto_produto":"17-01-2024-18-07-07-7898216250059.jpg"}],"hora":"2025-07-04 06:28:54"}
[SESSION-LISTAR] {"session_id":"ld7jjrmhh3sahv4rfsvebgm3ut","sessao_usuario":"2025-07-04-00:51:38-1216","hora":"2025-07-04 06:28:54"}
[LISTAR-CARRINHO] {"sessao":"2025-07-04-00:51:38-1216","itens":1,"hora":"2025-07-04 06:28:54"}
[LISTAR-ENTRY] {"session_id":"ld7jjrmhh3sahv4rfsvebgm3ut","sessao_usuario":"2025-07-04-00:51:38-1216","hora":"2025-07-04 06:28:54"}
[LISTAR-RESULT] {"sessao":"2025-07-04-00:51:38-1216","result":[{"id":267,"sessao":"2025-07-04-00:51:38-1216","cliente":0,"produto":224,"quantidade":1,"total_item":"2.00","obs":"","pedido":0,"data":"2025-07-04","id_sabor":null,"categoria":null,"item":null,"variacao":null,"mesa":null,"nome_cliente":null,"nome_produto":"GUARA MIX","sabores":null,"borda":null,"valor_unitario":"2.000000","status":null,"hora":"06:28:52","foto_produto":"17-01-2024-18-07-07-7898216250059.jpg"}],"hora":"2025-07-04 06:28:54"}
[SESSION-LISTAR] {"session_id":"ld7jjrmhh3sahv4rfsvebgm3ut","sessao_usuario":"2025-07-04-00:51:38-1216","hora":"2025-07-04 06:28:54"}
[LISTAR-CARRINHO] {"sessao":"2025-07-04-00:51:38-1216","itens":1,"hora":"2025-07-04 06:28:54"}
[CARRINHO-TABELA] {"sessao":"2025-07-04-00:51:38-1216","carrinho":[{"id":268,"sessao":"2025-07-04-00:51:38-1216","cliente":0,"produto":224,"quantidade":5,"total_item":"10.00","obs":"","pedido":0,"data":"2025-07-04","id_sabor":null,"categoria":null,"item":null,"variacao":null,"mesa":null,"nome_cliente":null,"nome_produto":null,"sabores":null,"borda":null,"valor_unitario":"2.00","status":null,"hora":"06:29:03"},{"id":267,"sessao":"2025-07-04-00:51:38-1216","cliente":0,"produto":224,"quantidade":1,"total_item":"2.00","obs":"","pedido":0,"data":"2025-07-04","id_sabor":null,"categoria":null,"item":null,"variacao":null,"mesa":null,"nome_cliente":null,"nome_produto":null,"sabores":null,"borda":null,"valor_unitario":"2.00","status":null,"hora":"06:28:52"}],"hora":"2025-07-04 06:29:03"}
[ADD-CARRINHO] {"sessao":"2025-07-04-00:51:38-1216","produto":224,"quantidade":5,"total_item":10,"hora":"2025-07-04 06:29:03"}
[SESSION-ADD] {"session_id":"ld7jjrmhh3sahv4rfsvebgm3ut","sessao_usuario":"2025-07-04-00:51:38-1216","hora":"2025-07-04 06:29:03"}
[LISTAR-ENTRY] {"session_id":"ld7jjrmhh3sahv4rfsvebgm3ut","sessao_usuario":"2025-07-04-00:51:38-1216","hora":"2025-07-04 06:29:03"}
[LISTAR-RESULT] {"sessao":"2025-07-04-00:51:38-1216","result":[{"id":268,"sessao":"2025-07-04-00:51:38-1216","cliente":0,"produto":224,"quantidade":5,"total_item":"10.00","obs":"","pedido":0,"data":"2025-07-04","id_sabor":null,"categoria":null,"item":null,"variacao":null,"mesa":null,"nome_cliente":null,"nome_produto":"GUARA MIX","sabores":null,"borda":null,"valor_unitario":"2.000000","status":null,"hora":"06:29:03","foto_produto":"17-01-2024-18-07-07-7898216250059.jpg"},{"id":267,"sessao":"2025-07-04-00:51:38-1216","cliente":0,"produto":224,"quantidade":1,"total_item":"2.00","obs":"","pedido":0,"data":"2025-07-04","id_sabor":null,"categoria":null,"item":null,"variacao":null,"mesa":null,"nome_cliente":null,"nome_produto":"GUARA MIX","sabores":null,"borda":null,"valor_unitario":"2.000000","status":null,"hora":"06:28:52","foto_produto":"17-01-2024-18-07-07-7898216250059.jpg"}],"hora":"2025-07-04 06:29:03"}
[SESSION-LISTAR] {"session_id":"ld7jjrmhh3sahv4rfsvebgm3ut","sessao_usuario":"2025-07-04-00:51:38-1216","hora":"2025-07-04 06:29:03"}
[LISTAR-CARRINHO] {"sessao":"2025-07-04-00:51:38-1216","itens":2,"hora":"2025-07-04 06:29:03"}
[LISTAR-ENTRY] {"session_id":"ld7jjrmhh3sahv4rfsvebgm3ut","sessao_usuario":"2025-07-04-00:51:38-1216","hora":"2025-07-04 06:29:03"}
[LISTAR-RESULT] {"sessao":"2025-07-04-00:51:38-1216","result":[{"id":268,"sessao":"2025-07-04-00:51:38-1216","cliente":0,"produto":224,"quantidade":5,"total_item":"10.00","obs":"","pedido":0,"data":"2025-07-04","id_sabor":null,"categoria":null,"item":null,"variacao":null,"mesa":null,"nome_cliente":null,"nome_produto":"GUARA MIX","sabores":null,"borda":null,"valor_unitario":"2.000000","status":null,"hora":"06:29:03","foto_produto":"17-01-2024-18-07-07-7898216250059.jpg"},{"id":267,"sessao":"2025-07-04-00:51:38-1216","cliente":0,"produto":224,"quantidade":1,"total_item":"2.00","obs":"","pedido":0,"data":"2025-07-04","id_sabor":null,"categoria":null,"item":null,"variacao":null,"mesa":null,"nome_cliente":null,"nome_produto":"GUARA MIX","sabores":null,"borda":null,"valor_unitario":"2.000000","status":null,"hora":"06:28:52","foto_produto":"17-01-2024-18-07-07-7898216250059.jpg"}],"hora":"2025-07-04 06:29:03"}
[SESSION-LISTAR] {"session_id":"ld7jjrmhh3sahv4rfsvebgm3ut","sessao_usuario":"2025-07-04-00:51:38-1216","hora":"2025-07-04 06:29:03"}
[LISTAR-CARRINHO] {"sessao":"2025-07-04-00:51:38-1216","itens":2,"hora":"2025-07-04 06:29:03"}
[LISTAR-ENTRY] {"session_id":"ld7jjrmhh3sahv4rfsvebgm3ut","sessao_usuario":"2025-07-04-00:51:38-1216","hora":"2025-07-04 06:29:03"}
[LISTAR-RESULT] {"sessao":"2025-07-04-00:51:38-1216","result":[{"id":268,"sessao":"2025-07-04-00:51:38-1216","cliente":0,"produto":224,"quantidade":5,"total_item":"10.00","obs":"","pedido":0,"data":"2025-07-04","id_sabor":null,"categoria":null,"item":null,"variacao":null,"mesa":null,"nome_cliente":null,"nome_produto":"GUARA MIX","sabores":null,"borda":null,"valor_unitario":"2.000000","status":null,"hora":"06:29:03","foto_produto":"17-01-2024-18-07-07-7898216250059.jpg"},{"id":267,"sessao":"2025-07-04-00:51:38-1216","cliente":0,"produto":224,"quantidade":1,"total_item":"2.00","obs":"","pedido":0,"data":"2025-07-04","id_sabor":null,"categoria":null,"item":null,"variacao":null,"mesa":null,"nome_cliente":null,"nome_produto":"GUARA MIX","sabores":null,"borda":null,"valor_unitario":"2.000000","status":null,"hora":"06:28:52","foto_produto":"17-01-2024-18-07-07-7898216250059.jpg"}],"hora":"2025-07-04 06:29:03"}
[SESSION-LISTAR] {"session_id":"ld7jjrmhh3sahv4rfsvebgm3ut","sessao_usuario":"2025-07-04-00:51:38-1216","hora":"2025-07-04 06:29:03"}
[LISTAR-CARRINHO] {"sessao":"2025-07-04-00:51:38-1216","itens":2,"hora":"2025-07-04 06:29:03"}
[LISTAR-ENTRY] {"session_id":"ld7jjrmhh3sahv4rfsvebgm3ut","sessao_usuario":"2025-07-04-00:51:38-1216","hora":"2025-07-04 06:29:17"}
[LISTAR-RESULT] {"sessao":"2025-07-04-00:51:38-1216","result":[{"id":268,"sessao":"2025-07-04-00:51:38-1216","cliente":0,"produto":224,"quantidade":5,"total_item":"10.00","obs":"","pedido":0,"data":"2025-07-04","id_sabor":null,"categoria":null,"item":null,"variacao":null,"mesa":null,"nome_cliente":null,"nome_produto":"GUARA MIX","sabores":null,"borda":null,"valor_unitario":"2.000000","status":null,"hora":"06:29:03","foto_produto":"17-01-2024-18-07-07-7898216250059.jpg"},{"id":267,"sessao":"2025-07-04-00:51:38-1216","cliente":0,"produto":224,"quantidade":1,"total_item":"2.00","obs":"","pedido":0,"data":"2025-07-04","id_sabor":null,"categoria":null,"item":null,"variacao":null,"mesa":null,"nome_cliente":null,"nome_produto":"GUARA MIX","sabores":null,"borda":null,"valor_unitario":"2.000000","status":null,"hora":"06:28:52","foto_produto":"17-01-2024-18-07-07-7898216250059.jpg"}],"hora":"2025-07-04 06:29:17"}
[SESSION-LISTAR] {"session_id":"ld7jjrmhh3sahv4rfsvebgm3ut","sessao_usuario":"2025-07-04-00:51:38-1216","hora":"2025-07-04 06:29:17"}
[LISTAR-CARRINHO] {"sessao":"2025-07-04-00:51:38-1216","itens":2,"hora":"2025-07-04 06:29:17"}
[LISTAR-ENTRY] {"session_id":"ld7jjrmhh3sahv4rfsvebgm3ut","sessao_usuario":"2025-07-04-00:51:38-1216","hora":"2025-07-04 06:29:17"}
[LISTAR-RESULT] {"sessao":"2025-07-04-00:51:38-1216","result":[{"id":268,"sessao":"2025-07-04-00:51:38-1216","cliente":0,"produto":224,"quantidade":5,"total_item":"10.00","obs":"","pedido":0,"data":"2025-07-04","id_sabor":null,"categoria":null,"item":null,"variacao":null,"mesa":null,"nome_cliente":null,"nome_produto":"GUARA MIX","sabores":null,"borda":null,"valor_unitario":"2.000000","status":null,"hora":"06:29:03","foto_produto":"17-01-2024-18-07-07-7898216250059.jpg"},{"id":267,"sessao":"2025-07-04-00:51:38-1216","cliente":0,"produto":224,"quantidade":1,"total_item":"2.00","obs":"","pedido":0,"data":"2025-07-04","id_sabor":null,"categoria":null,"item":null,"variacao":null,"mesa":null,"nome_cliente":null,"nome_produto":"GUARA MIX","sabores":null,"borda":null,"valor_unitario":"2.000000","status":null,"hora":"06:28:52","foto_produto":"17-01-2024-18-07-07-7898216250059.jpg"}],"hora":"2025-07-04 06:29:17"}
[SESSION-LISTAR] {"session_id":"ld7jjrmhh3sahv4rfsvebgm3ut","sessao_usuario":"2025-07-04-00:51:38-1216","hora":"2025-07-04 06:29:17"}
[LISTAR-CARRINHO] {"sessao":"2025-07-04-00:51:38-1216","itens":2,"hora":"2025-07-04 06:29:17"}
[LISTAR-ENTRY] {"session_id":"ld7jjrmhh3sahv4rfsvebgm3ut","sessao_usuario":"2025-07-04-00:51:38-1216","hora":"2025-07-04 06:29:17"}
[LISTAR-RESULT] {"sessao":"2025-07-04-00:51:38-1216","result":[{"id":268,"sessao":"2025-07-04-00:51:38-1216","cliente":0,"produto":224,"quantidade":5,"total_item":"10.00","obs":"","pedido":0,"data":"2025-07-04","id_sabor":null,"categoria":null,"item":null,"variacao":null,"mesa":null,"nome_cliente":null,"nome_produto":"GUARA MIX","sabores":null,"borda":null,"valor_unitario":"2.000000","status":null,"hora":"06:29:03","foto_produto":"17-01-2024-18-07-07-7898216250059.jpg"},{"id":267,"sessao":"2025-07-04-00:51:38-1216","cliente":0,"produto":224,"quantidade":1,"total_item":"2.00","obs":"","pedido":0,"data":"2025-07-04","id_sabor":null,"categoria":null,"item":null,"variacao":null,"mesa":null,"nome_cliente":null,"nome_produto":"GUARA MIX","sabores":null,"borda":null,"valor_unitario":"2.000000","status":null,"hora":"06:28:52","foto_produto":"17-01-2024-18-07-07-7898216250059.jpg"}],"hora":"2025-07-04 06:29:17"}
[SESSION-LISTAR] {"session_id":"ld7jjrmhh3sahv4rfsvebgm3ut","sessao_usuario":"2025-07-04-00:51:38-1216","hora":"2025-07-04 06:29:17"}
[LISTAR-CARRINHO] {"sessao":"2025-07-04-00:51:38-1216","itens":2,"hora":"2025-07-04 06:29:17"}
[LISTAR-ENTRY] {"session_id":"ld7jjrmhh3sahv4rfsvebgm3ut","sessao_usuario":"2025-07-04-00:51:38-1216","hora":"2025-07-04 06:29:27"}
[LISTAR-RESULT] {"sessao":"2025-07-04-00:51:38-1216","result":[{"id":268,"sessao":"2025-07-04-00:51:38-1216","cliente":0,"produto":224,"quantidade":5,"total_item":"10.00","obs":"","pedido":0,"data":"2025-07-04","id_sabor":null,"categoria":null,"item":null,"variacao":null,"mesa":null,"nome_cliente":null,"nome_produto":"GUARA MIX","sabores":null,"borda":null,"valor_unitario":"2.000000","status":null,"hora":"06:29:03","foto_produto":"17-01-2024-18-07-07-7898216250059.jpg"},{"id":267,"sessao":"2025-07-04-00:51:38-1216","cliente":0,"produto":224,"quantidade":1,"total_item":"2.00","obs":"testeeee","pedido":0,"data":"2025-07-04","id_sabor":null,"categoria":null,"item":null,"variacao":null,"mesa":null,"nome_cliente":null,"nome_produto":"GUARA MIX","sabores":null,"borda":null,"valor_unitario":"2.000000","status":null,"hora":"06:28:52","foto_produto":"17-01-2024-18-07-07-7898216250059.jpg"}],"hora":"2025-07-04 06:29:27"}
[SESSION-LISTAR] {"session_id":"ld7jjrmhh3sahv4rfsvebgm3ut","sessao_usuario":"2025-07-04-00:51:38-1216","hora":"2025-07-04 06:29:27"}
[LISTAR-CARRINHO] {"sessao":"2025-07-04-00:51:38-1216","itens":2,"hora":"2025-07-04 06:29:27"}
[LISTAR-ENTRY] {"session_id":"ld7jjrmhh3sahv4rfsvebgm3ut","sessao_usuario":"2025-07-04-00:51:38-1216","hora":"2025-07-04 06:29:36"}
[LISTAR-RESULT] {"sessao":"2025-07-04-00:51:38-1216","result":[{"id":268,"sessao":"2025-07-04-00:51:38-1216","cliente":0,"produto":224,"quantidade":5,"total_item":"10.00","obs":"hello world!","pedido":0,"data":"2025-07-04","id_sabor":null,"categoria":null,"item":null,"variacao":null,"mesa":null,"nome_cliente":null,"nome_produto":"GUARA MIX","sabores":null,"borda":null,"valor_unitario":"2.000000","status":null,"hora":"06:29:03","foto_produto":"17-01-2024-18-07-07-7898216250059.jpg"},{"id":267,"sessao":"2025-07-04-00:51:38-1216","cliente":0,"produto":224,"quantidade":1,"total_item":"2.00","obs":"testeeee","pedido":0,"data":"2025-07-04","id_sabor":null,"categoria":null,"item":null,"variacao":null,"mesa":null,"nome_cliente":null,"nome_produto":"GUARA MIX","sabores":null,"borda":null,"valor_unitario":"2.000000","status":null,"hora":"06:28:52","foto_produto":"17-01-2024-18-07-07-7898216250059.jpg"}],"hora":"2025-07-04 06:29:36"}
[SESSION-LISTAR] {"session_id":"ld7jjrmhh3sahv4rfsvebgm3ut","sessao_usuario":"2025-07-04-00:51:38-1216","hora":"2025-07-04 06:29:36"}
[LISTAR-CARRINHO] {"sessao":"2025-07-04-00:51:38-1216","itens":2,"hora":"2025-07-04 06:29:36"}
[CARRINHO-TABELA] {"sessao":"2025-07-04-06:36:50-747","carrinho":[{"id":269,"sessao":"2025-07-04-06:36:50-747","cliente":0,"produto":16,"quantidade":1,"total_item":"18.00","obs":"","pedido":0,"data":"2025-07-04","id_sabor":null,"categoria":null,"item":null,"variacao":null,"mesa":null,"nome_cliente":null,"nome_produto":null,"sabores":null,"borda":null,"valor_unitario":"18.00","status":null,"hora":"06:45:59"}],"hora":"2025-07-04 06:45:59"}
[ADD-CARRINHO] {"sessao":"2025-07-04-06:36:50-747","produto":16,"quantidade":1,"total_item":18,"hora":"2025-07-04 06:45:59"}
[SESSION-ADD] {"session_id":"ld7jjrmhh3sahv4rfsvebgm3ut","sessao_usuario":"2025-07-04-06:36:50-747","hora":"2025-07-04 06:45:59"}
[LISTAR-ENTRY] {"session_id":"ld7jjrmhh3sahv4rfsvebgm3ut","sessao_usuario":"2025-07-04-06:36:50-747","hora":"2025-07-04 06:46:00"}
[LISTAR-RESULT] {"sessao":"2025-07-04-06:36:50-747","result":[{"id":269,"sessao":"2025-07-04-06:36:50-747","cliente":0,"produto":16,"quantidade":1,"total_item":"18.00","obs":"","pedido":0,"data":"2025-07-04","id_sabor":null,"categoria":null,"item":null,"variacao":null,"mesa":null,"nome_cliente":null,"nome_produto":"MIX DRAG\u00c3O","sabores":null,"borda":null,"valor_unitario":"18.000000","status":null,"hora":"06:45:59","foto_produto":"24-12-2023-14-22-47-ESPECIAL.jpg"}],"hora":"2025-07-04 06:46:00"}
[SESSION-LISTAR] {"session_id":"ld7jjrmhh3sahv4rfsvebgm3ut","sessao_usuario":"2025-07-04-06:36:50-747","hora":"2025-07-04 06:46:00"}
[LISTAR-CARRINHO] {"sessao":"2025-07-04-06:36:50-747","itens":1,"hora":"2025-07-04 06:46:00"}
[LISTAR-ENTRY] {"session_id":"ld7jjrmhh3sahv4rfsvebgm3ut","sessao_usuario":"2025-07-04-06:36:50-747","hora":"2025-07-04 06:46:00"}
[LISTAR-RESULT] {"sessao":"2025-07-04-06:36:50-747","result":[{"id":269,"sessao":"2025-07-04-06:36:50-747","cliente":0,"produto":16,"quantidade":1,"total_item":"18.00","obs":"","pedido":0,"data":"2025-07-04","id_sabor":null,"categoria":null,"item":null,"variacao":null,"mesa":null,"nome_cliente":null,"nome_produto":"MIX DRAG\u00c3O","sabores":null,"borda":null,"valor_unitario":"18.000000","status":null,"hora":"06:45:59","foto_produto":"24-12-2023-14-22-47-ESPECIAL.jpg"}],"hora":"2025-07-04 06:46:00"}
[SESSION-LISTAR] {"session_id":"ld7jjrmhh3sahv4rfsvebgm3ut","sessao_usuario":"2025-07-04-06:36:50-747","hora":"2025-07-04 06:46:00"}
[LISTAR-CARRINHO] {"sessao":"2025-07-04-06:36:50-747","itens":1,"hora":"2025-07-04 06:46:00"}
[LISTAR-ENTRY] {"session_id":"ld7jjrmhh3sahv4rfsvebgm3ut","sessao_usuario":"2025-07-04-06:36:50-747","hora":"2025-07-04 06:46:00"}
[LISTAR-RESULT] {"sessao":"2025-07-04-06:36:50-747","result":[{"id":269,"sessao":"2025-07-04-06:36:50-747","cliente":0,"produto":16,"quantidade":1,"total_item":"18.00","obs":"","pedido":0,"data":"2025-07-04","id_sabor":null,"categoria":null,"item":null,"variacao":null,"mesa":null,"nome_cliente":null,"nome_produto":"MIX DRAG\u00c3O","sabores":null,"borda":null,"valor_unitario":"18.000000","status":null,"hora":"06:45:59","foto_produto":"24-12-2023-14-22-47-ESPECIAL.jpg"}],"hora":"2025-07-04 06:46:00"}
[SESSION-LISTAR] {"session_id":"ld7jjrmhh3sahv4rfsvebgm3ut","sessao_usuario":"2025-07-04-06:36:50-747","hora":"2025-07-04 06:46:00"}
[LISTAR-CARRINHO] {"sessao":"2025-07-04-06:36:50-747","itens":1,"hora":"2025-07-04 06:46:00"}
[CARRINHO-TABELA] {"sessao":"2025-07-04-06:36:50-747","carrinho":[{"id":270,"sessao":"2025-07-04-06:36:50-747","cliente":0,"produto":100,"quantidade":2,"total_item":"36.00","obs":"","pedido":0,"data":"2025-07-04","id_sabor":null,"categoria":null,"item":null,"variacao":null,"mesa":null,"nome_cliente":null,"nome_produto":null,"sabores":null,"borda":null,"valor_unitario":"18.00","status":null,"hora":"07:37:14"}],"hora":"2025-07-04 07:37:14"}
[ADD-CARRINHO] {"sessao":"2025-07-04-06:36:50-747","produto":100,"quantidade":2,"total_item":36,"hora":"2025-07-04 07:37:14"}
[SESSION-ADD] {"session_id":"ld7jjrmhh3sahv4rfsvebgm3ut","sessao_usuario":"2025-07-04-06:36:50-747","hora":"2025-07-04 07:37:14"}
[LISTAR-ENTRY] {"session_id":"ld7jjrmhh3sahv4rfsvebgm3ut","sessao_usuario":"2025-07-04-06:36:50-747","hora":"2025-07-04 07:37:14"}
[LISTAR-RESULT] {"sessao":"2025-07-04-06:36:50-747","result":[{"id":270,"sessao":"2025-07-04-06:36:50-747","cliente":0,"produto":100,"quantidade":2,"total_item":"36.00","obs":"","pedido":0,"data":"2025-07-04","id_sabor":null,"categoria":null,"item":null,"variacao":null,"mesa":null,"nome_cliente":null,"nome_produto":"EGGS-BURGUER DE CARNEIRO","sabores":null,"borda":null,"valor_unitario":"18.000000","status":null,"hora":"07:37:14","foto_produto":"15-01-2024-09-42-12-WhatsApp-Image-2023-12-25-at-19.16.05-(5).jpeg"}],"hora":"2025-07-04 07:37:14"}
[SESSION-LISTAR] {"session_id":"ld7jjrmhh3sahv4rfsvebgm3ut","sessao_usuario":"2025-07-04-06:36:50-747","hora":"2025-07-04 07:37:14"}
[LISTAR-CARRINHO] {"sessao":"2025-07-04-06:36:50-747","itens":1,"hora":"2025-07-04 07:37:14"}
[LISTAR-ENTRY] {"session_id":"ld7jjrmhh3sahv4rfsvebgm3ut","sessao_usuario":"2025-07-04-06:36:50-747","hora":"2025-07-04 07:37:14"}
[LISTAR-RESULT] {"sessao":"2025-07-04-06:36:50-747","result":[{"id":270,"sessao":"2025-07-04-06:36:50-747","cliente":0,"produto":100,"quantidade":2,"total_item":"36.00","obs":"","pedido":0,"data":"2025-07-04","id_sabor":null,"categoria":null,"item":null,"variacao":null,"mesa":null,"nome_cliente":null,"nome_produto":"EGGS-BURGUER DE CARNEIRO","sabores":null,"borda":null,"valor_unitario":"18.000000","status":null,"hora":"07:37:14","foto_produto":"15-01-2024-09-42-12-WhatsApp-Image-2023-12-25-at-19.16.05-(5).jpeg"}],"hora":"2025-07-04 07:37:14"}
[SESSION-LISTAR] {"session_id":"ld7jjrmhh3sahv4rfsvebgm3ut","sessao_usuario":"2025-07-04-06:36:50-747","hora":"2025-07-04 07:37:14"}
[LISTAR-CARRINHO] {"sessao":"2025-07-04-06:36:50-747","itens":1,"hora":"2025-07-04 07:37:14"}
[LISTAR-ENTRY] {"session_id":"ld7jjrmhh3sahv4rfsvebgm3ut","sessao_usuario":"2025-07-04-06:36:50-747","hora":"2025-07-04 07:37:14"}
[LISTAR-RESULT] {"sessao":"2025-07-04-06:36:50-747","result":[{"id":270,"sessao":"2025-07-04-06:36:50-747","cliente":0,"produto":100,"quantidade":2,"total_item":"36.00","obs":"","pedido":0,"data":"2025-07-04","id_sabor":null,"categoria":null,"item":null,"variacao":null,"mesa":null,"nome_cliente":null,"nome_produto":"EGGS-BURGUER DE CARNEIRO","sabores":null,"borda":null,"valor_unitario":"18.000000","status":null,"hora":"07:37:14","foto_produto":"15-01-2024-09-42-12-WhatsApp-Image-2023-12-25-at-19.16.05-(5).jpeg"}],"hora":"2025-07-04 07:37:14"}
[SESSION-LISTAR] {"session_id":"ld7jjrmhh3sahv4rfsvebgm3ut","sessao_usuario":"2025-07-04-06:36:50-747","hora":"2025-07-04 07:37:14"}
[LISTAR-CARRINHO] {"sessao":"2025-07-04-06:36:50-747","itens":1,"hora":"2025-07-04 07:37:14"}
[LISTAR-ENTRY] {"session_id":"5o4vg8nkvrskllleumb6v3h5tp","sessao_usuario":null,"hora":"2025-07-08 11:32:16"}
[LISTAR-ENTRY] {"session_id":"5o4vg8nkvrskllleumb6v3h5tp","sessao_usuario":null,"hora":"2025-07-08 11:32:16"}
[LISTAR-ENTRY] {"session_id":"5o4vg8nkvrskllleumb6v3h5tp","sessao_usuario":null,"hora":"2025-07-08 11:32:16"}
[CARRINHO-TABELA] {"sessao":"2025-07-08-11:32:21-418","carrinho":[{"id":271,"sessao":"2025-07-08-11:32:21-418","cliente":0,"produto":211,"quantidade":3,"total_item":"30.00","obs":"","pedido":0,"data":"2025-07-08","id_sabor":null,"categoria":null,"item":null,"variacao":null,"mesa":null,"nome_cliente":null,"nome_produto":null,"sabores":null,"borda":null,"valor_unitario":"10.00","status":null,"hora":"12:35:10"}],"hora":"2025-07-08 12:35:10"}
[ADD-CARRINHO] {"sessao":"2025-07-08-11:32:21-418","produto":211,"quantidade":3,"total_item":30,"hora":"2025-07-08 12:35:10"}
[SESSION-ADD] {"session_id":"5o4vg8nkvrskllleumb6v3h5tp","sessao_usuario":"2025-07-08-11:32:21-418","hora":"2025-07-08 12:35:10"}
[LISTAR-ENTRY] {"session_id":"5o4vg8nkvrskllleumb6v3h5tp","sessao_usuario":"2025-07-08-11:32:21-418","hora":"2025-07-08 12:35:10"}
[LISTAR-RESULT] {"sessao":"2025-07-08-11:32:21-418","result":[{"id":271,"sessao":"2025-07-08-11:32:21-418","cliente":0,"produto":211,"quantidade":3,"total_item":"30.00","obs":"","pedido":0,"data":"2025-07-08","id_sabor":null,"categoria":null,"item":null,"variacao":null,"mesa":null,"nome_cliente":null,"nome_produto":"CACHORRO QUENTE DE CARNE G","sabores":null,"borda":null,"valor_unitario":"10.000000","status":null,"hora":"12:35:10","foto_produto":"15-01-2024-13-51-22-maxresdefault.jpg"}],"hora":"2025-07-08 12:35:10"}
[SESSION-LISTAR] {"session_id":"5o4vg8nkvrskllleumb6v3h5tp","sessao_usuario":"2025-07-08-11:32:21-418","hora":"2025-07-08 12:35:10"}
[LISTAR-CARRINHO] {"sessao":"2025-07-08-11:32:21-418","itens":1,"hora":"2025-07-08 12:35:10"}
[LISTAR-ENTRY] {"session_id":"5o4vg8nkvrskllleumb6v3h5tp","sessao_usuario":"2025-07-08-11:32:21-418","hora":"2025-07-08 12:35:10"}
[LISTAR-RESULT] {"sessao":"2025-07-08-11:32:21-418","result":[{"id":271,"sessao":"2025-07-08-11:32:21-418","cliente":0,"produto":211,"quantidade":3,"total_item":"30.00","obs":"","pedido":0,"data":"2025-07-08","id_sabor":null,"categoria":null,"item":null,"variacao":null,"mesa":null,"nome_cliente":null,"nome_produto":"CACHORRO QUENTE DE CARNE G","sabores":null,"borda":null,"valor_unitario":"10.000000","status":null,"hora":"12:35:10","foto_produto":"15-01-2024-13-51-22-maxresdefault.jpg"}],"hora":"2025-07-08 12:35:10"}
[SESSION-LISTAR] {"session_id":"5o4vg8nkvrskllleumb6v3h5tp","sessao_usuario":"2025-07-08-11:32:21-418","hora":"2025-07-08 12:35:10"}
[LISTAR-CARRINHO] {"sessao":"2025-07-08-11:32:21-418","itens":1,"hora":"2025-07-08 12:35:10"}
[LISTAR-ENTRY] {"session_id":"5o4vg8nkvrskllleumb6v3h5tp","sessao_usuario":"2025-07-08-11:32:21-418","hora":"2025-07-08 12:35:10"}
[LISTAR-RESULT] {"sessao":"2025-07-08-11:32:21-418","result":[{"id":271,"sessao":"2025-07-08-11:32:21-418","cliente":0,"produto":211,"quantidade":3,"total_item":"30.00","obs":"","pedido":0,"data":"2025-07-08","id_sabor":null,"categoria":null,"item":null,"variacao":null,"mesa":null,"nome_cliente":null,"nome_produto":"CACHORRO QUENTE DE CARNE G","sabores":null,"borda":null,"valor_unitario":"10.000000","status":null,"hora":"12:35:10","foto_produto":"15-01-2024-13-51-22-maxresdefault.jpg"}],"hora":"2025-07-08 12:35:10"}
[SESSION-LISTAR] {"session_id":"5o4vg8nkvrskllleumb6v3h5tp","sessao_usuario":"2025-07-08-11:32:21-418","hora":"2025-07-08 12:35:10"}
[LISTAR-CARRINHO] {"sessao":"2025-07-08-11:32:21-418","itens":1,"hora":"2025-07-08 12:35:10"}
[LISTAR-ENTRY] {"session_id":"5o4vg8nkvrskllleumb6v3h5tp","sessao_usuario":"2025-07-08-11:32:21-418","hora":"2025-07-08 12:35:15"}
[LISTAR-RESULT] {"sessao":"2025-07-08-11:32:21-418","result":[{"id":271,"sessao":"2025-07-08-11:32:21-418","cliente":0,"produto":211,"quantidade":4,"total_item":"40.00","obs":"","pedido":0,"data":"2025-07-08","id_sabor":null,"categoria":null,"item":null,"variacao":null,"mesa":null,"nome_cliente":null,"nome_produto":"CACHORRO QUENTE DE CARNE G","sabores":null,"borda":null,"valor_unitario":"10.000000","status":null,"hora":"12:35:10","foto_produto":"15-01-2024-13-51-22-maxresdefault.jpg"}],"hora":"2025-07-08 12:35:15"}
[SESSION-LISTAR] {"session_id":"5o4vg8nkvrskllleumb6v3h5tp","sessao_usuario":"2025-07-08-11:32:21-418","hora":"2025-07-08 12:35:15"}
[LISTAR-CARRINHO] {"sessao":"2025-07-08-11:32:21-418","itens":1,"hora":"2025-07-08 12:35:15"}
[CARRINHO-TABELA] {"sessao":"2025-07-08-11:32:21-418","carrinho":[{"id":272,"sessao":"2025-07-08-11:32:21-418","cliente":0,"produto":85,"quantidade":3,"total_item":"60.00","obs":"","pedido":0,"data":"2025-07-08","id_sabor":null,"categoria":null,"item":null,"variacao":null,"mesa":null,"nome_cliente":null,"nome_produto":null,"sabores":null,"borda":null,"valor_unitario":"20.00","status":null,"hora":"13:10:23"}],"hora":"2025-07-08 13:10:23"}
[ADD-CARRINHO] {"sessao":"2025-07-08-11:32:21-418","produto":85,"quantidade":3,"total_item":60,"hora":"2025-07-08 13:10:23"}
[SESSION-ADD] {"session_id":"5o4vg8nkvrskllleumb6v3h5tp","sessao_usuario":"2025-07-08-11:32:21-418","hora":"2025-07-08 13:10:23"}
[LISTAR-ENTRY] {"session_id":"5o4vg8nkvrskllleumb6v3h5tp","sessao_usuario":"2025-07-08-11:32:21-418","hora":"2025-07-08 13:10:24"}
[LISTAR-RESULT] {"sessao":"2025-07-08-11:32:21-418","result":[{"id":272,"sessao":"2025-07-08-11:32:21-418","cliente":0,"produto":85,"quantidade":3,"total_item":"60.00","obs":"","pedido":0,"data":"2025-07-08","id_sabor":null,"categoria":null,"item":null,"variacao":null,"mesa":null,"nome_cliente":null,"nome_produto":"DRAG\u00c3O CALABRESA","sabores":null,"borda":null,"valor_unitario":"20.000000","status":null,"hora":"13:10:23","foto_produto":"24-12-2023-14-20-41-ESPECIAL.jpg"}],"hora":"2025-07-08 13:10:24"}
[SESSION-LISTAR] {"session_id":"5o4vg8nkvrskllleumb6v3h5tp","sessao_usuario":"2025-07-08-11:32:21-418","hora":"2025-07-08 13:10:24"}
[LISTAR-CARRINHO] {"sessao":"2025-07-08-11:32:21-418","itens":1,"hora":"2025-07-08 13:10:24"}
[LISTAR-ENTRY] {"session_id":"5o4vg8nkvrskllleumb6v3h5tp","sessao_usuario":"2025-07-08-11:32:21-418","hora":"2025-07-08 13:10:24"}
[LISTAR-RESULT] {"sessao":"2025-07-08-11:32:21-418","result":[{"id":272,"sessao":"2025-07-08-11:32:21-418","cliente":0,"produto":85,"quantidade":3,"total_item":"60.00","obs":"","pedido":0,"data":"2025-07-08","id_sabor":null,"categoria":null,"item":null,"variacao":null,"mesa":null,"nome_cliente":null,"nome_produto":"DRAG\u00c3O CALABRESA","sabores":null,"borda":null,"valor_unitario":"20.000000","status":null,"hora":"13:10:23","foto_produto":"24-12-2023-14-20-41-ESPECIAL.jpg"}],"hora":"2025-07-08 13:10:24"}
[SESSION-LISTAR] {"session_id":"5o4vg8nkvrskllleumb6v3h5tp","sessao_usuario":"2025-07-08-11:32:21-418","hora":"2025-07-08 13:10:24"}
[LISTAR-CARRINHO] {"sessao":"2025-07-08-11:32:21-418","itens":1,"hora":"2025-07-08 13:10:24"}
[LISTAR-ENTRY] {"session_id":"5o4vg8nkvrskllleumb6v3h5tp","sessao_usuario":"2025-07-08-11:32:21-418","hora":"2025-07-08 13:10:24"}
[LISTAR-RESULT] {"sessao":"2025-07-08-11:32:21-418","result":[{"id":272,"sessao":"2025-07-08-11:32:21-418","cliente":0,"produto":85,"quantidade":3,"total_item":"60.00","obs":"","pedido":0,"data":"2025-07-08","id_sabor":null,"categoria":null,"item":null,"variacao":null,"mesa":null,"nome_cliente":null,"nome_produto":"DRAG\u00c3O CALABRESA","sabores":null,"borda":null,"valor_unitario":"20.000000","status":null,"hora":"13:10:23","foto_produto":"24-12-2023-14-20-41-ESPECIAL.jpg"}],"hora":"2025-07-08 13:10:24"}
[SESSION-LISTAR] {"session_id":"5o4vg8nkvrskllleumb6v3h5tp","sessao_usuario":"2025-07-08-11:32:21-418","hora":"2025-07-08 13:10:24"}
[LISTAR-CARRINHO] {"sessao":"2025-07-08-11:32:21-418","itens":1,"hora":"2025-07-08 13:10:24"}
[LISTAR-ENTRY] {"session_id":"5o4vg8nkvrskllleumb6v3h5tp","sessao_usuario":"2025-07-08-11:32:21-418","hora":"2025-07-08 13:10:26"}
[LISTAR-RESULT] {"sessao":"2025-07-08-11:32:21-418","result":[{"id":272,"sessao":"2025-07-08-11:32:21-418","cliente":0,"produto":85,"quantidade":4,"total_item":"80.00","obs":"","pedido":0,"data":"2025-07-08","id_sabor":null,"categoria":null,"item":null,"variacao":null,"mesa":null,"nome_cliente":null,"nome_produto":"DRAG\u00c3O CALABRESA","sabores":null,"borda":null,"valor_unitario":"20.000000","status":null,"hora":"13:10:23","foto_produto":"24-12-2023-14-20-41-ESPECIAL.jpg"}],"hora":"2025-07-08 13:10:26"}
[SESSION-LISTAR] {"session_id":"5o4vg8nkvrskllleumb6v3h5tp","sessao_usuario":"2025-07-08-11:32:21-418","hora":"2025-07-08 13:10:26"}
[LISTAR-CARRINHO] {"sessao":"2025-07-08-11:32:21-418","itens":1,"hora":"2025-07-08 13:10:26"}
[LISTAR-ENTRY] {"session_id":"5o4vg8nkvrskllleumb6v3h5tp","sessao_usuario":"2025-07-08-11:32:21-418","hora":"2025-07-08 13:10:34"}
[LISTAR-RESULT] {"sessao":"2025-07-08-11:32:21-418","result":[{"id":272,"sessao":"2025-07-08-11:32:21-418","cliente":0,"produto":85,"quantidade":5,"total_item":"100.00","obs":"","pedido":0,"data":"2025-07-08","id_sabor":null,"categoria":null,"item":null,"variacao":null,"mesa":null,"nome_cliente":null,"nome_produto":"DRAG\u00c3O CALABRESA","sabores":null,"borda":null,"valor_unitario":"20.000000","status":null,"hora":"13:10:23","foto_produto":"24-12-2023-14-20-41-ESPECIAL.jpg"}],"hora":"2025-07-08 13:10:34"}
[SESSION-LISTAR] {"session_id":"5o4vg8nkvrskllleumb6v3h5tp","sessao_usuario":"2025-07-08-11:32:21-418","hora":"2025-07-08 13:10:34"}
[LISTAR-CARRINHO] {"sessao":"2025-07-08-11:32:21-418","itens":1,"hora":"2025-07-08 13:10:34"}
[CARRINHO-TABELA] {"sessao":"2025-07-08-13:12:39-1498","carrinho":[{"id":273,"sessao":"2025-07-08-13:12:39-1498","cliente":0,"produto":224,"quantidade":7,"total_item":"14.00","obs":"","pedido":0,"data":"2025-07-08","id_sabor":null,"categoria":null,"item":null,"variacao":null,"mesa":null,"nome_cliente":null,"nome_produto":null,"sabores":null,"borda":null,"valor_unitario":"2.00","status":null,"hora":"13:12:44"}],"hora":"2025-07-08 13:12:44"}
[ADD-CARRINHO] {"sessao":"2025-07-08-13:12:39-1498","produto":224,"quantidade":7,"total_item":14,"hora":"2025-07-08 13:12:44"}
[SESSION-ADD] {"session_id":"5o4vg8nkvrskllleumb6v3h5tp","sessao_usuario":"2025-07-08-13:12:39-1498","hora":"2025-07-08 13:12:44"}
[LISTAR-ENTRY] {"session_id":"5o4vg8nkvrskllleumb6v3h5tp","sessao_usuario":"2025-07-08-13:12:39-1498","hora":"2025-07-08 13:12:44"}
[LISTAR-RESULT] {"sessao":"2025-07-08-13:12:39-1498","result":[{"id":273,"sessao":"2025-07-08-13:12:39-1498","cliente":0,"produto":224,"quantidade":7,"total_item":"14.00","obs":"","pedido":0,"data":"2025-07-08","id_sabor":null,"categoria":null,"item":null,"variacao":null,"mesa":null,"nome_cliente":null,"nome_produto":"GUARA MIX","sabores":null,"borda":null,"valor_unitario":"2.000000","status":null,"hora":"13:12:44","foto_produto":"17-01-2024-18-07-07-7898216250059.jpg"}],"hora":"2025-07-08 13:12:44"}
[SESSION-LISTAR] {"session_id":"5o4vg8nkvrskllleumb6v3h5tp","sessao_usuario":"2025-07-08-13:12:39-1498","hora":"2025-07-08 13:12:44"}
[LISTAR-CARRINHO] {"sessao":"2025-07-08-13:12:39-1498","itens":1,"hora":"2025-07-08 13:12:44"}
[LISTAR-ENTRY] {"session_id":"5o4vg8nkvrskllleumb6v3h5tp","sessao_usuario":"2025-07-08-13:12:39-1498","hora":"2025-07-08 13:12:44"}
[LISTAR-RESULT] {"sessao":"2025-07-08-13:12:39-1498","result":[{"id":273,"sessao":"2025-07-08-13:12:39-1498","cliente":0,"produto":224,"quantidade":7,"total_item":"14.00","obs":"","pedido":0,"data":"2025-07-08","id_sabor":null,"categoria":null,"item":null,"variacao":null,"mesa":null,"nome_cliente":null,"nome_produto":"GUARA MIX","sabores":null,"borda":null,"valor_unitario":"2.000000","status":null,"hora":"13:12:44","foto_produto":"17-01-2024-18-07-07-7898216250059.jpg"}],"hora":"2025-07-08 13:12:44"}
[SESSION-LISTAR] {"session_id":"5o4vg8nkvrskllleumb6v3h5tp","sessao_usuario":"2025-07-08-13:12:39-1498","hora":"2025-07-08 13:12:44"}
[LISTAR-CARRINHO] {"sessao":"2025-07-08-13:12:39-1498","itens":1,"hora":"2025-07-08 13:12:44"}
[LISTAR-ENTRY] {"session_id":"5o4vg8nkvrskllleumb6v3h5tp","sessao_usuario":"2025-07-08-13:12:39-1498","hora":"2025-07-08 13:12:44"}
[LISTAR-RESULT] {"sessao":"2025-07-08-13:12:39-1498","result":[{"id":273,"sessao":"2025-07-08-13:12:39-1498","cliente":0,"produto":224,"quantidade":7,"total_item":"14.00","obs":"","pedido":0,"data":"2025-07-08","id_sabor":null,"categoria":null,"item":null,"variacao":null,"mesa":null,"nome_cliente":null,"nome_produto":"GUARA MIX","sabores":null,"borda":null,"valor_unitario":"2.000000","status":null,"hora":"13:12:44","foto_produto":"17-01-2024-18-07-07-7898216250059.jpg"}],"hora":"2025-07-08 13:12:44"}
[SESSION-LISTAR] {"session_id":"5o4vg8nkvrskllleumb6v3h5tp","sessao_usuario":"2025-07-08-13:12:39-1498","hora":"2025-07-08 13:12:44"}
[LISTAR-CARRINHO] {"sessao":"2025-07-08-13:12:39-1498","itens":1,"hora":"2025-07-08 13:12:44"}
[CARRINHO-TABELA] {"sessao":"2025-07-08-13:12:39-1498","carrinho":[{"id":274,"sessao":"2025-07-08-13:12:39-1498","cliente":0,"produto":209,"quantidade":7,"total_item":"70.00","obs":"","pedido":0,"data":"2025-07-08","id_sabor":null,"categoria":null,"item":null,"variacao":null,"mesa":null,"nome_cliente":null,"nome_produto":null,"sabores":null,"borda":null,"valor_unitario":"10.00","status":null,"hora":"13:12:58"},{"id":273,"sessao":"2025-07-08-13:12:39-1498","cliente":0,"produto":224,"quantidade":7,"total_item":"14.00","obs":"","pedido":0,"data":"2025-07-08","id_sabor":null,"categoria":null,"item":null,"variacao":null,"mesa":null,"nome_cliente":null,"nome_produto":null,"sabores":null,"borda":null,"valor_unitario":"2.00","status":null,"hora":"13:12:44"}],"hora":"2025-07-08 13:12:58"}
[ADD-CARRINHO] {"sessao":"2025-07-08-13:12:39-1498","produto":209,"quantidade":7,"total_item":70,"hora":"2025-07-08 13:12:58"}
[SESSION-ADD] {"session_id":"5o4vg8nkvrskllleumb6v3h5tp","sessao_usuario":"2025-07-08-13:12:39-1498","hora":"2025-07-08 13:12:58"}
[LISTAR-ENTRY] {"session_id":"5o4vg8nkvrskllleumb6v3h5tp","sessao_usuario":"2025-07-08-13:12:39-1498","hora":"2025-07-08 13:12:58"}
[LISTAR-RESULT] {"sessao":"2025-07-08-13:12:39-1498","result":[{"id":274,"sessao":"2025-07-08-13:12:39-1498","cliente":0,"produto":209,"quantidade":7,"total_item":"70.00","obs":"","pedido":0,"data":"2025-07-08","id_sabor":null,"categoria":null,"item":null,"variacao":null,"mesa":null,"nome_cliente":null,"nome_produto":"CACHORRO QUENTE DE FRANGO G","sabores":null,"borda":null,"valor_unitario":"10.000000","status":null,"hora":"13:12:58","foto_produto":"15-01-2024-13-46-22-58d35df0a2812615168a92abb1f4ec2d.png"},{"id":273,"sessao":"2025-07-08-13:12:39-1498","cliente":0,"produto":224,"quantidade":7,"total_item":"14.00","obs":"","pedido":0,"data":"2025-07-08","id_sabor":null,"categoria":null,"item":null,"variacao":null,"mesa":null,"nome_cliente":null,"nome_produto":"GUARA MIX","sabores":null,"borda":null,"valor_unitario":"2.000000","status":null,"hora":"13:12:44","foto_produto":"17-01-2024-18-07-07-7898216250059.jpg"}],"hora":"2025-07-08 13:12:58"}
[SESSION-LISTAR] {"session_id":"5o4vg8nkvrskllleumb6v3h5tp","sessao_usuario":"2025-07-08-13:12:39-1498","hora":"2025-07-08 13:12:58"}
[LISTAR-CARRINHO] {"sessao":"2025-07-08-13:12:39-1498","itens":2,"hora":"2025-07-08 13:12:58"}
[LISTAR-ENTRY] {"session_id":"5o4vg8nkvrskllleumb6v3h5tp","sessao_usuario":"2025-07-08-13:12:39-1498","hora":"2025-07-08 13:12:58"}
[LISTAR-RESULT] {"sessao":"2025-07-08-13:12:39-1498","result":[{"id":274,"sessao":"2025-07-08-13:12:39-1498","cliente":0,"produto":209,"quantidade":7,"total_item":"70.00","obs":"","pedido":0,"data":"2025-07-08","id_sabor":null,"categoria":null,"item":null,"variacao":null,"mesa":null,"nome_cliente":null,"nome_produto":"CACHORRO QUENTE DE FRANGO G","sabores":null,"borda":null,"valor_unitario":"10.000000","status":null,"hora":"13:12:58","foto_produto":"15-01-2024-13-46-22-58d35df0a2812615168a92abb1f4ec2d.png"},{"id":273,"sessao":"2025-07-08-13:12:39-1498","cliente":0,"produto":224,"quantidade":7,"total_item":"14.00","obs":"","pedido":0,"data":"2025-07-08","id_sabor":null,"categoria":null,"item":null,"variacao":null,"mesa":null,"nome_cliente":null,"nome_produto":"GUARA MIX","sabores":null,"borda":null,"valor_unitario":"2.000000","status":null,"hora":"13:12:44","foto_produto":"17-01-2024-18-07-07-7898216250059.jpg"}],"hora":"2025-07-08 13:12:58"}
[SESSION-LISTAR] {"session_id":"5o4vg8nkvrskllleumb6v3h5tp","sessao_usuario":"2025-07-08-13:12:39-1498","hora":"2025-07-08 13:12:58"}
[LISTAR-CARRINHO] {"sessao":"2025-07-08-13:12:39-1498","itens":2,"hora":"2025-07-08 13:12:58"}
[LISTAR-ENTRY] {"session_id":"5o4vg8nkvrskllleumb6v3h5tp","sessao_usuario":"2025-07-08-13:12:39-1498","hora":"2025-07-08 13:12:58"}
[LISTAR-RESULT] {"sessao":"2025-07-08-13:12:39-1498","result":[{"id":274,"sessao":"2025-07-08-13:12:39-1498","cliente":0,"produto":209,"quantidade":7,"total_item":"70.00","obs":"","pedido":0,"data":"2025-07-08","id_sabor":null,"categoria":null,"item":null,"variacao":null,"mesa":null,"nome_cliente":null,"nome_produto":"CACHORRO QUENTE DE FRANGO G","sabores":null,"borda":null,"valor_unitario":"10.000000","status":null,"hora":"13:12:58","foto_produto":"15-01-2024-13-46-22-58d35df0a2812615168a92abb1f4ec2d.png"},{"id":273,"sessao":"2025-07-08-13:12:39-1498","cliente":0,"produto":224,"quantidade":7,"total_item":"14.00","obs":"","pedido":0,"data":"2025-07-08","id_sabor":null,"categoria":null,"item":null,"variacao":null,"mesa":null,"nome_cliente":null,"nome_produto":"GUARA MIX","sabores":null,"borda":null,"valor_unitario":"2.000000","status":null,"hora":"13:12:44","foto_produto":"17-01-2024-18-07-07-7898216250059.jpg"}],"hora":"2025-07-08 13:12:58"}
[SESSION-LISTAR] {"session_id":"5o4vg8nkvrskllleumb6v3h5tp","sessao_usuario":"2025-07-08-13:12:39-1498","hora":"2025-07-08 13:12:58"}
[LISTAR-CARRINHO] {"sessao":"2025-07-08-13:12:39-1498","itens":2,"hora":"2025-07-08 13:12:58"}
[CARRINHO-TABELA] {"sessao":"2025-07-08-13:12:39-1498","carrinho":[{"id":275,"sessao":"2025-07-08-13:12:39-1498","cliente":0,"produto":66,"quantidade":4,"total_item":"80.00","obs":"","pedido":0,"data":"2025-07-08","id_sabor":null,"categoria":null,"item":null,"variacao":null,"mesa":null,"nome_cliente":null,"nome_produto":null,"sabores":null,"borda":null,"valor_unitario":"20.00","status":null,"hora":"13:13:10"},{"id":274,"sessao":"2025-07-08-13:12:39-1498","cliente":0,"produto":209,"quantidade":7,"total_item":"70.00","obs":"","pedido":0,"data":"2025-07-08","id_sabor":null,"categoria":null,"item":null,"variacao":null,"mesa":null,"nome_cliente":null,"nome_produto":null,"sabores":null,"borda":null,"valor_unitario":"10.00","status":null,"hora":"13:12:58"},{"id":273,"sessao":"2025-07-08-13:12:39-1498","cliente":0,"produto":224,"quantidade":7,"total_item":"14.00","obs":"","pedido":0,"data":"2025-07-08","id_sabor":null,"categoria":null,"item":null,"variacao":null,"mesa":null,"nome_cliente":null,"nome_produto":null,"sabores":null,"borda":null,"valor_unitario":"2.00","status":null,"hora":"13:12:44"}],"hora":"2025-07-08 13:13:10"}
[ADD-CARRINHO] {"sessao":"2025-07-08-13:12:39-1498","produto":66,"quantidade":4,"total_item":80,"hora":"2025-07-08 13:13:10"}
[SESSION-ADD] {"session_id":"5o4vg8nkvrskllleumb6v3h5tp","sessao_usuario":"2025-07-08-13:12:39-1498","hora":"2025-07-08 13:13:10"}
[LISTAR-ENTRY] {"session_id":"5o4vg8nkvrskllleumb6v3h5tp","sessao_usuario":"2025-07-08-13:12:39-1498","hora":"2025-07-08 13:13:10"}
[LISTAR-RESULT] {"sessao":"2025-07-08-13:12:39-1498","result":[{"id":275,"sessao":"2025-07-08-13:12:39-1498","cliente":0,"produto":66,"quantidade":4,"total_item":"80.00","obs":"","pedido":0,"data":"2025-07-08","id_sabor":null,"categoria":null,"item":null,"variacao":null,"mesa":null,"nome_cliente":null,"nome_produto":"EGGS-BURGUER DE CARNE DO SOL COM PICANHA","sabores":null,"borda":null,"valor_unitario":"20.000000","status":null,"hora":"13:13:10","foto_produto":"24-12-2023-13-56-14-CARNE-DO-SOL.jpg"},{"id":274,"sessao":"2025-07-08-13:12:39-1498","cliente":0,"produto":209,"quantidade":7,"total_item":"70.00","obs":"","pedido":0,"data":"2025-07-08","id_sabor":null,"categoria":null,"item":null,"variacao":null,"mesa":null,"nome_cliente":null,"nome_produto":"CACHORRO QUENTE DE FRANGO G","sabores":null,"borda":null,"valor_unitario":"10.000000","status":null,"hora":"13:12:58","foto_produto":"15-01-2024-13-46-22-58d35df0a2812615168a92abb1f4ec2d.png"},{"id":273,"sessao":"2025-07-08-13:12:39-1498","cliente":0,"produto":224,"quantidade":7,"total_item":"14.00","obs":"","pedido":0,"data":"2025-07-08","id_sabor":null,"categoria":null,"item":null,"variacao":null,"mesa":null,"nome_cliente":null,"nome_produto":"GUARA MIX","sabores":null,"borda":null,"valor_unitario":"2.000000","status":null,"hora":"13:12:44","foto_produto":"17-01-2024-18-07-07-7898216250059.jpg"}],"hora":"2025-07-08 13:13:10"}
[SESSION-LISTAR] {"session_id":"5o4vg8nkvrskllleumb6v3h5tp","sessao_usuario":"2025-07-08-13:12:39-1498","hora":"2025-07-08 13:13:10"}
[LISTAR-CARRINHO] {"sessao":"2025-07-08-13:12:39-1498","itens":3,"hora":"2025-07-08 13:13:10"}
[LISTAR-ENTRY] {"session_id":"5o4vg8nkvrskllleumb6v3h5tp","sessao_usuario":"2025-07-08-13:12:39-1498","hora":"2025-07-08 13:13:10"}
[LISTAR-RESULT] {"sessao":"2025-07-08-13:12:39-1498","result":[{"id":275,"sessao":"2025-07-08-13:12:39-1498","cliente":0,"produto":66,"quantidade":4,"total_item":"80.00","obs":"","pedido":0,"data":"2025-07-08","id_sabor":null,"categoria":null,"item":null,"variacao":null,"mesa":null,"nome_cliente":null,"nome_produto":"EGGS-BURGUER DE CARNE DO SOL COM PICANHA","sabores":null,"borda":null,"valor_unitario":"20.000000","status":null,"hora":"13:13:10","foto_produto":"24-12-2023-13-56-14-CARNE-DO-SOL.jpg"},{"id":274,"sessao":"2025-07-08-13:12:39-1498","cliente":0,"produto":209,"quantidade":7,"total_item":"70.00","obs":"","pedido":0,"data":"2025-07-08","id_sabor":null,"categoria":null,"item":null,"variacao":null,"mesa":null,"nome_cliente":null,"nome_produto":"CACHORRO QUENTE DE FRANGO G","sabores":null,"borda":null,"valor_unitario":"10.000000","status":null,"hora":"13:12:58","foto_produto":"15-01-2024-13-46-22-58d35df0a2812615168a92abb1f4ec2d.png"},{"id":273,"sessao":"2025-07-08-13:12:39-1498","cliente":0,"produto":224,"quantidade":7,"total_item":"14.00","obs":"","pedido":0,"data":"2025-07-08","id_sabor":null,"categoria":null,"item":null,"variacao":null,"mesa":null,"nome_cliente":null,"nome_produto":"GUARA MIX","sabores":null,"borda":null,"valor_unitario":"2.000000","status":null,"hora":"13:12:44","foto_produto":"17-01-2024-18-07-07-7898216250059.jpg"}],"hora":"2025-07-08 13:13:10"}
[SESSION-LISTAR] {"session_id":"5o4vg8nkvrskllleumb6v3h5tp","sessao_usuario":"2025-07-08-13:12:39-1498","hora":"2025-07-08 13:13:10"}
[LISTAR-CARRINHO] {"sessao":"2025-07-08-13:12:39-1498","itens":3,"hora":"2025-07-08 13:13:10"}
[LISTAR-ENTRY] {"session_id":"5o4vg8nkvrskllleumb6v3h5tp","sessao_usuario":"2025-07-08-13:12:39-1498","hora":"2025-07-08 13:13:10"}
[LISTAR-RESULT] {"sessao":"2025-07-08-13:12:39-1498","result":[{"id":275,"sessao":"2025-07-08-13:12:39-1498","cliente":0,"produto":66,"quantidade":4,"total_item":"80.00","obs":"","pedido":0,"data":"2025-07-08","id_sabor":null,"categoria":null,"item":null,"variacao":null,"mesa":null,"nome_cliente":null,"nome_produto":"EGGS-BURGUER DE CARNE DO SOL COM PICANHA","sabores":null,"borda":null,"valor_unitario":"20.000000","status":null,"hora":"13:13:10","foto_produto":"24-12-2023-13-56-14-CARNE-DO-SOL.jpg"},{"id":274,"sessao":"2025-07-08-13:12:39-1498","cliente":0,"produto":209,"quantidade":7,"total_item":"70.00","obs":"","pedido":0,"data":"2025-07-08","id_sabor":null,"categoria":null,"item":null,"variacao":null,"mesa":null,"nome_cliente":null,"nome_produto":"CACHORRO QUENTE DE FRANGO G","sabores":null,"borda":null,"valor_unitario":"10.000000","status":null,"hora":"13:12:58","foto_produto":"15-01-2024-13-46-22-58d35df0a2812615168a92abb1f4ec2d.png"},{"id":273,"sessao":"2025-07-08-13:12:39-1498","cliente":0,"produto":224,"quantidade":7,"total_item":"14.00","obs":"","pedido":0,"data":"2025-07-08","id_sabor":null,"categoria":null,"item":null,"variacao":null,"mesa":null,"nome_cliente":null,"nome_produto":"GUARA MIX","sabores":null,"borda":null,"valor_unitario":"2.000000","status":null,"hora":"13:12:44","foto_produto":"17-01-2024-18-07-07-7898216250059.jpg"}],"hora":"2025-07-08 13:13:10"}
[SESSION-LISTAR] {"session_id":"5o4vg8nkvrskllleumb6v3h5tp","sessao_usuario":"2025-07-08-13:12:39-1498","hora":"2025-07-08 13:13:10"}
[LISTAR-CARRINHO] {"sessao":"2025-07-08-13:12:39-1498","itens":3,"hora":"2025-07-08 13:13:10"}
[CARRINHO-TABELA] {"sessao":"2025-07-08-13:12:39-1498","carrinho":[{"id":276,"sessao":"2025-07-08-13:12:39-1498","cliente":0,"produto":57,"quantidade":3,"total_item":"42.00","obs":"","pedido":0,"data":"2025-07-08","id_sabor":null,"categoria":null,"item":null,"variacao":null,"mesa":null,"nome_cliente":null,"nome_produto":null,"sabores":null,"borda":null,"valor_unitario":"14.00","status":null,"hora":"13:13:30"},{"id":275,"sessao":"2025-07-08-13:12:39-1498","cliente":0,"produto":66,"quantidade":4,"total_item":"80.00","obs":"","pedido":0,"data":"2025-07-08","id_sabor":null,"categoria":null,"item":null,"variacao":null,"mesa":null,"nome_cliente":null,"nome_produto":null,"sabores":null,"borda":null,"valor_unitario":"20.00","status":null,"hora":"13:13:10"},{"id":274,"sessao":"2025-07-08-13:12:39-1498","cliente":0,"produto":209,"quantidade":7,"total_item":"70.00","obs":"","pedido":0,"data":"2025-07-08","id_sabor":null,"categoria":null,"item":null,"variacao":null,"mesa":null,"nome_cliente":null,"nome_produto":null,"sabores":null,"borda":null,"valor_unitario":"10.00","status":null,"hora":"13:12:58"},{"id":273,"sessao":"2025-07-08-13:12:39-1498","cliente":0,"produto":224,"quantidade":7,"total_item":"14.00","obs":"","pedido":0,"data":"2025-07-08","id_sabor":null,"categoria":null,"item":null,"variacao":null,"mesa":null,"nome_cliente":null,"nome_produto":null,"sabores":null,"borda":null,"valor_unitario":"2.00","status":null,"hora":"13:12:44"}],"hora":"2025-07-08 13:13:30"}
[ADD-CARRINHO] {"sessao":"2025-07-08-13:12:39-1498","produto":57,"quantidade":3,"total_item":42,"hora":"2025-07-08 13:13:30"}
[SESSION-ADD] {"session_id":"5o4vg8nkvrskllleumb6v3h5tp","sessao_usuario":"2025-07-08-13:12:39-1498","hora":"2025-07-08 13:13:30"}
[LISTAR-ENTRY] {"session_id":"5o4vg8nkvrskllleumb6v3h5tp","sessao_usuario":"2025-07-08-13:12:39-1498","hora":"2025-07-08 13:13:30"}
[LISTAR-RESULT] {"sessao":"2025-07-08-13:12:39-1498","result":[{"id":276,"sessao":"2025-07-08-13:12:39-1498","cliente":0,"produto":57,"quantidade":3,"total_item":"42.00","obs":"","pedido":0,"data":"2025-07-08","id_sabor":null,"categoria":null,"item":null,"variacao":null,"mesa":null,"nome_cliente":null,"nome_produto":"EGGS-BACON","sabores":null,"borda":null,"valor_unitario":"14.000000","status":null,"hora":"13:13:30","foto_produto":"24-12-2023-13-50-49-BACON.jpg"},{"id":275,"sessao":"2025-07-08-13:12:39-1498","cliente":0,"produto":66,"quantidade":4,"total_item":"80.00","obs":"","pedido":0,"data":"2025-07-08","id_sabor":null,"categoria":null,"item":null,"variacao":null,"mesa":null,"nome_cliente":null,"nome_produto":"EGGS-BURGUER DE CARNE DO SOL COM PICANHA","sabores":null,"borda":null,"valor_unitario":"20.000000","status":null,"hora":"13:13:10","foto_produto":"24-12-2023-13-56-14-CARNE-DO-SOL.jpg"},{"id":274,"sessao":"2025-07-08-13:12:39-1498","cliente":0,"produto":209,"quantidade":7,"total_item":"70.00","obs":"","pedido":0,"data":"2025-07-08","id_sabor":null,"categoria":null,"item":null,"variacao":null,"mesa":null,"nome_cliente":null,"nome_produto":"CACHORRO QUENTE DE FRANGO G","sabores":null,"borda":null,"valor_unitario":"10.000000","status":null,"hora":"13:12:58","foto_produto":"15-01-2024-13-46-22-58d35df0a2812615168a92abb1f4ec2d.png"},{"id":273,"sessao":"2025-07-08-13:12:39-1498","cliente":0,"produto":224,"quantidade":7,"total_item":"14.00","obs":"","pedido":0,"data":"2025-07-08","id_sabor":null,"categoria":null,"item":null,"variacao":null,"mesa":null,"nome_cliente":null,"nome_produto":"GUARA MIX","sabores":null,"borda":null,"valor_unitario":"2.000000","status":null,"hora":"13:12:44","foto_produto":"17-01-2024-18-07-07-7898216250059.jpg"}],"hora":"2025-07-08 13:13:30"}
[SESSION-LISTAR] {"session_id":"5o4vg8nkvrskllleumb6v3h5tp","sessao_usuario":"2025-07-08-13:12:39-1498","hora":"2025-07-08 13:13:30"}
[LISTAR-CARRINHO] {"sessao":"2025-07-08-13:12:39-1498","itens":4,"hora":"2025-07-08 13:13:30"}
[LISTAR-ENTRY] {"session_id":"5o4vg8nkvrskllleumb6v3h5tp","sessao_usuario":"2025-07-08-13:12:39-1498","hora":"2025-07-08 13:13:30"}
[LISTAR-RESULT] {"sessao":"2025-07-08-13:12:39-1498","result":[{"id":276,"sessao":"2025-07-08-13:12:39-1498","cliente":0,"produto":57,"quantidade":3,"total_item":"42.00","obs":"","pedido":0,"data":"2025-07-08","id_sabor":null,"categoria":null,"item":null,"variacao":null,"mesa":null,"nome_cliente":null,"nome_produto":"EGGS-BACON","sabores":null,"borda":null,"valor_unitario":"14.000000","status":null,"hora":"13:13:30","foto_produto":"24-12-2023-13-50-49-BACON.jpg"},{"id":275,"sessao":"2025-07-08-13:12:39-1498","cliente":0,"produto":66,"quantidade":4,"total_item":"80.00","obs":"","pedido":0,"data":"2025-07-08","id_sabor":null,"categoria":null,"item":null,"variacao":null,"mesa":null,"nome_cliente":null,"nome_produto":"EGGS-BURGUER DE CARNE DO SOL COM PICANHA","sabores":null,"borda":null,"valor_unitario":"20.000000","status":null,"hora":"13:13:10","foto_produto":"24-12-2023-13-56-14-CARNE-DO-SOL.jpg"},{"id":274,"sessao":"2025-07-08-13:12:39-1498","cliente":0,"produto":209,"quantidade":7,"total_item":"70.00","obs":"","pedido":0,"data":"2025-07-08","id_sabor":null,"categoria":null,"item":null,"variacao":null,"mesa":null,"nome_cliente":null,"nome_produto":"CACHORRO QUENTE DE FRANGO G","sabores":null,"borda":null,"valor_unitario":"10.000000","status":null,"hora":"13:12:58","foto_produto":"15-01-2024-13-46-22-58d35df0a2812615168a92abb1f4ec2d.png"},{"id":273,"sessao":"2025-07-08-13:12:39-1498","cliente":0,"produto":224,"quantidade":7,"total_item":"14.00","obs":"","pedido":0,"data":"2025-07-08","id_sabor":null,"categoria":null,"item":null,"variacao":null,"mesa":null,"nome_cliente":null,"nome_produto":"GUARA MIX","sabores":null,"borda":null,"valor_unitario":"2.000000","status":null,"hora":"13:12:44","foto_produto":"17-01-2024-18-07-07-7898216250059.jpg"}],"hora":"2025-07-08 13:13:30"}
[SESSION-LISTAR] {"session_id":"5o4vg8nkvrskllleumb6v3h5tp","sessao_usuario":"2025-07-08-13:12:39-1498","hora":"2025-07-08 13:13:30"}
[LISTAR-CARRINHO] {"sessao":"2025-07-08-13:12:39-1498","itens":4,"hora":"2025-07-08 13:13:30"}
[LISTAR-ENTRY] {"session_id":"5o4vg8nkvrskllleumb6v3h5tp","sessao_usuario":"2025-07-08-13:12:39-1498","hora":"2025-07-08 13:13:30"}
[LISTAR-RESULT] {"sessao":"2025-07-08-13:12:39-1498","result":[{"id":276,"sessao":"2025-07-08-13:12:39-1498","cliente":0,"produto":57,"quantidade":3,"total_item":"42.00","obs":"","pedido":0,"data":"2025-07-08","id_sabor":null,"categoria":null,"item":null,"variacao":null,"mesa":null,"nome_cliente":null,"nome_produto":"EGGS-BACON","sabores":null,"borda":null,"valor_unitario":"14.000000","status":null,"hora":"13:13:30","foto_produto":"24-12-2023-13-50-49-BACON.jpg"},{"id":275,"sessao":"2025-07-08-13:12:39-1498","cliente":0,"produto":66,"quantidade":4,"total_item":"80.00","obs":"","pedido":0,"data":"2025-07-08","id_sabor":null,"categoria":null,"item":null,"variacao":null,"mesa":null,"nome_cliente":null,"nome_produto":"EGGS-BURGUER DE CARNE DO SOL COM PICANHA","sabores":null,"borda":null,"valor_unitario":"20.000000","status":null,"hora":"13:13:10","foto_produto":"24-12-2023-13-56-14-CARNE-DO-SOL.jpg"},{"id":274,"sessao":"2025-07-08-13:12:39-1498","cliente":0,"produto":209,"quantidade":7,"total_item":"70.00","obs":"","pedido":0,"data":"2025-07-08","id_sabor":null,"categoria":null,"item":null,"variacao":null,"mesa":null,"nome_cliente":null,"nome_produto":"CACHORRO QUENTE DE FRANGO G","sabores":null,"borda":null,"valor_unitario":"10.000000","status":null,"hora":"13:12:58","foto_produto":"15-01-2024-13-46-22-58d35df0a2812615168a92abb1f4ec2d.png"},{"id":273,"sessao":"2025-07-08-13:12:39-1498","cliente":0,"produto":224,"quantidade":7,"total_item":"14.00","obs":"","pedido":0,"data":"2025-07-08","id_sabor":null,"categoria":null,"item":null,"variacao":null,"mesa":null,"nome_cliente":null,"nome_produto":"GUARA MIX","sabores":null,"borda":null,"valor_unitario":"2.000000","status":null,"hora":"13:12:44","foto_produto":"17-01-2024-18-07-07-7898216250059.jpg"}],"hora":"2025-07-08 13:13:30"}
[SESSION-LISTAR] {"session_id":"5o4vg8nkvrskllleumb6v3h5tp","sessao_usuario":"2025-07-08-13:12:39-1498","hora":"2025-07-08 13:13:30"}
[LISTAR-CARRINHO] {"sessao":"2025-07-08-13:12:39-1498","itens":4,"hora":"2025-07-08 13:13:30"}
[CARRINHO-TABELA] {"sessao":"2025-07-08-13:16:35-1467","carrinho":[{"id":277,"sessao":"2025-07-08-13:16:35-1467","cliente":0,"produto":238,"quantidade":1,"total_item":"5.00","obs":"","pedido":0,"data":"2025-07-08","id_sabor":null,"categoria":null,"item":null,"variacao":null,"mesa":null,"nome_cliente":null,"nome_produto":null,"sabores":null,"borda":null,"valor_unitario":"5.00","status":null,"hora":"13:16:36"}],"hora":"2025-07-08 13:16:36"}
[ADD-CARRINHO] {"sessao":"2025-07-08-13:16:35-1467","produto":238,"quantidade":1,"total_item":5,"hora":"2025-07-08 13:16:36"}
[SESSION-ADD] {"session_id":"5o4vg8nkvrskllleumb6v3h5tp","sessao_usuario":"2025-07-08-13:16:35-1467","hora":"2025-07-08 13:16:36"}
[LISTAR-ENTRY] {"session_id":"5o4vg8nkvrskllleumb6v3h5tp","sessao_usuario":"2025-07-08-13:16:35-1467","hora":"2025-07-08 13:16:36"}
[LISTAR-RESULT] {"sessao":"2025-07-08-13:16:35-1467","result":[{"id":277,"sessao":"2025-07-08-13:16:35-1467","cliente":0,"produto":238,"quantidade":1,"total_item":"5.00","obs":"","pedido":0,"data":"2025-07-08","id_sabor":null,"categoria":null,"item":null,"variacao":null,"mesa":null,"nome_cliente":null,"nome_produto":"mousse de maracuja com ganache","sabores":null,"borda":null,"valor_unitario":"5.000000","status":null,"hora":"13:16:36","foto_produto":"12-02-2025-00-19-31-mousse.jpeg"}],"hora":"2025-07-08 13:16:36"}
[SESSION-LISTAR] {"session_id":"5o4vg8nkvrskllleumb6v3h5tp","sessao_usuario":"2025-07-08-13:16:35-1467","hora":"2025-07-08 13:16:36"}
[LISTAR-CARRINHO] {"sessao":"2025-07-08-13:16:35-1467","itens":1,"hora":"2025-07-08 13:16:36"}
[LISTAR-ENTRY] {"session_id":"5o4vg8nkvrskllleumb6v3h5tp","sessao_usuario":"2025-07-08-13:16:35-1467","hora":"2025-07-08 13:16:36"}
[LISTAR-RESULT] {"sessao":"2025-07-08-13:16:35-1467","result":[{"id":277,"sessao":"2025-07-08-13:16:35-1467","cliente":0,"produto":238,"quantidade":1,"total_item":"5.00","obs":"","pedido":0,"data":"2025-07-08","id_sabor":null,"categoria":null,"item":null,"variacao":null,"mesa":null,"nome_cliente":null,"nome_produto":"mousse de maracuja com ganache","sabores":null,"borda":null,"valor_unitario":"5.000000","status":null,"hora":"13:16:36","foto_produto":"12-02-2025-00-19-31-mousse.jpeg"}],"hora":"2025-07-08 13:16:36"}
[SESSION-LISTAR] {"session_id":"5o4vg8nkvrskllleumb6v3h5tp","sessao_usuario":"2025-07-08-13:16:35-1467","hora":"2025-07-08 13:16:36"}
[LISTAR-CARRINHO] {"sessao":"2025-07-08-13:16:35-1467","itens":1,"hora":"2025-07-08 13:16:36"}
[LISTAR-ENTRY] {"session_id":"5o4vg8nkvrskllleumb6v3h5tp","sessao_usuario":"2025-07-08-13:16:35-1467","hora":"2025-07-08 13:16:36"}
[LISTAR-RESULT] {"sessao":"2025-07-08-13:16:35-1467","result":[{"id":277,"sessao":"2025-07-08-13:16:35-1467","cliente":0,"produto":238,"quantidade":1,"total_item":"5.00","obs":"","pedido":0,"data":"2025-07-08","id_sabor":null,"categoria":null,"item":null,"variacao":null,"mesa":null,"nome_cliente":null,"nome_produto":"mousse de maracuja com ganache","sabores":null,"borda":null,"valor_unitario":"5.000000","status":null,"hora":"13:16:36","foto_produto":"12-02-2025-00-19-31-mousse.jpeg"}],"hora":"2025-07-08 13:16:36"}
[SESSION-LISTAR] {"session_id":"5o4vg8nkvrskllleumb6v3h5tp","sessao_usuario":"2025-07-08-13:16:35-1467","hora":"2025-07-08 13:16:36"}
[LISTAR-CARRINHO] {"sessao":"2025-07-08-13:16:35-1467","itens":1,"hora":"2025-07-08 13:16:36"}
[CARRINHO-TABELA] {"sessao":"2025-07-08-13:16:35-1467","carrinho":[{"id":278,"sessao":"2025-07-08-13:16:35-1467","cliente":0,"produto":245,"quantidade":1,"total_item":"0.01","obs":"","pedido":0,"data":"2025-07-08","id_sabor":null,"categoria":null,"item":null,"variacao":null,"mesa":null,"nome_cliente":null,"nome_produto":null,"sabores":null,"borda":null,"valor_unitario":"0.01","status":null,"hora":"13:18:05"}],"hora":"2025-07-08 13:18:05"}
[ADD-CARRINHO] {"sessao":"2025-07-08-13:16:35-1467","produto":245,"quantidade":1,"total_item":0.01,"hora":"2025-07-08 13:18:05"}
[SESSION-ADD] {"session_id":"5o4vg8nkvrskllleumb6v3h5tp","sessao_usuario":"2025-07-08-13:16:35-1467","hora":"2025-07-08 13:18:05"}
[LISTAR-ENTRY] {"session_id":"5o4vg8nkvrskllleumb6v3h5tp","sessao_usuario":"2025-07-08-13:16:35-1467","hora":"2025-07-08 13:18:05"}
[LISTAR-RESULT] {"sessao":"2025-07-08-13:16:35-1467","result":[{"id":278,"sessao":"2025-07-08-13:16:35-1467","cliente":0,"produto":245,"quantidade":1,"total_item":"0.01","obs":"","pedido":0,"data":"2025-07-08","id_sabor":null,"categoria":null,"item":null,"variacao":null,"mesa":null,"nome_cliente":null,"nome_produto":"teste","sabores":null,"borda":null,"valor_unitario":"0.010000","status":null,"hora":"13:18:05","foto_produto":"sem-foto.jpg"}],"hora":"2025-07-08 13:18:05"}
[SESSION-LISTAR] {"session_id":"5o4vg8nkvrskllleumb6v3h5tp","sessao_usuario":"2025-07-08-13:16:35-1467","hora":"2025-07-08 13:18:05"}
[LISTAR-CARRINHO] {"sessao":"2025-07-08-13:16:35-1467","itens":1,"hora":"2025-07-08 13:18:05"}
[LISTAR-ENTRY] {"session_id":"5o4vg8nkvrskllleumb6v3h5tp","sessao_usuario":"2025-07-08-13:16:35-1467","hora":"2025-07-08 13:18:05"}
[LISTAR-RESULT] {"sessao":"2025-07-08-13:16:35-1467","result":[{"id":278,"sessao":"2025-07-08-13:16:35-1467","cliente":0,"produto":245,"quantidade":1,"total_item":"0.01","obs":"","pedido":0,"data":"2025-07-08","id_sabor":null,"categoria":null,"item":null,"variacao":null,"mesa":null,"nome_cliente":null,"nome_produto":"teste","sabores":null,"borda":null,"valor_unitario":"0.010000","status":null,"hora":"13:18:05","foto_produto":"sem-foto.jpg"}],"hora":"2025-07-08 13:18:05"}
[SESSION-LISTAR] {"session_id":"5o4vg8nkvrskllleumb6v3h5tp","sessao_usuario":"2025-07-08-13:16:35-1467","hora":"2025-07-08 13:18:05"}
[LISTAR-CARRINHO] {"sessao":"2025-07-08-13:16:35-1467","itens":1,"hora":"2025-07-08 13:18:05"}
[LISTAR-ENTRY] {"session_id":"5o4vg8nkvrskllleumb6v3h5tp","sessao_usuario":"2025-07-08-13:16:35-1467","hora":"2025-07-08 13:18:05"}
[LISTAR-RESULT] {"sessao":"2025-07-08-13:16:35-1467","result":[{"id":278,"sessao":"2025-07-08-13:16:35-1467","cliente":0,"produto":245,"quantidade":1,"total_item":"0.01","obs":"","pedido":0,"data":"2025-07-08","id_sabor":null,"categoria":null,"item":null,"variacao":null,"mesa":null,"nome_cliente":null,"nome_produto":"teste","sabores":null,"borda":null,"valor_unitario":"0.010000","status":null,"hora":"13:18:05","foto_produto":"sem-foto.jpg"}],"hora":"2025-07-08 13:18:05"}
[SESSION-LISTAR] {"session_id":"5o4vg8nkvrskllleumb6v3h5tp","sessao_usuario":"2025-07-08-13:16:35-1467","hora":"2025-07-08 13:18:05"}
[LISTAR-CARRINHO] {"sessao":"2025-07-08-13:16:35-1467","itens":1,"hora":"2025-07-08 13:18:05"}
[CARRINHO-TABELA] {"sessao":"2025-07-08-13:59:14-216","carrinho":[{"id":279,"sessao":"2025-07-08-13:59:14-216","cliente":0,"produto":14,"quantidade":4,"total_item":"80.00","obs":"","pedido":0,"data":"2025-07-08","id_sabor":null,"categoria":null,"item":null,"variacao":null,"mesa":null,"nome_cliente":null,"nome_produto":null,"sabores":null,"borda":null,"valor_unitario":"20.00","status":null,"hora":"14:08:33"}],"hora":"2025-07-08 14:08:33"}
[ADD-CARRINHO] {"sessao":"2025-07-08-13:59:14-216","produto":14,"quantidade":4,"total_item":80,"hora":"2025-07-08 14:08:33"}
[SESSION-ADD] {"session_id":"5o4vg8nkvrskllleumb6v3h5tp","sessao_usuario":"2025-07-08-13:59:14-216","hora":"2025-07-08 14:08:33"}
[LISTAR-ENTRY] {"session_id":"5o4vg8nkvrskllleumb6v3h5tp","sessao_usuario":"2025-07-08-13:59:14-216","hora":"2025-07-08 14:08:34"}
[LISTAR-RESULT] {"sessao":"2025-07-08-13:59:14-216","result":[{"id":279,"sessao":"2025-07-08-13:59:14-216","cliente":0,"produto":14,"quantidade":4,"total_item":"80.00","obs":"","pedido":0,"data":"2025-07-08","id_sabor":null,"categoria":null,"item":null,"variacao":null,"mesa":null,"nome_cliente":null,"nome_produto":"DRAG\u00c3O PICANHA","sabores":null,"borda":null,"valor_unitario":"20.000000","status":null,"hora":"14:08:33","foto_produto":"24-12-2023-14-23-40-ESPECIAL.jpg"}],"hora":"2025-07-08 14:08:34"}
[SESSION-LISTAR] {"session_id":"5o4vg8nkvrskllleumb6v3h5tp","sessao_usuario":"2025-07-08-13:59:14-216","hora":"2025-07-08 14:08:34"}
[LISTAR-CARRINHO] {"sessao":"2025-07-08-13:59:14-216","itens":1,"hora":"2025-07-08 14:08:34"}
[LISTAR-ENTRY] {"session_id":"5o4vg8nkvrskllleumb6v3h5tp","sessao_usuario":"2025-07-08-13:59:14-216","hora":"2025-07-08 14:08:34"}
[LISTAR-RESULT] {"sessao":"2025-07-08-13:59:14-216","result":[{"id":279,"sessao":"2025-07-08-13:59:14-216","cliente":0,"produto":14,"quantidade":4,"total_item":"80.00","obs":"","pedido":0,"data":"2025-07-08","id_sabor":null,"categoria":null,"item":null,"variacao":null,"mesa":null,"nome_cliente":null,"nome_produto":"DRAG\u00c3O PICANHA","sabores":null,"borda":null,"valor_unitario":"20.000000","status":null,"hora":"14:08:33","foto_produto":"24-12-2023-14-23-40-ESPECIAL.jpg"}],"hora":"2025-07-08 14:08:34"}
[SESSION-LISTAR] {"session_id":"5o4vg8nkvrskllleumb6v3h5tp","sessao_usuario":"2025-07-08-13:59:14-216","hora":"2025-07-08 14:08:34"}
[LISTAR-CARRINHO] {"sessao":"2025-07-08-13:59:14-216","itens":1,"hora":"2025-07-08 14:08:34"}
[LISTAR-ENTRY] {"session_id":"5o4vg8nkvrskllleumb6v3h5tp","sessao_usuario":"2025-07-08-13:59:14-216","hora":"2025-07-08 14:08:34"}
[LISTAR-RESULT] {"sessao":"2025-07-08-13:59:14-216","result":[{"id":279,"sessao":"2025-07-08-13:59:14-216","cliente":0,"produto":14,"quantidade":4,"total_item":"80.00","obs":"","pedido":0,"data":"2025-07-08","id_sabor":null,"categoria":null,"item":null,"variacao":null,"mesa":null,"nome_cliente":null,"nome_produto":"DRAG\u00c3O PICANHA","sabores":null,"borda":null,"valor_unitario":"20.000000","status":null,"hora":"14:08:33","foto_produto":"24-12-2023-14-23-40-ESPECIAL.jpg"}],"hora":"2025-07-08 14:08:34"}
[SESSION-LISTAR] {"session_id":"5o4vg8nkvrskllleumb6v3h5tp","sessao_usuario":"2025-07-08-13:59:14-216","hora":"2025-07-08 14:08:34"}
[LISTAR-CARRINHO] {"sessao":"2025-07-08-13:59:14-216","itens":1,"hora":"2025-07-08 14:08:34"}
[LISTAR-ENTRY] {"session_id":"5o4vg8nkvrskllleumb6v3h5tp","sessao_usuario":"2025-07-08-13:59:14-216","hora":"2025-07-08 14:09:07"}
[LISTAR-RESULT] {"sessao":"2025-07-08-13:59:14-216","result":[{"id":279,"sessao":"2025-07-08-13:59:14-216","cliente":0,"produto":14,"quantidade":4,"total_item":"80.00","obs":"","pedido":0,"data":"2025-07-08","id_sabor":null,"categoria":null,"item":null,"variacao":null,"mesa":null,"nome_cliente":null,"nome_produto":"DRAG\u00c3O PICANHA","sabores":null,"borda":null,"valor_unitario":"20.000000","status":null,"hora":"14:08:33","foto_produto":"24-12-2023-14-23-40-ESPECIAL.jpg"}],"hora":"2025-07-08 14:09:07"}
[SESSION-LISTAR] {"session_id":"5o4vg8nkvrskllleumb6v3h5tp","sessao_usuario":"2025-07-08-13:59:14-216","hora":"2025-07-08 14:09:07"}
[LISTAR-CARRINHO] {"sessao":"2025-07-08-13:59:14-216","itens":1,"hora":"2025-07-08 14:09:07"}
[LISTAR-ENTRY] {"session_id":"5o4vg8nkvrskllleumb6v3h5tp","sessao_usuario":"2025-07-08-13:59:14-216","hora":"2025-07-08 14:09:07"}
[LISTAR-RESULT] {"sessao":"2025-07-08-13:59:14-216","result":[{"id":279,"sessao":"2025-07-08-13:59:14-216","cliente":0,"produto":14,"quantidade":4,"total_item":"80.00","obs":"","pedido":0,"data":"2025-07-08","id_sabor":null,"categoria":null,"item":null,"variacao":null,"mesa":null,"nome_cliente":null,"nome_produto":"DRAG\u00c3O PICANHA","sabores":null,"borda":null,"valor_unitario":"20.000000","status":null,"hora":"14:08:33","foto_produto":"24-12-2023-14-23-40-ESPECIAL.jpg"}],"hora":"2025-07-08 14:09:07"}
[SESSION-LISTAR] {"session_id":"5o4vg8nkvrskllleumb6v3h5tp","sessao_usuario":"2025-07-08-13:59:14-216","hora":"2025-07-08 14:09:07"}
[LISTAR-CARRINHO] {"sessao":"2025-07-08-13:59:14-216","itens":1,"hora":"2025-07-08 14:09:07"}
[LISTAR-ENTRY] {"session_id":"5o4vg8nkvrskllleumb6v3h5tp","sessao_usuario":"2025-07-08-13:59:14-216","hora":"2025-07-08 14:09:07"}
[LISTAR-RESULT] {"sessao":"2025-07-08-13:59:14-216","result":[{"id":279,"sessao":"2025-07-08-13:59:14-216","cliente":0,"produto":14,"quantidade":4,"total_item":"80.00","obs":"","pedido":0,"data":"2025-07-08","id_sabor":null,"categoria":null,"item":null,"variacao":null,"mesa":null,"nome_cliente":null,"nome_produto":"DRAG\u00c3O PICANHA","sabores":null,"borda":null,"valor_unitario":"20.000000","status":null,"hora":"14:08:33","foto_produto":"24-12-2023-14-23-40-ESPECIAL.jpg"}],"hora":"2025-07-08 14:09:07"}
[SESSION-LISTAR] {"session_id":"5o4vg8nkvrskllleumb6v3h5tp","sessao_usuario":"2025-07-08-13:59:14-216","hora":"2025-07-08 14:09:07"}
[LISTAR-CARRINHO] {"sessao":"2025-07-08-13:59:14-216","itens":1,"hora":"2025-07-08 14:09:07"}
[CARRINHO-TABELA] {"sessao":"2025-07-08-13:59:14-216","carrinho":[{"id":280,"sessao":"2025-07-08-13:59:14-216","cliente":0,"produto":100,"quantidade":4,"total_item":"72.00","obs":"","pedido":0,"data":"2025-07-08","id_sabor":null,"categoria":null,"item":null,"variacao":null,"mesa":null,"nome_cliente":null,"nome_produto":null,"sabores":null,"borda":null,"valor_unitario":"18.00","status":null,"hora":"14:09:29"},{"id":279,"sessao":"2025-07-08-13:59:14-216","cliente":0,"produto":14,"quantidade":4,"total_item":"80.00","obs":"","pedido":0,"data":"2025-07-08","id_sabor":null,"categoria":null,"item":null,"variacao":null,"mesa":null,"nome_cliente":null,"nome_produto":null,"sabores":null,"borda":null,"valor_unitario":"20.00","status":null,"hora":"14:08:33"}],"hora":"2025-07-08 14:09:29"}
[ADD-CARRINHO] {"sessao":"2025-07-08-13:59:14-216","produto":100,"quantidade":4,"total_item":72,"hora":"2025-07-08 14:09:29"}
[SESSION-ADD] {"session_id":"5o4vg8nkvrskllleumb6v3h5tp","sessao_usuario":"2025-07-08-13:59:14-216","hora":"2025-07-08 14:09:29"}
[LISTAR-ENTRY] {"session_id":"5o4vg8nkvrskllleumb6v3h5tp","sessao_usuario":"2025-07-08-13:59:14-216","hora":"2025-07-08 14:09:29"}
[LISTAR-RESULT] {"sessao":"2025-07-08-13:59:14-216","result":[{"id":280,"sessao":"2025-07-08-13:59:14-216","cliente":0,"produto":100,"quantidade":4,"total_item":"72.00","obs":"","pedido":0,"data":"2025-07-08","id_sabor":null,"categoria":null,"item":null,"variacao":null,"mesa":null,"nome_cliente":null,"nome_produto":"EGGS-BURGUER DE CARNEIRO","sabores":null,"borda":null,"valor_unitario":"18.000000","status":null,"hora":"14:09:29","foto_produto":"15-01-2024-09-42-12-WhatsApp-Image-2023-12-25-at-19.16.05-(5).jpeg"},{"id":279,"sessao":"2025-07-08-13:59:14-216","cliente":0,"produto":14,"quantidade":4,"total_item":"80.00","obs":"","pedido":0,"data":"2025-07-08","id_sabor":null,"categoria":null,"item":null,"variacao":null,"mesa":null,"nome_cliente":null,"nome_produto":"DRAG\u00c3O PICANHA","sabores":null,"borda":null,"valor_unitario":"20.000000","status":null,"hora":"14:08:33","foto_produto":"24-12-2023-14-23-40-ESPECIAL.jpg"}],"hora":"2025-07-08 14:09:29"}
[SESSION-LISTAR] {"session_id":"5o4vg8nkvrskllleumb6v3h5tp","sessao_usuario":"2025-07-08-13:59:14-216","hora":"2025-07-08 14:09:29"}
[LISTAR-CARRINHO] {"sessao":"2025-07-08-13:59:14-216","itens":2,"hora":"2025-07-08 14:09:29"}
[LISTAR-ENTRY] {"session_id":"5o4vg8nkvrskllleumb6v3h5tp","sessao_usuario":"2025-07-08-13:59:14-216","hora":"2025-07-08 14:09:29"}
[LISTAR-RESULT] {"sessao":"2025-07-08-13:59:14-216","result":[{"id":280,"sessao":"2025-07-08-13:59:14-216","cliente":0,"produto":100,"quantidade":4,"total_item":"72.00","obs":"","pedido":0,"data":"2025-07-08","id_sabor":null,"categoria":null,"item":null,"variacao":null,"mesa":null,"nome_cliente":null,"nome_produto":"EGGS-BURGUER DE CARNEIRO","sabores":null,"borda":null,"valor_unitario":"18.000000","status":null,"hora":"14:09:29","foto_produto":"15-01-2024-09-42-12-WhatsApp-Image-2023-12-25-at-19.16.05-(5).jpeg"},{"id":279,"sessao":"2025-07-08-13:59:14-216","cliente":0,"produto":14,"quantidade":4,"total_item":"80.00","obs":"","pedido":0,"data":"2025-07-08","id_sabor":null,"categoria":null,"item":null,"variacao":null,"mesa":null,"nome_cliente":null,"nome_produto":"DRAG\u00c3O PICANHA","sabores":null,"borda":null,"valor_unitario":"20.000000","status":null,"hora":"14:08:33","foto_produto":"24-12-2023-14-23-40-ESPECIAL.jpg"}],"hora":"2025-07-08 14:09:29"}
[SESSION-LISTAR] {"session_id":"5o4vg8nkvrskllleumb6v3h5tp","sessao_usuario":"2025-07-08-13:59:14-216","hora":"2025-07-08 14:09:29"}
[LISTAR-CARRINHO] {"sessao":"2025-07-08-13:59:14-216","itens":2,"hora":"2025-07-08 14:09:29"}
[LISTAR-ENTRY] {"session_id":"5o4vg8nkvrskllleumb6v3h5tp","sessao_usuario":"2025-07-08-13:59:14-216","hora":"2025-07-08 14:09:29"}
[LISTAR-RESULT] {"sessao":"2025-07-08-13:59:14-216","result":[{"id":280,"sessao":"2025-07-08-13:59:14-216","cliente":0,"produto":100,"quantidade":4,"total_item":"72.00","obs":"","pedido":0,"data":"2025-07-08","id_sabor":null,"categoria":null,"item":null,"variacao":null,"mesa":null,"nome_cliente":null,"nome_produto":"EGGS-BURGUER DE CARNEIRO","sabores":null,"borda":null,"valor_unitario":"18.000000","status":null,"hora":"14:09:29","foto_produto":"15-01-2024-09-42-12-WhatsApp-Image-2023-12-25-at-19.16.05-(5).jpeg"},{"id":279,"sessao":"2025-07-08-13:59:14-216","cliente":0,"produto":14,"quantidade":4,"total_item":"80.00","obs":"","pedido":0,"data":"2025-07-08","id_sabor":null,"categoria":null,"item":null,"variacao":null,"mesa":null,"nome_cliente":null,"nome_produto":"DRAG\u00c3O PICANHA","sabores":null,"borda":null,"valor_unitario":"20.000000","status":null,"hora":"14:08:33","foto_produto":"24-12-2023-14-23-40-ESPECIAL.jpg"}],"hora":"2025-07-08 14:09:29"}
[SESSION-LISTAR] {"session_id":"5o4vg8nkvrskllleumb6v3h5tp","sessao_usuario":"2025-07-08-13:59:14-216","hora":"2025-07-08 14:09:29"}
[LISTAR-CARRINHO] {"sessao":"2025-07-08-13:59:14-216","itens":2,"hora":"2025-07-08 14:09:29"}
[LISTAR-ENTRY] {"session_id":"5o4vg8nkvrskllleumb6v3h5tp","sessao_usuario":"2025-07-08-13:59:14-216","hora":"2025-07-08 14:14:09"}
[LISTAR-RESULT] {"sessao":"2025-07-08-13:59:14-216","result":[{"id":280,"sessao":"2025-07-08-13:59:14-216","cliente":0,"produto":100,"quantidade":4,"total_item":"72.00","obs":"","pedido":0,"data":"2025-07-08","id_sabor":null,"categoria":null,"item":null,"variacao":null,"mesa":null,"nome_cliente":null,"nome_produto":"EGGS-BURGUER DE CARNEIRO","sabores":null,"borda":null,"valor_unitario":"18.000000","status":null,"hora":"14:09:29","foto_produto":"15-01-2024-09-42-12-WhatsApp-Image-2023-12-25-at-19.16.05-(5).jpeg"},{"id":279,"sessao":"2025-07-08-13:59:14-216","cliente":0,"produto":14,"quantidade":4,"total_item":"80.00","obs":"","pedido":0,"data":"2025-07-08","id_sabor":null,"categoria":null,"item":null,"variacao":null,"mesa":null,"nome_cliente":null,"nome_produto":"DRAG\u00c3O PICANHA","sabores":null,"borda":null,"valor_unitario":"20.000000","status":null,"hora":"14:08:33","foto_produto":"24-12-2023-14-23-40-ESPECIAL.jpg"}],"hora":"2025-07-08 14:14:09"}
[SESSION-LISTAR] {"session_id":"5o4vg8nkvrskllleumb6v3h5tp","sessao_usuario":"2025-07-08-13:59:14-216","hora":"2025-07-08 14:14:09"}
[LISTAR-CARRINHO] {"sessao":"2025-07-08-13:59:14-216","itens":2,"hora":"2025-07-08 14:14:09"}
[LISTAR-ENTRY] {"session_id":"5o4vg8nkvrskllleumb6v3h5tp","sessao_usuario":"2025-07-08-13:59:14-216","hora":"2025-07-08 14:14:09"}
[LISTAR-RESULT] {"sessao":"2025-07-08-13:59:14-216","result":[{"id":280,"sessao":"2025-07-08-13:59:14-216","cliente":0,"produto":100,"quantidade":4,"total_item":"72.00","obs":"","pedido":0,"data":"2025-07-08","id_sabor":null,"categoria":null,"item":null,"variacao":null,"mesa":null,"nome_cliente":null,"nome_produto":"EGGS-BURGUER DE CARNEIRO","sabores":null,"borda":null,"valor_unitario":"18.000000","status":null,"hora":"14:09:29","foto_produto":"15-01-2024-09-42-12-WhatsApp-Image-2023-12-25-at-19.16.05-(5).jpeg"},{"id":279,"sessao":"2025-07-08-13:59:14-216","cliente":0,"produto":14,"quantidade":4,"total_item":"80.00","obs":"","pedido":0,"data":"2025-07-08","id_sabor":null,"categoria":null,"item":null,"variacao":null,"mesa":null,"nome_cliente":null,"nome_produto":"DRAG\u00c3O PICANHA","sabores":null,"borda":null,"valor_unitario":"20.000000","status":null,"hora":"14:08:33","foto_produto":"24-12-2023-14-23-40-ESPECIAL.jpg"}],"hora":"2025-07-08 14:14:09"}
[SESSION-LISTAR] {"session_id":"5o4vg8nkvrskllleumb6v3h5tp","sessao_usuario":"2025-07-08-13:59:14-216","hora":"2025-07-08 14:14:09"}
[LISTAR-CARRINHO] {"sessao":"2025-07-08-13:59:14-216","itens":2,"hora":"2025-07-08 14:14:09"}
[LISTAR-ENTRY] {"session_id":"5o4vg8nkvrskllleumb6v3h5tp","sessao_usuario":"2025-07-08-13:59:14-216","hora":"2025-07-08 14:14:09"}
[LISTAR-RESULT] {"sessao":"2025-07-08-13:59:14-216","result":[{"id":280,"sessao":"2025-07-08-13:59:14-216","cliente":0,"produto":100,"quantidade":4,"total_item":"72.00","obs":"","pedido":0,"data":"2025-07-08","id_sabor":null,"categoria":null,"item":null,"variacao":null,"mesa":null,"nome_cliente":null,"nome_produto":"EGGS-BURGUER DE CARNEIRO","sabores":null,"borda":null,"valor_unitario":"18.000000","status":null,"hora":"14:09:29","foto_produto":"15-01-2024-09-42-12-WhatsApp-Image-2023-12-25-at-19.16.05-(5).jpeg"},{"id":279,"sessao":"2025-07-08-13:59:14-216","cliente":0,"produto":14,"quantidade":4,"total_item":"80.00","obs":"","pedido":0,"data":"2025-07-08","id_sabor":null,"categoria":null,"item":null,"variacao":null,"mesa":null,"nome_cliente":null,"nome_produto":"DRAG\u00c3O PICANHA","sabores":null,"borda":null,"valor_unitario":"20.000000","status":null,"hora":"14:08:33","foto_produto":"24-12-2023-14-23-40-ESPECIAL.jpg"}],"hora":"2025-07-08 14:14:09"}
[SESSION-LISTAR] {"session_id":"5o4vg8nkvrskllleumb6v3h5tp","sessao_usuario":"2025-07-08-13:59:14-216","hora":"2025-07-08 14:14:09"}
[LISTAR-CARRINHO] {"sessao":"2025-07-08-13:59:14-216","itens":2,"hora":"2025-07-08 14:14:09"}
[LISTAR-ENTRY] {"session_id":"5o4vg8nkvrskllleumb6v3h5tp","sessao_usuario":"2025-07-08-13:59:14-216","hora":"2025-07-08 14:14:12"}
[LISTAR-RESULT] {"sessao":"2025-07-08-13:59:14-216","result":[{"id":280,"sessao":"2025-07-08-13:59:14-216","cliente":0,"produto":100,"quantidade":4,"total_item":"72.00","obs":"","pedido":0,"data":"2025-07-08","id_sabor":null,"categoria":null,"item":null,"variacao":null,"mesa":null,"nome_cliente":null,"nome_produto":"EGGS-BURGUER DE CARNEIRO","sabores":null,"borda":null,"valor_unitario":"18.000000","status":null,"hora":"14:09:29","foto_produto":"15-01-2024-09-42-12-WhatsApp-Image-2023-12-25-at-19.16.05-(5).jpeg"},{"id":279,"sessao":"2025-07-08-13:59:14-216","cliente":0,"produto":14,"quantidade":4,"total_item":"80.00","obs":"","pedido":0,"data":"2025-07-08","id_sabor":null,"categoria":null,"item":null,"variacao":null,"mesa":null,"nome_cliente":null,"nome_produto":"DRAG\u00c3O PICANHA","sabores":null,"borda":null,"valor_unitario":"20.000000","status":null,"hora":"14:08:33","foto_produto":"24-12-2023-14-23-40-ESPECIAL.jpg"}],"hora":"2025-07-08 14:14:12"}
[SESSION-LISTAR] {"session_id":"5o4vg8nkvrskllleumb6v3h5tp","sessao_usuario":"2025-07-08-13:59:14-216","hora":"2025-07-08 14:14:12"}
[LISTAR-CARRINHO] {"sessao":"2025-07-08-13:59:14-216","itens":2,"hora":"2025-07-08 14:14:12"}
[LISTAR-ENTRY] {"session_id":"5o4vg8nkvrskllleumb6v3h5tp","sessao_usuario":"2025-07-08-13:59:14-216","hora":"2025-07-08 14:14:12"}
[LISTAR-RESULT] {"sessao":"2025-07-08-13:59:14-216","result":[{"id":280,"sessao":"2025-07-08-13:59:14-216","cliente":0,"produto":100,"quantidade":4,"total_item":"72.00","obs":"","pedido":0,"data":"2025-07-08","id_sabor":null,"categoria":null,"item":null,"variacao":null,"mesa":null,"nome_cliente":null,"nome_produto":"EGGS-BURGUER DE CARNEIRO","sabores":null,"borda":null,"valor_unitario":"18.000000","status":null,"hora":"14:09:29","foto_produto":"15-01-2024-09-42-12-WhatsApp-Image-2023-12-25-at-19.16.05-(5).jpeg"},{"id":279,"sessao":"2025-07-08-13:59:14-216","cliente":0,"produto":14,"quantidade":4,"total_item":"80.00","obs":"","pedido":0,"data":"2025-07-08","id_sabor":null,"categoria":null,"item":null,"variacao":null,"mesa":null,"nome_cliente":null,"nome_produto":"DRAG\u00c3O PICANHA","sabores":null,"borda":null,"valor_unitario":"20.000000","status":null,"hora":"14:08:33","foto_produto":"24-12-2023-14-23-40-ESPECIAL.jpg"}],"hora":"2025-07-08 14:14:12"}
[SESSION-LISTAR] {"session_id":"5o4vg8nkvrskllleumb6v3h5tp","sessao_usuario":"2025-07-08-13:59:14-216","hora":"2025-07-08 14:14:12"}
[LISTAR-CARRINHO] {"sessao":"2025-07-08-13:59:14-216","itens":2,"hora":"2025-07-08 14:14:12"}
[LISTAR-ENTRY] {"session_id":"5o4vg8nkvrskllleumb6v3h5tp","sessao_usuario":"2025-07-08-13:59:14-216","hora":"2025-07-08 14:14:12"}
[LISTAR-RESULT] {"sessao":"2025-07-08-13:59:14-216","result":[{"id":280,"sessao":"2025-07-08-13:59:14-216","cliente":0,"produto":100,"quantidade":4,"total_item":"72.00","obs":"","pedido":0,"data":"2025-07-08","id_sabor":null,"categoria":null,"item":null,"variacao":null,"mesa":null,"nome_cliente":null,"nome_produto":"EGGS-BURGUER DE CARNEIRO","sabores":null,"borda":null,"valor_unitario":"18.000000","status":null,"hora":"14:09:29","foto_produto":"15-01-2024-09-42-12-WhatsApp-Image-2023-12-25-at-19.16.05-(5).jpeg"},{"id":279,"sessao":"2025-07-08-13:59:14-216","cliente":0,"produto":14,"quantidade":4,"total_item":"80.00","obs":"","pedido":0,"data":"2025-07-08","id_sabor":null,"categoria":null,"item":null,"variacao":null,"mesa":null,"nome_cliente":null,"nome_produto":"DRAG\u00c3O PICANHA","sabores":null,"borda":null,"valor_unitario":"20.000000","status":null,"hora":"14:08:33","foto_produto":"24-12-2023-14-23-40-ESPECIAL.jpg"}],"hora":"2025-07-08 14:14:12"}
[SESSION-LISTAR] {"session_id":"5o4vg8nkvrskllleumb6v3h5tp","sessao_usuario":"2025-07-08-13:59:14-216","hora":"2025-07-08 14:14:12"}
[LISTAR-CARRINHO] {"sessao":"2025-07-08-13:59:14-216","itens":2,"hora":"2025-07-08 14:14:12"}
[LISTAR-ENTRY] {"session_id":"5o4vg8nkvrskllleumb6v3h5tp","sessao_usuario":"2025-07-08-13:59:14-216","hora":"2025-07-08 14:14:17"}
[LISTAR-RESULT] {"sessao":"2025-07-08-13:59:14-216","result":[{"id":280,"sessao":"2025-07-08-13:59:14-216","cliente":0,"produto":100,"quantidade":4,"total_item":"72.00","obs":"","pedido":0,"data":"2025-07-08","id_sabor":null,"categoria":null,"item":null,"variacao":null,"mesa":null,"nome_cliente":null,"nome_produto":"EGGS-BURGUER DE CARNEIRO","sabores":null,"borda":null,"valor_unitario":"18.000000","status":null,"hora":"14:09:29","foto_produto":"15-01-2024-09-42-12-WhatsApp-Image-2023-12-25-at-19.16.05-(5).jpeg"},{"id":279,"sessao":"2025-07-08-13:59:14-216","cliente":0,"produto":14,"quantidade":4,"total_item":"80.00","obs":"","pedido":0,"data":"2025-07-08","id_sabor":null,"categoria":null,"item":null,"variacao":null,"mesa":null,"nome_cliente":null,"nome_produto":"DRAG\u00c3O PICANHA","sabores":null,"borda":null,"valor_unitario":"20.000000","status":null,"hora":"14:08:33","foto_produto":"24-12-2023-14-23-40-ESPECIAL.jpg"}],"hora":"2025-07-08 14:14:17"}
[SESSION-LISTAR] {"session_id":"5o4vg8nkvrskllleumb6v3h5tp","sessao_usuario":"2025-07-08-13:59:14-216","hora":"2025-07-08 14:14:17"}
[LISTAR-CARRINHO] {"sessao":"2025-07-08-13:59:14-216","itens":2,"hora":"2025-07-08 14:14:17"}
[LISTAR-ENTRY] {"session_id":"5o4vg8nkvrskllleumb6v3h5tp","sessao_usuario":"2025-07-08-13:59:14-216","hora":"2025-07-08 14:14:17"}
[LISTAR-RESULT] {"sessao":"2025-07-08-13:59:14-216","result":[{"id":280,"sessao":"2025-07-08-13:59:14-216","cliente":0,"produto":100,"quantidade":4,"total_item":"72.00","obs":"","pedido":0,"data":"2025-07-08","id_sabor":null,"categoria":null,"item":null,"variacao":null,"mesa":null,"nome_cliente":null,"nome_produto":"EGGS-BURGUER DE CARNEIRO","sabores":null,"borda":null,"valor_unitario":"18.000000","status":null,"hora":"14:09:29","foto_produto":"15-01-2024-09-42-12-WhatsApp-Image-2023-12-25-at-19.16.05-(5).jpeg"},{"id":279,"sessao":"2025-07-08-13:59:14-216","cliente":0,"produto":14,"quantidade":4,"total_item":"80.00","obs":"","pedido":0,"data":"2025-07-08","id_sabor":null,"categoria":null,"item":null,"variacao":null,"mesa":null,"nome_cliente":null,"nome_produto":"DRAG\u00c3O PICANHA","sabores":null,"borda":null,"valor_unitario":"20.000000","status":null,"hora":"14:08:33","foto_produto":"24-12-2023-14-23-40-ESPECIAL.jpg"}],"hora":"2025-07-08 14:14:17"}
[SESSION-LISTAR] {"session_id":"5o4vg8nkvrskllleumb6v3h5tp","sessao_usuario":"2025-07-08-13:59:14-216","hora":"2025-07-08 14:14:17"}
[LISTAR-CARRINHO] {"sessao":"2025-07-08-13:59:14-216","itens":2,"hora":"2025-07-08 14:14:17"}
[LISTAR-ENTRY] {"session_id":"5o4vg8nkvrskllleumb6v3h5tp","sessao_usuario":"2025-07-08-13:59:14-216","hora":"2025-07-08 14:14:17"}
[LISTAR-RESULT] {"sessao":"2025-07-08-13:59:14-216","result":[{"id":280,"sessao":"2025-07-08-13:59:14-216","cliente":0,"produto":100,"quantidade":4,"total_item":"72.00","obs":"","pedido":0,"data":"2025-07-08","id_sabor":null,"categoria":null,"item":null,"variacao":null,"mesa":null,"nome_cliente":null,"nome_produto":"EGGS-BURGUER DE CARNEIRO","sabores":null,"borda":null,"valor_unitario":"18.000000","status":null,"hora":"14:09:29","foto_produto":"15-01-2024-09-42-12-WhatsApp-Image-2023-12-25-at-19.16.05-(5).jpeg"},{"id":279,"sessao":"2025-07-08-13:59:14-216","cliente":0,"produto":14,"quantidade":4,"total_item":"80.00","obs":"","pedido":0,"data":"2025-07-08","id_sabor":null,"categoria":null,"item":null,"variacao":null,"mesa":null,"nome_cliente":null,"nome_produto":"DRAG\u00c3O PICANHA","sabores":null,"borda":null,"valor_unitario":"20.000000","status":null,"hora":"14:08:33","foto_produto":"24-12-2023-14-23-40-ESPECIAL.jpg"}],"hora":"2025-07-08 14:14:17"}
[SESSION-LISTAR] {"session_id":"5o4vg8nkvrskllleumb6v3h5tp","sessao_usuario":"2025-07-08-13:59:14-216","hora":"2025-07-08 14:14:17"}
[LISTAR-CARRINHO] {"sessao":"2025-07-08-13:59:14-216","itens":2,"hora":"2025-07-08 14:14:17"}
[LISTAR-ENTRY] {"session_id":"5o4vg8nkvrskllleumb6v3h5tp","sessao_usuario":"2025-07-08-13:59:14-216","hora":"2025-07-08 14:16:20"}
[LISTAR-RESULT] {"sessao":"2025-07-08-13:59:14-216","result":[{"id":280,"sessao":"2025-07-08-13:59:14-216","cliente":0,"produto":100,"quantidade":4,"total_item":"72.00","obs":"","pedido":0,"data":"2025-07-08","id_sabor":null,"categoria":null,"item":null,"variacao":null,"mesa":null,"nome_cliente":null,"nome_produto":"EGGS-BURGUER DE CARNEIRO","sabores":null,"borda":null,"valor_unitario":"18.000000","status":null,"hora":"14:09:29","foto_produto":"15-01-2024-09-42-12-WhatsApp-Image-2023-12-25-at-19.16.05-(5).jpeg"},{"id":279,"sessao":"2025-07-08-13:59:14-216","cliente":0,"produto":14,"quantidade":4,"total_item":"80.00","obs":"","pedido":0,"data":"2025-07-08","id_sabor":null,"categoria":null,"item":null,"variacao":null,"mesa":null,"nome_cliente":null,"nome_produto":"DRAG\u00c3O PICANHA","sabores":null,"borda":null,"valor_unitario":"20.000000","status":null,"hora":"14:08:33","foto_produto":"24-12-2023-14-23-40-ESPECIAL.jpg"}],"hora":"2025-07-08 14:16:20"}
[SESSION-LISTAR] {"session_id":"5o4vg8nkvrskllleumb6v3h5tp","sessao_usuario":"2025-07-08-13:59:14-216","hora":"2025-07-08 14:16:20"}
[LISTAR-CARRINHO] {"sessao":"2025-07-08-13:59:14-216","itens":2,"hora":"2025-07-08 14:16:20"}
[LISTAR-ENTRY] {"session_id":"5o4vg8nkvrskllleumb6v3h5tp","sessao_usuario":"2025-07-08-13:59:14-216","hora":"2025-07-08 14:16:20"}
[LISTAR-RESULT] {"sessao":"2025-07-08-13:59:14-216","result":[{"id":280,"sessao":"2025-07-08-13:59:14-216","cliente":0,"produto":100,"quantidade":4,"total_item":"72.00","obs":"","pedido":0,"data":"2025-07-08","id_sabor":null,"categoria":null,"item":null,"variacao":null,"mesa":null,"nome_cliente":null,"nome_produto":"EGGS-BURGUER DE CARNEIRO","sabores":null,"borda":null,"valor_unitario":"18.000000","status":null,"hora":"14:09:29","foto_produto":"15-01-2024-09-42-12-WhatsApp-Image-2023-12-25-at-19.16.05-(5).jpeg"},{"id":279,"sessao":"2025-07-08-13:59:14-216","cliente":0,"produto":14,"quantidade":4,"total_item":"80.00","obs":"","pedido":0,"data":"2025-07-08","id_sabor":null,"categoria":null,"item":null,"variacao":null,"mesa":null,"nome_cliente":null,"nome_produto":"DRAG\u00c3O PICANHA","sabores":null,"borda":null,"valor_unitario":"20.000000","status":null,"hora":"14:08:33","foto_produto":"24-12-2023-14-23-40-ESPECIAL.jpg"}],"hora":"2025-07-08 14:16:20"}
[SESSION-LISTAR] {"session_id":"5o4vg8nkvrskllleumb6v3h5tp","sessao_usuario":"2025-07-08-13:59:14-216","hora":"2025-07-08 14:16:20"}
[LISTAR-CARRINHO] {"sessao":"2025-07-08-13:59:14-216","itens":2,"hora":"2025-07-08 14:16:20"}
[LISTAR-ENTRY] {"session_id":"5o4vg8nkvrskllleumb6v3h5tp","sessao_usuario":"2025-07-08-13:59:14-216","hora":"2025-07-08 14:16:20"}
[LISTAR-RESULT] {"sessao":"2025-07-08-13:59:14-216","result":[{"id":280,"sessao":"2025-07-08-13:59:14-216","cliente":0,"produto":100,"quantidade":4,"total_item":"72.00","obs":"","pedido":0,"data":"2025-07-08","id_sabor":null,"categoria":null,"item":null,"variacao":null,"mesa":null,"nome_cliente":null,"nome_produto":"EGGS-BURGUER DE CARNEIRO","sabores":null,"borda":null,"valor_unitario":"18.000000","status":null,"hora":"14:09:29","foto_produto":"15-01-2024-09-42-12-WhatsApp-Image-2023-12-25-at-19.16.05-(5).jpeg"},{"id":279,"sessao":"2025-07-08-13:59:14-216","cliente":0,"produto":14,"quantidade":4,"total_item":"80.00","obs":"","pedido":0,"data":"2025-07-08","id_sabor":null,"categoria":null,"item":null,"variacao":null,"mesa":null,"nome_cliente":null,"nome_produto":"DRAG\u00c3O PICANHA","sabores":null,"borda":null,"valor_unitario":"20.000000","status":null,"hora":"14:08:33","foto_produto":"24-12-2023-14-23-40-ESPECIAL.jpg"}],"hora":"2025-07-08 14:16:20"}
[SESSION-LISTAR] {"session_id":"5o4vg8nkvrskllleumb6v3h5tp","sessao_usuario":"2025-07-08-13:59:14-216","hora":"2025-07-08 14:16:20"}
[LISTAR-CARRINHO] {"sessao":"2025-07-08-13:59:14-216","itens":2,"hora":"2025-07-08 14:16:20"}
[LISTAR-ENTRY] {"session_id":"5o4vg8nkvrskllleumb6v3h5tp","sessao_usuario":"2025-07-08-13:59:14-216","hora":"2025-07-08 14:16:22"}
[LISTAR-RESULT] {"sessao":"2025-07-08-13:59:14-216","result":[{"id":280,"sessao":"2025-07-08-13:59:14-216","cliente":0,"produto":100,"quantidade":4,"total_item":"72.00","obs":"","pedido":0,"data":"2025-07-08","id_sabor":null,"categoria":null,"item":null,"variacao":null,"mesa":null,"nome_cliente":null,"nome_produto":"EGGS-BURGUER DE CARNEIRO","sabores":null,"borda":null,"valor_unitario":"18.000000","status":null,"hora":"14:09:29","foto_produto":"15-01-2024-09-42-12-WhatsApp-Image-2023-12-25-at-19.16.05-(5).jpeg"},{"id":279,"sessao":"2025-07-08-13:59:14-216","cliente":0,"produto":14,"quantidade":4,"total_item":"80.00","obs":"","pedido":0,"data":"2025-07-08","id_sabor":null,"categoria":null,"item":null,"variacao":null,"mesa":null,"nome_cliente":null,"nome_produto":"DRAG\u00c3O PICANHA","sabores":null,"borda":null,"valor_unitario":"20.000000","status":null,"hora":"14:08:33","foto_produto":"24-12-2023-14-23-40-ESPECIAL.jpg"}],"hora":"2025-07-08 14:16:22"}
[SESSION-LISTAR] {"session_id":"5o4vg8nkvrskllleumb6v3h5tp","sessao_usuario":"2025-07-08-13:59:14-216","hora":"2025-07-08 14:16:22"}
[LISTAR-CARRINHO] {"sessao":"2025-07-08-13:59:14-216","itens":2,"hora":"2025-07-08 14:16:22"}
[LISTAR-ENTRY] {"session_id":"5o4vg8nkvrskllleumb6v3h5tp","sessao_usuario":"2025-07-08-13:59:14-216","hora":"2025-07-08 14:16:22"}
[LISTAR-RESULT] {"sessao":"2025-07-08-13:59:14-216","result":[{"id":280,"sessao":"2025-07-08-13:59:14-216","cliente":0,"produto":100,"quantidade":4,"total_item":"72.00","obs":"","pedido":0,"data":"2025-07-08","id_sabor":null,"categoria":null,"item":null,"variacao":null,"mesa":null,"nome_cliente":null,"nome_produto":"EGGS-BURGUER DE CARNEIRO","sabores":null,"borda":null,"valor_unitario":"18.000000","status":null,"hora":"14:09:29","foto_produto":"15-01-2024-09-42-12-WhatsApp-Image-2023-12-25-at-19.16.05-(5).jpeg"},{"id":279,"sessao":"2025-07-08-13:59:14-216","cliente":0,"produto":14,"quantidade":4,"total_item":"80.00","obs":"","pedido":0,"data":"2025-07-08","id_sabor":null,"categoria":null,"item":null,"variacao":null,"mesa":null,"nome_cliente":null,"nome_produto":"DRAG\u00c3O PICANHA","sabores":null,"borda":null,"valor_unitario":"20.000000","status":null,"hora":"14:08:33","foto_produto":"24-12-2023-14-23-40-ESPECIAL.jpg"}],"hora":"2025-07-08 14:16:22"}
[SESSION-LISTAR] {"session_id":"5o4vg8nkvrskllleumb6v3h5tp","sessao_usuario":"2025-07-08-13:59:14-216","hora":"2025-07-08 14:16:22"}
[LISTAR-CARRINHO] {"sessao":"2025-07-08-13:59:14-216","itens":2,"hora":"2025-07-08 14:16:22"}
[LISTAR-ENTRY] {"session_id":"5o4vg8nkvrskllleumb6v3h5tp","sessao_usuario":"2025-07-08-13:59:14-216","hora":"2025-07-08 14:16:22"}
[LISTAR-RESULT] {"sessao":"2025-07-08-13:59:14-216","result":[{"id":280,"sessao":"2025-07-08-13:59:14-216","cliente":0,"produto":100,"quantidade":4,"total_item":"72.00","obs":"","pedido":0,"data":"2025-07-08","id_sabor":null,"categoria":null,"item":null,"variacao":null,"mesa":null,"nome_cliente":null,"nome_produto":"EGGS-BURGUER DE CARNEIRO","sabores":null,"borda":null,"valor_unitario":"18.000000","status":null,"hora":"14:09:29","foto_produto":"15-01-2024-09-42-12-WhatsApp-Image-2023-12-25-at-19.16.05-(5).jpeg"},{"id":279,"sessao":"2025-07-08-13:59:14-216","cliente":0,"produto":14,"quantidade":4,"total_item":"80.00","obs":"","pedido":0,"data":"2025-07-08","id_sabor":null,"categoria":null,"item":null,"variacao":null,"mesa":null,"nome_cliente":null,"nome_produto":"DRAG\u00c3O PICANHA","sabores":null,"borda":null,"valor_unitario":"20.000000","status":null,"hora":"14:08:33","foto_produto":"24-12-2023-14-23-40-ESPECIAL.jpg"}],"hora":"2025-07-08 14:16:22"}
[SESSION-LISTAR] {"session_id":"5o4vg8nkvrskllleumb6v3h5tp","sessao_usuario":"2025-07-08-13:59:14-216","hora":"2025-07-08 14:16:22"}
[LISTAR-CARRINHO] {"sessao":"2025-07-08-13:59:14-216","itens":2,"hora":"2025-07-08 14:16:22"}
[LISTAR-ENTRY] {"session_id":"5o4vg8nkvrskllleumb6v3h5tp","sessao_usuario":"2025-07-08-13:59:14-216","hora":"2025-07-08 14:16:23"}
[LISTAR-RESULT] {"sessao":"2025-07-08-13:59:14-216","result":[{"id":280,"sessao":"2025-07-08-13:59:14-216","cliente":0,"produto":100,"quantidade":4,"total_item":"72.00","obs":"","pedido":0,"data":"2025-07-08","id_sabor":null,"categoria":null,"item":null,"variacao":null,"mesa":null,"nome_cliente":null,"nome_produto":"EGGS-BURGUER DE CARNEIRO","sabores":null,"borda":null,"valor_unitario":"18.000000","status":null,"hora":"14:09:29","foto_produto":"15-01-2024-09-42-12-WhatsApp-Image-2023-12-25-at-19.16.05-(5).jpeg"},{"id":279,"sessao":"2025-07-08-13:59:14-216","cliente":0,"produto":14,"quantidade":4,"total_item":"80.00","obs":"","pedido":0,"data":"2025-07-08","id_sabor":null,"categoria":null,"item":null,"variacao":null,"mesa":null,"nome_cliente":null,"nome_produto":"DRAG\u00c3O PICANHA","sabores":null,"borda":null,"valor_unitario":"20.000000","status":null,"hora":"14:08:33","foto_produto":"24-12-2023-14-23-40-ESPECIAL.jpg"}],"hora":"2025-07-08 14:16:23"}
[SESSION-LISTAR] {"session_id":"5o4vg8nkvrskllleumb6v3h5tp","sessao_usuario":"2025-07-08-13:59:14-216","hora":"2025-07-08 14:16:23"}
[LISTAR-CARRINHO] {"sessao":"2025-07-08-13:59:14-216","itens":2,"hora":"2025-07-08 14:16:23"}
[LISTAR-ENTRY] {"session_id":"5o4vg8nkvrskllleumb6v3h5tp","sessao_usuario":"2025-07-08-13:59:14-216","hora":"2025-07-08 14:16:23"}
[LISTAR-RESULT] {"sessao":"2025-07-08-13:59:14-216","result":[{"id":280,"sessao":"2025-07-08-13:59:14-216","cliente":0,"produto":100,"quantidade":4,"total_item":"72.00","obs":"","pedido":0,"data":"2025-07-08","id_sabor":null,"categoria":null,"item":null,"variacao":null,"mesa":null,"nome_cliente":null,"nome_produto":"EGGS-BURGUER DE CARNEIRO","sabores":null,"borda":null,"valor_unitario":"18.000000","status":null,"hora":"14:09:29","foto_produto":"15-01-2024-09-42-12-WhatsApp-Image-2023-12-25-at-19.16.05-(5).jpeg"},{"id":279,"sessao":"2025-07-08-13:59:14-216","cliente":0,"produto":14,"quantidade":4,"total_item":"80.00","obs":"","pedido":0,"data":"2025-07-08","id_sabor":null,"categoria":null,"item":null,"variacao":null,"mesa":null,"nome_cliente":null,"nome_produto":"DRAG\u00c3O PICANHA","sabores":null,"borda":null,"valor_unitario":"20.000000","status":null,"hora":"14:08:33","foto_produto":"24-12-2023-14-23-40-ESPECIAL.jpg"}],"hora":"2025-07-08 14:16:23"}
[SESSION-LISTAR] {"session_id":"5o4vg8nkvrskllleumb6v3h5tp","sessao_usuario":"2025-07-08-13:59:14-216","hora":"2025-07-08 14:16:23"}
[LISTAR-CARRINHO] {"sessao":"2025-07-08-13:59:14-216","itens":2,"hora":"2025-07-08 14:16:23"}
[LISTAR-ENTRY] {"session_id":"5o4vg8nkvrskllleumb6v3h5tp","sessao_usuario":"2025-07-08-13:59:14-216","hora":"2025-07-08 14:16:23"}
[LISTAR-RESULT] {"sessao":"2025-07-08-13:59:14-216","result":[{"id":280,"sessao":"2025-07-08-13:59:14-216","cliente":0,"produto":100,"quantidade":4,"total_item":"72.00","obs":"","pedido":0,"data":"2025-07-08","id_sabor":null,"categoria":null,"item":null,"variacao":null,"mesa":null,"nome_cliente":null,"nome_produto":"EGGS-BURGUER DE CARNEIRO","sabores":null,"borda":null,"valor_unitario":"18.000000","status":null,"hora":"14:09:29","foto_produto":"15-01-2024-09-42-12-WhatsApp-Image-2023-12-25-at-19.16.05-(5).jpeg"},{"id":279,"sessao":"2025-07-08-13:59:14-216","cliente":0,"produto":14,"quantidade":4,"total_item":"80.00","obs":"","pedido":0,"data":"2025-07-08","id_sabor":null,"categoria":null,"item":null,"variacao":null,"mesa":null,"nome_cliente":null,"nome_produto":"DRAG\u00c3O PICANHA","sabores":null,"borda":null,"valor_unitario":"20.000000","status":null,"hora":"14:08:33","foto_produto":"24-12-2023-14-23-40-ESPECIAL.jpg"}],"hora":"2025-07-08 14:16:23"}
[SESSION-LISTAR] {"session_id":"5o4vg8nkvrskllleumb6v3h5tp","sessao_usuario":"2025-07-08-13:59:14-216","hora":"2025-07-08 14:16:23"}
[LISTAR-CARRINHO] {"sessao":"2025-07-08-13:59:14-216","itens":2,"hora":"2025-07-08 14:16:23"}
[LISTAR-ENTRY] {"session_id":"5o4vg8nkvrskllleumb6v3h5tp","sessao_usuario":"2025-07-08-13:59:14-216","hora":"2025-07-08 14:16:26"}
[LISTAR-RESULT] {"sessao":"2025-07-08-13:59:14-216","result":[{"id":280,"sessao":"2025-07-08-13:59:14-216","cliente":0,"produto":100,"quantidade":4,"total_item":"72.00","obs":"","pedido":0,"data":"2025-07-08","id_sabor":null,"categoria":null,"item":null,"variacao":null,"mesa":null,"nome_cliente":null,"nome_produto":"EGGS-BURGUER DE CARNEIRO","sabores":null,"borda":null,"valor_unitario":"18.000000","status":null,"hora":"14:09:29","foto_produto":"15-01-2024-09-42-12-WhatsApp-Image-2023-12-25-at-19.16.05-(5).jpeg"},{"id":279,"sessao":"2025-07-08-13:59:14-216","cliente":0,"produto":14,"quantidade":4,"total_item":"80.00","obs":"","pedido":0,"data":"2025-07-08","id_sabor":null,"categoria":null,"item":null,"variacao":null,"mesa":null,"nome_cliente":null,"nome_produto":"DRAG\u00c3O PICANHA","sabores":null,"borda":null,"valor_unitario":"20.000000","status":null,"hora":"14:08:33","foto_produto":"24-12-2023-14-23-40-ESPECIAL.jpg"}],"hora":"2025-07-08 14:16:26"}
[SESSION-LISTAR] {"session_id":"5o4vg8nkvrskllleumb6v3h5tp","sessao_usuario":"2025-07-08-13:59:14-216","hora":"2025-07-08 14:16:26"}
[LISTAR-CARRINHO] {"sessao":"2025-07-08-13:59:14-216","itens":2,"hora":"2025-07-08 14:16:26"}
[LISTAR-ENTRY] {"session_id":"5o4vg8nkvrskllleumb6v3h5tp","sessao_usuario":"2025-07-08-13:59:14-216","hora":"2025-07-08 14:16:26"}
[LISTAR-RESULT] {"sessao":"2025-07-08-13:59:14-216","result":[{"id":280,"sessao":"2025-07-08-13:59:14-216","cliente":0,"produto":100,"quantidade":4,"total_item":"72.00","obs":"","pedido":0,"data":"2025-07-08","id_sabor":null,"categoria":null,"item":null,"variacao":null,"mesa":null,"nome_cliente":null,"nome_produto":"EGGS-BURGUER DE CARNEIRO","sabores":null,"borda":null,"valor_unitario":"18.000000","status":null,"hora":"14:09:29","foto_produto":"15-01-2024-09-42-12-WhatsApp-Image-2023-12-25-at-19.16.05-(5).jpeg"},{"id":279,"sessao":"2025-07-08-13:59:14-216","cliente":0,"produto":14,"quantidade":4,"total_item":"80.00","obs":"","pedido":0,"data":"2025-07-08","id_sabor":null,"categoria":null,"item":null,"variacao":null,"mesa":null,"nome_cliente":null,"nome_produto":"DRAG\u00c3O PICANHA","sabores":null,"borda":null,"valor_unitario":"20.000000","status":null,"hora":"14:08:33","foto_produto":"24-12-2023-14-23-40-ESPECIAL.jpg"}],"hora":"2025-07-08 14:16:26"}
[SESSION-LISTAR] {"session_id":"5o4vg8nkvrskllleumb6v3h5tp","sessao_usuario":"2025-07-08-13:59:14-216","hora":"2025-07-08 14:16:26"}
[LISTAR-CARRINHO] {"sessao":"2025-07-08-13:59:14-216","itens":2,"hora":"2025-07-08 14:16:26"}
[LISTAR-ENTRY] {"session_id":"5o4vg8nkvrskllleumb6v3h5tp","sessao_usuario":"2025-07-08-13:59:14-216","hora":"2025-07-08 14:16:26"}
[LISTAR-RESULT] {"sessao":"2025-07-08-13:59:14-216","result":[{"id":280,"sessao":"2025-07-08-13:59:14-216","cliente":0,"produto":100,"quantidade":4,"total_item":"72.00","obs":"","pedido":0,"data":"2025-07-08","id_sabor":null,"categoria":null,"item":null,"variacao":null,"mesa":null,"nome_cliente":null,"nome_produto":"EGGS-BURGUER DE CARNEIRO","sabores":null,"borda":null,"valor_unitario":"18.000000","status":null,"hora":"14:09:29","foto_produto":"15-01-2024-09-42-12-WhatsApp-Image-2023-12-25-at-19.16.05-(5).jpeg"},{"id":279,"sessao":"2025-07-08-13:59:14-216","cliente":0,"produto":14,"quantidade":4,"total_item":"80.00","obs":"","pedido":0,"data":"2025-07-08","id_sabor":null,"categoria":null,"item":null,"variacao":null,"mesa":null,"nome_cliente":null,"nome_produto":"DRAG\u00c3O PICANHA","sabores":null,"borda":null,"valor_unitario":"20.000000","status":null,"hora":"14:08:33","foto_produto":"24-12-2023-14-23-40-ESPECIAL.jpg"}],"hora":"2025-07-08 14:16:26"}
[SESSION-LISTAR] {"session_id":"5o4vg8nkvrskllleumb6v3h5tp","sessao_usuario":"2025-07-08-13:59:14-216","hora":"2025-07-08 14:16:26"}
[LISTAR-CARRINHO] {"sessao":"2025-07-08-13:59:14-216","itens":2,"hora":"2025-07-08 14:16:26"}
[LISTAR-ENTRY] {"session_id":"5o4vg8nkvrskllleumb6v3h5tp","sessao_usuario":"2025-07-08-13:59:14-216","hora":"2025-07-08 14:19:23"}
[LISTAR-RESULT] {"sessao":"2025-07-08-13:59:14-216","result":[{"id":280,"sessao":"2025-07-08-13:59:14-216","cliente":0,"produto":100,"quantidade":4,"total_item":"72.00","obs":"","pedido":0,"data":"2025-07-08","id_sabor":null,"categoria":null,"item":null,"variacao":null,"mesa":null,"nome_cliente":null,"nome_produto":"EGGS-BURGUER DE CARNEIRO","sabores":null,"borda":null,"valor_unitario":"18.000000","status":null,"hora":"14:09:29","foto_produto":"15-01-2024-09-42-12-WhatsApp-Image-2023-12-25-at-19.16.05-(5).jpeg"},{"id":279,"sessao":"2025-07-08-13:59:14-216","cliente":0,"produto":14,"quantidade":4,"total_item":"80.00","obs":"","pedido":0,"data":"2025-07-08","id_sabor":null,"categoria":null,"item":null,"variacao":null,"mesa":null,"nome_cliente":null,"nome_produto":"DRAG\u00c3O PICANHA","sabores":null,"borda":null,"valor_unitario":"20.000000","status":null,"hora":"14:08:33","foto_produto":"24-12-2023-14-23-40-ESPECIAL.jpg"}],"hora":"2025-07-08 14:19:23"}
[SESSION-LISTAR] {"session_id":"5o4vg8nkvrskllleumb6v3h5tp","sessao_usuario":"2025-07-08-13:59:14-216","hora":"2025-07-08 14:19:23"}
[LISTAR-CARRINHO] {"sessao":"2025-07-08-13:59:14-216","itens":2,"hora":"2025-07-08 14:19:23"}
[LISTAR-ENTRY] {"session_id":"5o4vg8nkvrskllleumb6v3h5tp","sessao_usuario":"2025-07-08-13:59:14-216","hora":"2025-07-08 14:19:24"}
[LISTAR-RESULT] {"sessao":"2025-07-08-13:59:14-216","result":[{"id":280,"sessao":"2025-07-08-13:59:14-216","cliente":0,"produto":100,"quantidade":4,"total_item":"72.00","obs":"","pedido":0,"data":"2025-07-08","id_sabor":null,"categoria":null,"item":null,"variacao":null,"mesa":null,"nome_cliente":null,"nome_produto":"EGGS-BURGUER DE CARNEIRO","sabores":null,"borda":null,"valor_unitario":"18.000000","status":null,"hora":"14:09:29","foto_produto":"15-01-2024-09-42-12-WhatsApp-Image-2023-12-25-at-19.16.05-(5).jpeg"},{"id":279,"sessao":"2025-07-08-13:59:14-216","cliente":0,"produto":14,"quantidade":4,"total_item":"80.00","obs":"","pedido":0,"data":"2025-07-08","id_sabor":null,"categoria":null,"item":null,"variacao":null,"mesa":null,"nome_cliente":null,"nome_produto":"DRAG\u00c3O PICANHA","sabores":null,"borda":null,"valor_unitario":"20.000000","status":null,"hora":"14:08:33","foto_produto":"24-12-2023-14-23-40-ESPECIAL.jpg"}],"hora":"2025-07-08 14:19:24"}
[SESSION-LISTAR] {"session_id":"5o4vg8nkvrskllleumb6v3h5tp","sessao_usuario":"2025-07-08-13:59:14-216","hora":"2025-07-08 14:19:24"}
[LISTAR-CARRINHO] {"sessao":"2025-07-08-13:59:14-216","itens":2,"hora":"2025-07-08 14:19:24"}
[LISTAR-ENTRY] {"session_id":"5o4vg8nkvrskllleumb6v3h5tp","sessao_usuario":"2025-07-08-13:59:14-216","hora":"2025-07-08 14:19:24"}
[LISTAR-RESULT] {"sessao":"2025-07-08-13:59:14-216","result":[{"id":280,"sessao":"2025-07-08-13:59:14-216","cliente":0,"produto":100,"quantidade":4,"total_item":"72.00","obs":"","pedido":0,"data":"2025-07-08","id_sabor":null,"categoria":null,"item":null,"variacao":null,"mesa":null,"nome_cliente":null,"nome_produto":"EGGS-BURGUER DE CARNEIRO","sabores":null,"borda":null,"valor_unitario":"18.000000","status":null,"hora":"14:09:29","foto_produto":"15-01-2024-09-42-12-WhatsApp-Image-2023-12-25-at-19.16.05-(5).jpeg"},{"id":279,"sessao":"2025-07-08-13:59:14-216","cliente":0,"produto":14,"quantidade":4,"total_item":"80.00","obs":"","pedido":0,"data":"2025-07-08","id_sabor":null,"categoria":null,"item":null,"variacao":null,"mesa":null,"nome_cliente":null,"nome_produto":"DRAG\u00c3O PICANHA","sabores":null,"borda":null,"valor_unitario":"20.000000","status":null,"hora":"14:08:33","foto_produto":"24-12-2023-14-23-40-ESPECIAL.jpg"}],"hora":"2025-07-08 14:19:24"}
[SESSION-LISTAR] {"session_id":"5o4vg8nkvrskllleumb6v3h5tp","sessao_usuario":"2025-07-08-13:59:14-216","hora":"2025-07-08 14:19:24"}
[LISTAR-CARRINHO] {"sessao":"2025-07-08-13:59:14-216","itens":2,"hora":"2025-07-08 14:19:24"}
[LISTAR-ENTRY] {"session_id":"5o4vg8nkvrskllleumb6v3h5tp","sessao_usuario":"2025-07-08-13:59:14-216","hora":"2025-07-08 14:21:09"}
[LISTAR-RESULT] {"sessao":"2025-07-08-13:59:14-216","result":[{"id":280,"sessao":"2025-07-08-13:59:14-216","cliente":0,"produto":100,"quantidade":5,"total_item":"90.00","obs":"","pedido":0,"data":"2025-07-08","id_sabor":null,"categoria":null,"item":null,"variacao":null,"mesa":null,"nome_cliente":null,"nome_produto":"EGGS-BURGUER DE CARNEIRO","sabores":null,"borda":null,"valor_unitario":"18.000000","status":null,"hora":"14:09:29","foto_produto":"15-01-2024-09-42-12-WhatsApp-Image-2023-12-25-at-19.16.05-(5).jpeg"},{"id":279,"sessao":"2025-07-08-13:59:14-216","cliente":0,"produto":14,"quantidade":4,"total_item":"80.00","obs":"","pedido":0,"data":"2025-07-08","id_sabor":null,"categoria":null,"item":null,"variacao":null,"mesa":null,"nome_cliente":null,"nome_produto":"DRAG\u00c3O PICANHA","sabores":null,"borda":null,"valor_unitario":"20.000000","status":null,"hora":"14:08:33","foto_produto":"24-12-2023-14-23-40-ESPECIAL.jpg"}],"hora":"2025-07-08 14:21:09"}
[SESSION-LISTAR] {"session_id":"5o4vg8nkvrskllleumb6v3h5tp","sessao_usuario":"2025-07-08-13:59:14-216","hora":"2025-07-08 14:21:09"}
[LISTAR-CARRINHO] {"sessao":"2025-07-08-13:59:14-216","itens":2,"hora":"2025-07-08 14:21:09"}
[LISTAR-ENTRY] {"session_id":"5o4vg8nkvrskllleumb6v3h5tp","sessao_usuario":"2025-07-08-13:59:14-216","hora":"2025-07-08 14:21:09"}
[LISTAR-RESULT] {"sessao":"2025-07-08-13:59:14-216","result":[{"id":280,"sessao":"2025-07-08-13:59:14-216","cliente":0,"produto":100,"quantidade":6,"total_item":"108.00","obs":"","pedido":0,"data":"2025-07-08","id_sabor":null,"categoria":null,"item":null,"variacao":null,"mesa":null,"nome_cliente":null,"nome_produto":"EGGS-BURGUER DE CARNEIRO","sabores":null,"borda":null,"valor_unitario":"18.000000","status":null,"hora":"14:09:29","foto_produto":"15-01-2024-09-42-12-WhatsApp-Image-2023-12-25-at-19.16.05-(5).jpeg"},{"id":279,"sessao":"2025-07-08-13:59:14-216","cliente":0,"produto":14,"quantidade":4,"total_item":"80.00","obs":"","pedido":0,"data":"2025-07-08","id_sabor":null,"categoria":null,"item":null,"variacao":null,"mesa":null,"nome_cliente":null,"nome_produto":"DRAG\u00c3O PICANHA","sabores":null,"borda":null,"valor_unitario":"20.000000","status":null,"hora":"14:08:33","foto_produto":"24-12-2023-14-23-40-ESPECIAL.jpg"}],"hora":"2025-07-08 14:21:09"}
[SESSION-LISTAR] {"session_id":"5o4vg8nkvrskllleumb6v3h5tp","sessao_usuario":"2025-07-08-13:59:14-216","hora":"2025-07-08 14:21:09"}
[LISTAR-CARRINHO] {"sessao":"2025-07-08-13:59:14-216","itens":2,"hora":"2025-07-08 14:21:09"}
[LISTAR-ENTRY] {"session_id":"5o4vg8nkvrskllleumb6v3h5tp","sessao_usuario":"2025-07-08-13:59:14-216","hora":"2025-07-08 14:21:10"}
[LISTAR-RESULT] {"sessao":"2025-07-08-13:59:14-216","result":[{"id":280,"sessao":"2025-07-08-13:59:14-216","cliente":0,"produto":100,"quantidade":6,"total_item":"108.00","obs":"","pedido":0,"data":"2025-07-08","id_sabor":null,"categoria":null,"item":null,"variacao":null,"mesa":null,"nome_cliente":null,"nome_produto":"EGGS-BURGUER DE CARNEIRO","sabores":null,"borda":null,"valor_unitario":"18.000000","status":null,"hora":"14:09:29","foto_produto":"15-01-2024-09-42-12-WhatsApp-Image-2023-12-25-at-19.16.05-(5).jpeg"},{"id":279,"sessao":"2025-07-08-13:59:14-216","cliente":0,"produto":14,"quantidade":5,"total_item":"100.00","obs":"","pedido":0,"data":"2025-07-08","id_sabor":null,"categoria":null,"item":null,"variacao":null,"mesa":null,"nome_cliente":null,"nome_produto":"DRAG\u00c3O PICANHA","sabores":null,"borda":null,"valor_unitario":"20.000000","status":null,"hora":"14:08:33","foto_produto":"24-12-2023-14-23-40-ESPECIAL.jpg"}],"hora":"2025-07-08 14:21:10"}
[SESSION-LISTAR] {"session_id":"5o4vg8nkvrskllleumb6v3h5tp","sessao_usuario":"2025-07-08-13:59:14-216","hora":"2025-07-08 14:21:10"}
[LISTAR-CARRINHO] {"sessao":"2025-07-08-13:59:14-216","itens":2,"hora":"2025-07-08 14:21:10"}
[LISTAR-ENTRY] {"session_id":"5o4vg8nkvrskllleumb6v3h5tp","sessao_usuario":"2025-07-08-13:59:14-216","hora":"2025-07-08 14:21:11"}
[LISTAR-RESULT] {"sessao":"2025-07-08-13:59:14-216","result":[{"id":280,"sessao":"2025-07-08-13:59:14-216","cliente":0,"produto":100,"quantidade":6,"total_item":"108.00","obs":"","pedido":0,"data":"2025-07-08","id_sabor":null,"categoria":null,"item":null,"variacao":null,"mesa":null,"nome_cliente":null,"nome_produto":"EGGS-BURGUER DE CARNEIRO","sabores":null,"borda":null,"valor_unitario":"18.000000","status":null,"hora":"14:09:29","foto_produto":"15-01-2024-09-42-12-WhatsApp-Image-2023-12-25-at-19.16.05-(5).jpeg"},{"id":279,"sessao":"2025-07-08-13:59:14-216","cliente":0,"produto":14,"quantidade":6,"total_item":"120.00","obs":"","pedido":0,"data":"2025-07-08","id_sabor":null,"categoria":null,"item":null,"variacao":null,"mesa":null,"nome_cliente":null,"nome_produto":"DRAG\u00c3O PICANHA","sabores":null,"borda":null,"valor_unitario":"20.000000","status":null,"hora":"14:08:33","foto_produto":"24-12-2023-14-23-40-ESPECIAL.jpg"}],"hora":"2025-07-08 14:21:11"}
[SESSION-LISTAR] {"session_id":"5o4vg8nkvrskllleumb6v3h5tp","sessao_usuario":"2025-07-08-13:59:14-216","hora":"2025-07-08 14:21:11"}
[LISTAR-CARRINHO] {"sessao":"2025-07-08-13:59:14-216","itens":2,"hora":"2025-07-08 14:21:11"}
[LISTAR-ENTRY] {"session_id":"5o4vg8nkvrskllleumb6v3h5tp","sessao_usuario":"2025-07-08-13:59:14-216","hora":"2025-07-08 14:21:24"}
[LISTAR-RESULT] {"sessao":"2025-07-08-13:59:14-216","result":[{"id":280,"sessao":"2025-07-08-13:59:14-216","cliente":0,"produto":100,"quantidade":6,"total_item":"108.00","obs":"","pedido":0,"data":"2025-07-08","id_sabor":null,"categoria":null,"item":null,"variacao":null,"mesa":null,"nome_cliente":null,"nome_produto":"EGGS-BURGUER DE CARNEIRO","sabores":null,"borda":null,"valor_unitario":"18.000000","status":null,"hora":"14:09:29","foto_produto":"15-01-2024-09-42-12-WhatsApp-Image-2023-12-25-at-19.16.05-(5).jpeg"},{"id":279,"sessao":"2025-07-08-13:59:14-216","cliente":0,"produto":14,"quantidade":6,"total_item":"120.00","obs":"","pedido":0,"data":"2025-07-08","id_sabor":null,"categoria":null,"item":null,"variacao":null,"mesa":null,"nome_cliente":null,"nome_produto":"DRAG\u00c3O PICANHA","sabores":null,"borda":null,"valor_unitario":"20.000000","status":null,"hora":"14:08:33","foto_produto":"24-12-2023-14-23-40-ESPECIAL.jpg"}],"hora":"2025-07-08 14:21:24"}
[SESSION-LISTAR] {"session_id":"5o4vg8nkvrskllleumb6v3h5tp","sessao_usuario":"2025-07-08-13:59:14-216","hora":"2025-07-08 14:21:24"}
[LISTAR-CARRINHO] {"sessao":"2025-07-08-13:59:14-216","itens":2,"hora":"2025-07-08 14:21:24"}
[LISTAR-ENTRY] {"session_id":"5o4vg8nkvrskllleumb6v3h5tp","sessao_usuario":"2025-07-08-13:59:14-216","hora":"2025-07-08 14:21:24"}
[LISTAR-RESULT] {"sessao":"2025-07-08-13:59:14-216","result":[{"id":280,"sessao":"2025-07-08-13:59:14-216","cliente":0,"produto":100,"quantidade":6,"total_item":"108.00","obs":"","pedido":0,"data":"2025-07-08","id_sabor":null,"categoria":null,"item":null,"variacao":null,"mesa":null,"nome_cliente":null,"nome_produto":"EGGS-BURGUER DE CARNEIRO","sabores":null,"borda":null,"valor_unitario":"18.000000","status":null,"hora":"14:09:29","foto_produto":"15-01-2024-09-42-12-WhatsApp-Image-2023-12-25-at-19.16.05-(5).jpeg"},{"id":279,"sessao":"2025-07-08-13:59:14-216","cliente":0,"produto":14,"quantidade":6,"total_item":"120.00","obs":"","pedido":0,"data":"2025-07-08","id_sabor":null,"categoria":null,"item":null,"variacao":null,"mesa":null,"nome_cliente":null,"nome_produto":"DRAG\u00c3O PICANHA","sabores":null,"borda":null,"valor_unitario":"20.000000","status":null,"hora":"14:08:33","foto_produto":"24-12-2023-14-23-40-ESPECIAL.jpg"}],"hora":"2025-07-08 14:21:24"}
[SESSION-LISTAR] {"session_id":"5o4vg8nkvrskllleumb6v3h5tp","sessao_usuario":"2025-07-08-13:59:14-216","hora":"2025-07-08 14:21:24"}
[LISTAR-CARRINHO] {"sessao":"2025-07-08-13:59:14-216","itens":2,"hora":"2025-07-08 14:21:24"}
[LISTAR-ENTRY] {"session_id":"5o4vg8nkvrskllleumb6v3h5tp","sessao_usuario":"2025-07-08-13:59:14-216","hora":"2025-07-08 14:21:24"}
[LISTAR-RESULT] {"sessao":"2025-07-08-13:59:14-216","result":[{"id":280,"sessao":"2025-07-08-13:59:14-216","cliente":0,"produto":100,"quantidade":6,"total_item":"108.00","obs":"","pedido":0,"data":"2025-07-08","id_sabor":null,"categoria":null,"item":null,"variacao":null,"mesa":null,"nome_cliente":null,"nome_produto":"EGGS-BURGUER DE CARNEIRO","sabores":null,"borda":null,"valor_unitario":"18.000000","status":null,"hora":"14:09:29","foto_produto":"15-01-2024-09-42-12-WhatsApp-Image-2023-12-25-at-19.16.05-(5).jpeg"},{"id":279,"sessao":"2025-07-08-13:59:14-216","cliente":0,"produto":14,"quantidade":6,"total_item":"120.00","obs":"","pedido":0,"data":"2025-07-08","id_sabor":null,"categoria":null,"item":null,"variacao":null,"mesa":null,"nome_cliente":null,"nome_produto":"DRAG\u00c3O PICANHA","sabores":null,"borda":null,"valor_unitario":"20.000000","status":null,"hora":"14:08:33","foto_produto":"24-12-2023-14-23-40-ESPECIAL.jpg"}],"hora":"2025-07-08 14:21:24"}
[SESSION-LISTAR] {"session_id":"5o4vg8nkvrskllleumb6v3h5tp","sessao_usuario":"2025-07-08-13:59:14-216","hora":"2025-07-08 14:21:24"}
[LISTAR-CARRINHO] {"sessao":"2025-07-08-13:59:14-216","itens":2,"hora":"2025-07-08 14:21:24"}
[LISTAR-ENTRY] {"session_id":"5o4vg8nkvrskllleumb6v3h5tp","sessao_usuario":"2025-07-08-13:59:14-216","hora":"2025-07-08 14:21:57"}
[LISTAR-RESULT] {"sessao":"2025-07-08-13:59:14-216","result":[{"id":280,"sessao":"2025-07-08-13:59:14-216","cliente":0,"produto":100,"quantidade":6,"total_item":"108.00","obs":"","pedido":0,"data":"2025-07-08","id_sabor":null,"categoria":null,"item":null,"variacao":null,"mesa":null,"nome_cliente":null,"nome_produto":"EGGS-BURGUER DE CARNEIRO","sabores":null,"borda":null,"valor_unitario":"18.000000","status":null,"hora":"14:09:29","foto_produto":"15-01-2024-09-42-12-WhatsApp-Image-2023-12-25-at-19.16.05-(5).jpeg"},{"id":279,"sessao":"2025-07-08-13:59:14-216","cliente":0,"produto":14,"quantidade":6,"total_item":"120.00","obs":"","pedido":0,"data":"2025-07-08","id_sabor":null,"categoria":null,"item":null,"variacao":null,"mesa":null,"nome_cliente":null,"nome_produto":"DRAG\u00c3O PICANHA","sabores":null,"borda":null,"valor_unitario":"20.000000","status":null,"hora":"14:08:33","foto_produto":"24-12-2023-14-23-40-ESPECIAL.jpg"}],"hora":"2025-07-08 14:21:57"}
[SESSION-LISTAR] {"session_id":"5o4vg8nkvrskllleumb6v3h5tp","sessao_usuario":"2025-07-08-13:59:14-216","hora":"2025-07-08 14:21:57"}
[LISTAR-CARRINHO] {"sessao":"2025-07-08-13:59:14-216","itens":2,"hora":"2025-07-08 14:21:57"}
[LISTAR-ENTRY] {"session_id":"5o4vg8nkvrskllleumb6v3h5tp","sessao_usuario":"2025-07-08-13:59:14-216","hora":"2025-07-08 14:21:57"}
[LISTAR-RESULT] {"sessao":"2025-07-08-13:59:14-216","result":[{"id":280,"sessao":"2025-07-08-13:59:14-216","cliente":0,"produto":100,"quantidade":6,"total_item":"108.00","obs":"","pedido":0,"data":"2025-07-08","id_sabor":null,"categoria":null,"item":null,"variacao":null,"mesa":null,"nome_cliente":null,"nome_produto":"EGGS-BURGUER DE CARNEIRO","sabores":null,"borda":null,"valor_unitario":"18.000000","status":null,"hora":"14:09:29","foto_produto":"15-01-2024-09-42-12-WhatsApp-Image-2023-12-25-at-19.16.05-(5).jpeg"},{"id":279,"sessao":"2025-07-08-13:59:14-216","cliente":0,"produto":14,"quantidade":6,"total_item":"120.00","obs":"","pedido":0,"data":"2025-07-08","id_sabor":null,"categoria":null,"item":null,"variacao":null,"mesa":null,"nome_cliente":null,"nome_produto":"DRAG\u00c3O PICANHA","sabores":null,"borda":null,"valor_unitario":"20.000000","status":null,"hora":"14:08:33","foto_produto":"24-12-2023-14-23-40-ESPECIAL.jpg"}],"hora":"2025-07-08 14:21:57"}
[SESSION-LISTAR] {"session_id":"5o4vg8nkvrskllleumb6v3h5tp","sessao_usuario":"2025-07-08-13:59:14-216","hora":"2025-07-08 14:21:57"}
[LISTAR-CARRINHO] {"sessao":"2025-07-08-13:59:14-216","itens":2,"hora":"2025-07-08 14:21:57"}
[LISTAR-ENTRY] {"session_id":"5o4vg8nkvrskllleumb6v3h5tp","sessao_usuario":"2025-07-08-13:59:14-216","hora":"2025-07-08 14:21:57"}
[LISTAR-RESULT] {"sessao":"2025-07-08-13:59:14-216","result":[{"id":280,"sessao":"2025-07-08-13:59:14-216","cliente":0,"produto":100,"quantidade":6,"total_item":"108.00","obs":"","pedido":0,"data":"2025-07-08","id_sabor":null,"categoria":null,"item":null,"variacao":null,"mesa":null,"nome_cliente":null,"nome_produto":"EGGS-BURGUER DE CARNEIRO","sabores":null,"borda":null,"valor_unitario":"18.000000","status":null,"hora":"14:09:29","foto_produto":"15-01-2024-09-42-12-WhatsApp-Image-2023-12-25-at-19.16.05-(5).jpeg"},{"id":279,"sessao":"2025-07-08-13:59:14-216","cliente":0,"produto":14,"quantidade":6,"total_item":"120.00","obs":"","pedido":0,"data":"2025-07-08","id_sabor":null,"categoria":null,"item":null,"variacao":null,"mesa":null,"nome_cliente":null,"nome_produto":"DRAG\u00c3O PICANHA","sabores":null,"borda":null,"valor_unitario":"20.000000","status":null,"hora":"14:08:33","foto_produto":"24-12-2023-14-23-40-ESPECIAL.jpg"}],"hora":"2025-07-08 14:21:57"}
[SESSION-LISTAR] {"session_id":"5o4vg8nkvrskllleumb6v3h5tp","sessao_usuario":"2025-07-08-13:59:14-216","hora":"2025-07-08 14:21:57"}
[LISTAR-CARRINHO] {"sessao":"2025-07-08-13:59:14-216","itens":2,"hora":"2025-07-08 14:21:57"}
[LISTAR-ENTRY] {"session_id":"5o4vg8nkvrskllleumb6v3h5tp","sessao_usuario":"2025-07-08-13:59:14-216","hora":"2025-07-08 14:25:13"}
[LISTAR-RESULT] {"sessao":"2025-07-08-13:59:14-216","result":[{"id":280,"sessao":"2025-07-08-13:59:14-216","cliente":0,"produto":100,"quantidade":6,"total_item":"108.00","obs":"","pedido":0,"data":"2025-07-08","id_sabor":null,"categoria":null,"item":null,"variacao":null,"mesa":null,"nome_cliente":null,"nome_produto":"EGGS-BURGUER DE CARNEIRO","sabores":null,"borda":null,"valor_unitario":"18.000000","status":null,"hora":"14:09:29","foto_produto":"15-01-2024-09-42-12-WhatsApp-Image-2023-12-25-at-19.16.05-(5).jpeg"},{"id":279,"sessao":"2025-07-08-13:59:14-216","cliente":0,"produto":14,"quantidade":6,"total_item":"120.00","obs":"","pedido":0,"data":"2025-07-08","id_sabor":null,"categoria":null,"item":null,"variacao":null,"mesa":null,"nome_cliente":null,"nome_produto":"DRAG\u00c3O PICANHA","sabores":null,"borda":null,"valor_unitario":"20.000000","status":null,"hora":"14:08:33","foto_produto":"24-12-2023-14-23-40-ESPECIAL.jpg"}],"hora":"2025-07-08 14:25:13"}
[SESSION-LISTAR] {"session_id":"5o4vg8nkvrskllleumb6v3h5tp","sessao_usuario":"2025-07-08-13:59:14-216","hora":"2025-07-08 14:25:13"}
[LISTAR-CARRINHO] {"sessao":"2025-07-08-13:59:14-216","itens":2,"hora":"2025-07-08 14:25:13"}
[LISTAR-ENTRY] {"session_id":"5o4vg8nkvrskllleumb6v3h5tp","sessao_usuario":"2025-07-08-13:59:14-216","hora":"2025-07-08 14:25:13"}
[LISTAR-RESULT] {"sessao":"2025-07-08-13:59:14-216","result":[{"id":280,"sessao":"2025-07-08-13:59:14-216","cliente":0,"produto":100,"quantidade":6,"total_item":"108.00","obs":"","pedido":0,"data":"2025-07-08","id_sabor":null,"categoria":null,"item":null,"variacao":null,"mesa":null,"nome_cliente":null,"nome_produto":"EGGS-BURGUER DE CARNEIRO","sabores":null,"borda":null,"valor_unitario":"18.000000","status":null,"hora":"14:09:29","foto_produto":"15-01-2024-09-42-12-WhatsApp-Image-2023-12-25-at-19.16.05-(5).jpeg"},{"id":279,"sessao":"2025-07-08-13:59:14-216","cliente":0,"produto":14,"quantidade":6,"total_item":"120.00","obs":"","pedido":0,"data":"2025-07-08","id_sabor":null,"categoria":null,"item":null,"variacao":null,"mesa":null,"nome_cliente":null,"nome_produto":"DRAG\u00c3O PICANHA","sabores":null,"borda":null,"valor_unitario":"20.000000","status":null,"hora":"14:08:33","foto_produto":"24-12-2023-14-23-40-ESPECIAL.jpg"}],"hora":"2025-07-08 14:25:13"}
[SESSION-LISTAR] {"session_id":"5o4vg8nkvrskllleumb6v3h5tp","sessao_usuario":"2025-07-08-13:59:14-216","hora":"2025-07-08 14:25:13"}
[LISTAR-CARRINHO] {"sessao":"2025-07-08-13:59:14-216","itens":2,"hora":"2025-07-08 14:25:13"}
[LISTAR-ENTRY] {"session_id":"5o4vg8nkvrskllleumb6v3h5tp","sessao_usuario":"2025-07-08-13:59:14-216","hora":"2025-07-08 14:25:13"}
[LISTAR-RESULT] {"sessao":"2025-07-08-13:59:14-216","result":[{"id":280,"sessao":"2025-07-08-13:59:14-216","cliente":0,"produto":100,"quantidade":6,"total_item":"108.00","obs":"","pedido":0,"data":"2025-07-08","id_sabor":null,"categoria":null,"item":null,"variacao":null,"mesa":null,"nome_cliente":null,"nome_produto":"EGGS-BURGUER DE CARNEIRO","sabores":null,"borda":null,"valor_unitario":"18.000000","status":null,"hora":"14:09:29","foto_produto":"15-01-2024-09-42-12-WhatsApp-Image-2023-12-25-at-19.16.05-(5).jpeg"},{"id":279,"sessao":"2025-07-08-13:59:14-216","cliente":0,"produto":14,"quantidade":6,"total_item":"120.00","obs":"","pedido":0,"data":"2025-07-08","id_sabor":null,"categoria":null,"item":null,"variacao":null,"mesa":null,"nome_cliente":null,"nome_produto":"DRAG\u00c3O PICANHA","sabores":null,"borda":null,"valor_unitario":"20.000000","status":null,"hora":"14:08:33","foto_produto":"24-12-2023-14-23-40-ESPECIAL.jpg"}],"hora":"2025-07-08 14:25:13"}
[SESSION-LISTAR] {"session_id":"5o4vg8nkvrskllleumb6v3h5tp","sessao_usuario":"2025-07-08-13:59:14-216","hora":"2025-07-08 14:25:13"}
[LISTAR-CARRINHO] {"sessao":"2025-07-08-13:59:14-216","itens":2,"hora":"2025-07-08 14:25:13"}
[LISTAR-ENTRY] {"session_id":"5o4vg8nkvrskllleumb6v3h5tp","sessao_usuario":"2025-07-08-13:59:14-216","hora":"2025-07-08 14:25:17"}
[LISTAR-RESULT] {"sessao":"2025-07-08-13:59:14-216","result":[{"id":280,"sessao":"2025-07-08-13:59:14-216","cliente":0,"produto":100,"quantidade":6,"total_item":"108.00","obs":"","pedido":0,"data":"2025-07-08","id_sabor":null,"categoria":null,"item":null,"variacao":null,"mesa":null,"nome_cliente":null,"nome_produto":"EGGS-BURGUER DE CARNEIRO","sabores":null,"borda":null,"valor_unitario":"18.000000","status":null,"hora":"14:09:29","foto_produto":"15-01-2024-09-42-12-WhatsApp-Image-2023-12-25-at-19.16.05-(5).jpeg"},{"id":279,"sessao":"2025-07-08-13:59:14-216","cliente":0,"produto":14,"quantidade":6,"total_item":"120.00","obs":"","pedido":0,"data":"2025-07-08","id_sabor":null,"categoria":null,"item":null,"variacao":null,"mesa":null,"nome_cliente":null,"nome_produto":"DRAG\u00c3O PICANHA","sabores":null,"borda":null,"valor_unitario":"20.000000","status":null,"hora":"14:08:33","foto_produto":"24-12-2023-14-23-40-ESPECIAL.jpg"}],"hora":"2025-07-08 14:25:17"}
[SESSION-LISTAR] {"session_id":"5o4vg8nkvrskllleumb6v3h5tp","sessao_usuario":"2025-07-08-13:59:14-216","hora":"2025-07-08 14:25:17"}
[LISTAR-CARRINHO] {"sessao":"2025-07-08-13:59:14-216","itens":2,"hora":"2025-07-08 14:25:17"}
[LISTAR-ENTRY] {"session_id":"5o4vg8nkvrskllleumb6v3h5tp","sessao_usuario":"2025-07-08-13:59:14-216","hora":"2025-07-08 14:25:17"}
[LISTAR-RESULT] {"sessao":"2025-07-08-13:59:14-216","result":[{"id":280,"sessao":"2025-07-08-13:59:14-216","cliente":0,"produto":100,"quantidade":6,"total_item":"108.00","obs":"","pedido":0,"data":"2025-07-08","id_sabor":null,"categoria":null,"item":null,"variacao":null,"mesa":null,"nome_cliente":null,"nome_produto":"EGGS-BURGUER DE CARNEIRO","sabores":null,"borda":null,"valor_unitario":"18.000000","status":null,"hora":"14:09:29","foto_produto":"15-01-2024-09-42-12-WhatsApp-Image-2023-12-25-at-19.16.05-(5).jpeg"},{"id":279,"sessao":"2025-07-08-13:59:14-216","cliente":0,"produto":14,"quantidade":6,"total_item":"120.00","obs":"","pedido":0,"data":"2025-07-08","id_sabor":null,"categoria":null,"item":null,"variacao":null,"mesa":null,"nome_cliente":null,"nome_produto":"DRAG\u00c3O PICANHA","sabores":null,"borda":null,"valor_unitario":"20.000000","status":null,"hora":"14:08:33","foto_produto":"24-12-2023-14-23-40-ESPECIAL.jpg"}],"hora":"2025-07-08 14:25:17"}
[SESSION-LISTAR] {"session_id":"5o4vg8nkvrskllleumb6v3h5tp","sessao_usuario":"2025-07-08-13:59:14-216","hora":"2025-07-08 14:25:17"}
[LISTAR-CARRINHO] {"sessao":"2025-07-08-13:59:14-216","itens":2,"hora":"2025-07-08 14:25:17"}
[LISTAR-ENTRY] {"session_id":"5o4vg8nkvrskllleumb6v3h5tp","sessao_usuario":"2025-07-08-13:59:14-216","hora":"2025-07-08 14:25:17"}
[LISTAR-RESULT] {"sessao":"2025-07-08-13:59:14-216","result":[{"id":280,"sessao":"2025-07-08-13:59:14-216","cliente":0,"produto":100,"quantidade":6,"total_item":"108.00","obs":"","pedido":0,"data":"2025-07-08","id_sabor":null,"categoria":null,"item":null,"variacao":null,"mesa":null,"nome_cliente":null,"nome_produto":"EGGS-BURGUER DE CARNEIRO","sabores":null,"borda":null,"valor_unitario":"18.000000","status":null,"hora":"14:09:29","foto_produto":"15-01-2024-09-42-12-WhatsApp-Image-2023-12-25-at-19.16.05-(5).jpeg"},{"id":279,"sessao":"2025-07-08-13:59:14-216","cliente":0,"produto":14,"quantidade":6,"total_item":"120.00","obs":"","pedido":0,"data":"2025-07-08","id_sabor":null,"categoria":null,"item":null,"variacao":null,"mesa":null,"nome_cliente":null,"nome_produto":"DRAG\u00c3O PICANHA","sabores":null,"borda":null,"valor_unitario":"20.000000","status":null,"hora":"14:08:33","foto_produto":"24-12-2023-14-23-40-ESPECIAL.jpg"}],"hora":"2025-07-08 14:25:17"}
[SESSION-LISTAR] {"session_id":"5o4vg8nkvrskllleumb6v3h5tp","sessao_usuario":"2025-07-08-13:59:14-216","hora":"2025-07-08 14:25:17"}
[LISTAR-CARRINHO] {"sessao":"2025-07-08-13:59:14-216","itens":2,"hora":"2025-07-08 14:25:17"}
[LISTAR-ENTRY] {"session_id":"5o4vg8nkvrskllleumb6v3h5tp","sessao_usuario":"2025-07-08-13:59:14-216","hora":"2025-07-08 14:25:24"}
[LISTAR-RESULT] {"sessao":"2025-07-08-13:59:14-216","result":[{"id":280,"sessao":"2025-07-08-13:59:14-216","cliente":0,"produto":100,"quantidade":6,"total_item":"108.00","obs":"","pedido":0,"data":"2025-07-08","id_sabor":null,"categoria":null,"item":null,"variacao":null,"mesa":null,"nome_cliente":null,"nome_produto":"EGGS-BURGUER DE CARNEIRO","sabores":null,"borda":null,"valor_unitario":"18.000000","status":null,"hora":"14:09:29","foto_produto":"15-01-2024-09-42-12-WhatsApp-Image-2023-12-25-at-19.16.05-(5).jpeg"},{"id":279,"sessao":"2025-07-08-13:59:14-216","cliente":0,"produto":14,"quantidade":6,"total_item":"120.00","obs":"","pedido":0,"data":"2025-07-08","id_sabor":null,"categoria":null,"item":null,"variacao":null,"mesa":null,"nome_cliente":null,"nome_produto":"DRAG\u00c3O PICANHA","sabores":null,"borda":null,"valor_unitario":"20.000000","status":null,"hora":"14:08:33","foto_produto":"24-12-2023-14-23-40-ESPECIAL.jpg"}],"hora":"2025-07-08 14:25:24"}
[SESSION-LISTAR] {"session_id":"5o4vg8nkvrskllleumb6v3h5tp","sessao_usuario":"2025-07-08-13:59:14-216","hora":"2025-07-08 14:25:24"}
[LISTAR-CARRINHO] {"sessao":"2025-07-08-13:59:14-216","itens":2,"hora":"2025-07-08 14:25:24"}
[LISTAR-ENTRY] {"session_id":"5o4vg8nkvrskllleumb6v3h5tp","sessao_usuario":"2025-07-08-13:59:14-216","hora":"2025-07-08 14:25:24"}
[LISTAR-RESULT] {"sessao":"2025-07-08-13:59:14-216","result":[{"id":280,"sessao":"2025-07-08-13:59:14-216","cliente":0,"produto":100,"quantidade":6,"total_item":"108.00","obs":"","pedido":0,"data":"2025-07-08","id_sabor":null,"categoria":null,"item":null,"variacao":null,"mesa":null,"nome_cliente":null,"nome_produto":"EGGS-BURGUER DE CARNEIRO","sabores":null,"borda":null,"valor_unitario":"18.000000","status":null,"hora":"14:09:29","foto_produto":"15-01-2024-09-42-12-WhatsApp-Image-2023-12-25-at-19.16.05-(5).jpeg"},{"id":279,"sessao":"2025-07-08-13:59:14-216","cliente":0,"produto":14,"quantidade":6,"total_item":"120.00","obs":"","pedido":0,"data":"2025-07-08","id_sabor":null,"categoria":null,"item":null,"variacao":null,"mesa":null,"nome_cliente":null,"nome_produto":"DRAG\u00c3O PICANHA","sabores":null,"borda":null,"valor_unitario":"20.000000","status":null,"hora":"14:08:33","foto_produto":"24-12-2023-14-23-40-ESPECIAL.jpg"}],"hora":"2025-07-08 14:25:24"}
[SESSION-LISTAR] {"session_id":"5o4vg8nkvrskllleumb6v3h5tp","sessao_usuario":"2025-07-08-13:59:14-216","hora":"2025-07-08 14:25:24"}
[LISTAR-CARRINHO] {"sessao":"2025-07-08-13:59:14-216","itens":2,"hora":"2025-07-08 14:25:24"}
[LISTAR-ENTRY] {"session_id":"5o4vg8nkvrskllleumb6v3h5tp","sessao_usuario":"2025-07-08-13:59:14-216","hora":"2025-07-08 14:25:24"}
[LISTAR-RESULT] {"sessao":"2025-07-08-13:59:14-216","result":[{"id":280,"sessao":"2025-07-08-13:59:14-216","cliente":0,"produto":100,"quantidade":6,"total_item":"108.00","obs":"","pedido":0,"data":"2025-07-08","id_sabor":null,"categoria":null,"item":null,"variacao":null,"mesa":null,"nome_cliente":null,"nome_produto":"EGGS-BURGUER DE CARNEIRO","sabores":null,"borda":null,"valor_unitario":"18.000000","status":null,"hora":"14:09:29","foto_produto":"15-01-2024-09-42-12-WhatsApp-Image-2023-12-25-at-19.16.05-(5).jpeg"},{"id":279,"sessao":"2025-07-08-13:59:14-216","cliente":0,"produto":14,"quantidade":6,"total_item":"120.00","obs":"","pedido":0,"data":"2025-07-08","id_sabor":null,"categoria":null,"item":null,"variacao":null,"mesa":null,"nome_cliente":null,"nome_produto":"DRAG\u00c3O PICANHA","sabores":null,"borda":null,"valor_unitario":"20.000000","status":null,"hora":"14:08:33","foto_produto":"24-12-2023-14-23-40-ESPECIAL.jpg"}],"hora":"2025-07-08 14:25:24"}
[SESSION-LISTAR] {"session_id":"5o4vg8nkvrskllleumb6v3h5tp","sessao_usuario":"2025-07-08-13:59:14-216","hora":"2025-07-08 14:25:24"}
[LISTAR-CARRINHO] {"sessao":"2025-07-08-13:59:14-216","itens":2,"hora":"2025-07-08 14:25:24"}
[LISTAR-ENTRY] {"session_id":"5o4vg8nkvrskllleumb6v3h5tp","sessao_usuario":"2025-07-08-13:59:14-216","hora":"2025-07-08 14:25:28"}
[LISTAR-RESULT] {"sessao":"2025-07-08-13:59:14-216","result":[{"id":280,"sessao":"2025-07-08-13:59:14-216","cliente":0,"produto":100,"quantidade":6,"total_item":"108.00","obs":"","pedido":0,"data":"2025-07-08","id_sabor":null,"categoria":null,"item":null,"variacao":null,"mesa":null,"nome_cliente":null,"nome_produto":"EGGS-BURGUER DE CARNEIRO","sabores":null,"borda":null,"valor_unitario":"18.000000","status":null,"hora":"14:09:29","foto_produto":"15-01-2024-09-42-12-WhatsApp-Image-2023-12-25-at-19.16.05-(5).jpeg"},{"id":279,"sessao":"2025-07-08-13:59:14-216","cliente":0,"produto":14,"quantidade":6,"total_item":"120.00","obs":"","pedido":0,"data":"2025-07-08","id_sabor":null,"categoria":null,"item":null,"variacao":null,"mesa":null,"nome_cliente":null,"nome_produto":"DRAG\u00c3O PICANHA","sabores":null,"borda":null,"valor_unitario":"20.000000","status":null,"hora":"14:08:33","foto_produto":"24-12-2023-14-23-40-ESPECIAL.jpg"}],"hora":"2025-07-08 14:25:28"}
[SESSION-LISTAR] {"session_id":"5o4vg8nkvrskllleumb6v3h5tp","sessao_usuario":"2025-07-08-13:59:14-216","hora":"2025-07-08 14:25:28"}
[LISTAR-CARRINHO] {"sessao":"2025-07-08-13:59:14-216","itens":2,"hora":"2025-07-08 14:25:28"}
[LISTAR-ENTRY] {"session_id":"5o4vg8nkvrskllleumb6v3h5tp","sessao_usuario":"2025-07-08-13:59:14-216","hora":"2025-07-08 14:25:28"}
[LISTAR-RESULT] {"sessao":"2025-07-08-13:59:14-216","result":[{"id":280,"sessao":"2025-07-08-13:59:14-216","cliente":0,"produto":100,"quantidade":6,"total_item":"108.00","obs":"","pedido":0,"data":"2025-07-08","id_sabor":null,"categoria":null,"item":null,"variacao":null,"mesa":null,"nome_cliente":null,"nome_produto":"EGGS-BURGUER DE CARNEIRO","sabores":null,"borda":null,"valor_unitario":"18.000000","status":null,"hora":"14:09:29","foto_produto":"15-01-2024-09-42-12-WhatsApp-Image-2023-12-25-at-19.16.05-(5).jpeg"},{"id":279,"sessao":"2025-07-08-13:59:14-216","cliente":0,"produto":14,"quantidade":6,"total_item":"120.00","obs":"","pedido":0,"data":"2025-07-08","id_sabor":null,"categoria":null,"item":null,"variacao":null,"mesa":null,"nome_cliente":null,"nome_produto":"DRAG\u00c3O PICANHA","sabores":null,"borda":null,"valor_unitario":"20.000000","status":null,"hora":"14:08:33","foto_produto":"24-12-2023-14-23-40-ESPECIAL.jpg"}],"hora":"2025-07-08 14:25:28"}
[SESSION-LISTAR] {"session_id":"5o4vg8nkvrskllleumb6v3h5tp","sessao_usuario":"2025-07-08-13:59:14-216","hora":"2025-07-08 14:25:28"}
[LISTAR-CARRINHO] {"sessao":"2025-07-08-13:59:14-216","itens":2,"hora":"2025-07-08 14:25:28"}
[LISTAR-ENTRY] {"session_id":"5o4vg8nkvrskllleumb6v3h5tp","sessao_usuario":"2025-07-08-13:59:14-216","hora":"2025-07-08 14:25:28"}
[LISTAR-RESULT] {"sessao":"2025-07-08-13:59:14-216","result":[{"id":280,"sessao":"2025-07-08-13:59:14-216","cliente":0,"produto":100,"quantidade":6,"total_item":"108.00","obs":"","pedido":0,"data":"2025-07-08","id_sabor":null,"categoria":null,"item":null,"variacao":null,"mesa":null,"nome_cliente":null,"nome_produto":"EGGS-BURGUER DE CARNEIRO","sabores":null,"borda":null,"valor_unitario":"18.000000","status":null,"hora":"14:09:29","foto_produto":"15-01-2024-09-42-12-WhatsApp-Image-2023-12-25-at-19.16.05-(5).jpeg"},{"id":279,"sessao":"2025-07-08-13:59:14-216","cliente":0,"produto":14,"quantidade":6,"total_item":"120.00","obs":"","pedido":0,"data":"2025-07-08","id_sabor":null,"categoria":null,"item":null,"variacao":null,"mesa":null,"nome_cliente":null,"nome_produto":"DRAG\u00c3O PICANHA","sabores":null,"borda":null,"valor_unitario":"20.000000","status":null,"hora":"14:08:33","foto_produto":"24-12-2023-14-23-40-ESPECIAL.jpg"}],"hora":"2025-07-08 14:25:28"}
[SESSION-LISTAR] {"session_id":"5o4vg8nkvrskllleumb6v3h5tp","sessao_usuario":"2025-07-08-13:59:14-216","hora":"2025-07-08 14:25:28"}
[LISTAR-CARRINHO] {"sessao":"2025-07-08-13:59:14-216","itens":2,"hora":"2025-07-08 14:25:28"}
[LISTAR-ENTRY] {"session_id":"5o4vg8nkvrskllleumb6v3h5tp","sessao_usuario":"2025-07-08-13:59:14-216","hora":"2025-07-08 14:27:38"}
[LISTAR-RESULT] {"sessao":"2025-07-08-13:59:14-216","result":[{"id":280,"sessao":"2025-07-08-13:59:14-216","cliente":0,"produto":100,"quantidade":6,"total_item":"108.00","obs":"","pedido":0,"data":"2025-07-08","id_sabor":null,"categoria":null,"item":null,"variacao":null,"mesa":null,"nome_cliente":null,"nome_produto":"EGGS-BURGUER DE CARNEIRO","sabores":null,"borda":null,"valor_unitario":"18.000000","status":null,"hora":"14:09:29","foto_produto":"15-01-2024-09-42-12-WhatsApp-Image-2023-12-25-at-19.16.05-(5).jpeg"},{"id":279,"sessao":"2025-07-08-13:59:14-216","cliente":0,"produto":14,"quantidade":6,"total_item":"120.00","obs":"","pedido":0,"data":"2025-07-08","id_sabor":null,"categoria":null,"item":null,"variacao":null,"mesa":null,"nome_cliente":null,"nome_produto":"DRAG\u00c3O PICANHA","sabores":null,"borda":null,"valor_unitario":"20.000000","status":null,"hora":"14:08:33","foto_produto":"24-12-2023-14-23-40-ESPECIAL.jpg"}],"hora":"2025-07-08 14:27:38"}
[SESSION-LISTAR] {"session_id":"5o4vg8nkvrskllleumb6v3h5tp","sessao_usuario":"2025-07-08-13:59:14-216","hora":"2025-07-08 14:27:38"}
[LISTAR-CARRINHO] {"sessao":"2025-07-08-13:59:14-216","itens":2,"hora":"2025-07-08 14:27:38"}
[LISTAR-ENTRY] {"session_id":"5o4vg8nkvrskllleumb6v3h5tp","sessao_usuario":"2025-07-08-13:59:14-216","hora":"2025-07-08 14:27:38"}
[LISTAR-RESULT] {"sessao":"2025-07-08-13:59:14-216","result":[{"id":280,"sessao":"2025-07-08-13:59:14-216","cliente":0,"produto":100,"quantidade":6,"total_item":"108.00","obs":"","pedido":0,"data":"2025-07-08","id_sabor":null,"categoria":null,"item":null,"variacao":null,"mesa":null,"nome_cliente":null,"nome_produto":"EGGS-BURGUER DE CARNEIRO","sabores":null,"borda":null,"valor_unitario":"18.000000","status":null,"hora":"14:09:29","foto_produto":"15-01-2024-09-42-12-WhatsApp-Image-2023-12-25-at-19.16.05-(5).jpeg"},{"id":279,"sessao":"2025-07-08-13:59:14-216","cliente":0,"produto":14,"quantidade":6,"total_item":"120.00","obs":"","pedido":0,"data":"2025-07-08","id_sabor":null,"categoria":null,"item":null,"variacao":null,"mesa":null,"nome_cliente":null,"nome_produto":"DRAG\u00c3O PICANHA","sabores":null,"borda":null,"valor_unitario":"20.000000","status":null,"hora":"14:08:33","foto_produto":"24-12-2023-14-23-40-ESPECIAL.jpg"}],"hora":"2025-07-08 14:27:38"}
[SESSION-LISTAR] {"session_id":"5o4vg8nkvrskllleumb6v3h5tp","sessao_usuario":"2025-07-08-13:59:14-216","hora":"2025-07-08 14:27:38"}
[LISTAR-CARRINHO] {"sessao":"2025-07-08-13:59:14-216","itens":2,"hora":"2025-07-08 14:27:38"}
[LISTAR-ENTRY] {"session_id":"5o4vg8nkvrskllleumb6v3h5tp","sessao_usuario":"2025-07-08-13:59:14-216","hora":"2025-07-08 14:27:38"}
[LISTAR-RESULT] {"sessao":"2025-07-08-13:59:14-216","result":[{"id":280,"sessao":"2025-07-08-13:59:14-216","cliente":0,"produto":100,"quantidade":6,"total_item":"108.00","obs":"","pedido":0,"data":"2025-07-08","id_sabor":null,"categoria":null,"item":null,"variacao":null,"mesa":null,"nome_cliente":null,"nome_produto":"EGGS-BURGUER DE CARNEIRO","sabores":null,"borda":null,"valor_unitario":"18.000000","status":null,"hora":"14:09:29","foto_produto":"15-01-2024-09-42-12-WhatsApp-Image-2023-12-25-at-19.16.05-(5).jpeg"},{"id":279,"sessao":"2025-07-08-13:59:14-216","cliente":0,"produto":14,"quantidade":6,"total_item":"120.00","obs":"","pedido":0,"data":"2025-07-08","id_sabor":null,"categoria":null,"item":null,"variacao":null,"mesa":null,"nome_cliente":null,"nome_produto":"DRAG\u00c3O PICANHA","sabores":null,"borda":null,"valor_unitario":"20.000000","status":null,"hora":"14:08:33","foto_produto":"24-12-2023-14-23-40-ESPECIAL.jpg"}],"hora":"2025-07-08 14:27:38"}
[SESSION-LISTAR] {"session_id":"5o4vg8nkvrskllleumb6v3h5tp","sessao_usuario":"2025-07-08-13:59:14-216","hora":"2025-07-08 14:27:38"}
[LISTAR-CARRINHO] {"sessao":"2025-07-08-13:59:14-216","itens":2,"hora":"2025-07-08 14:27:38"}
[LISTAR-ENTRY] {"session_id":"5o4vg8nkvrskllleumb6v3h5tp","sessao_usuario":"2025-07-08-13:59:14-216","hora":"2025-07-08 14:27:42"}
[LISTAR-RESULT] {"sessao":"2025-07-08-13:59:14-216","result":[{"id":280,"sessao":"2025-07-08-13:59:14-216","cliente":0,"produto":100,"quantidade":7,"total_item":"126.00","obs":"","pedido":0,"data":"2025-07-08","id_sabor":null,"categoria":null,"item":null,"variacao":null,"mesa":null,"nome_cliente":null,"nome_produto":"EGGS-BURGUER DE CARNEIRO","sabores":null,"borda":null,"valor_unitario":"18.000000","status":null,"hora":"14:09:29","foto_produto":"15-01-2024-09-42-12-WhatsApp-Image-2023-12-25-at-19.16.05-(5).jpeg"},{"id":279,"sessao":"2025-07-08-13:59:14-216","cliente":0,"produto":14,"quantidade":6,"total_item":"120.00","obs":"","pedido":0,"data":"2025-07-08","id_sabor":null,"categoria":null,"item":null,"variacao":null,"mesa":null,"nome_cliente":null,"nome_produto":"DRAG\u00c3O PICANHA","sabores":null,"borda":null,"valor_unitario":"20.000000","status":null,"hora":"14:08:33","foto_produto":"24-12-2023-14-23-40-ESPECIAL.jpg"}],"hora":"2025-07-08 14:27:42"}
[SESSION-LISTAR] {"session_id":"5o4vg8nkvrskllleumb6v3h5tp","sessao_usuario":"2025-07-08-13:59:14-216","hora":"2025-07-08 14:27:42"}
[LISTAR-CARRINHO] {"sessao":"2025-07-08-13:59:14-216","itens":2,"hora":"2025-07-08 14:27:42"}
[LISTAR-ENTRY] {"session_id":"5o4vg8nkvrskllleumb6v3h5tp","sessao_usuario":"2025-07-08-13:59:14-216","hora":"2025-07-08 14:27:45"}
[LISTAR-RESULT] {"sessao":"2025-07-08-13:59:14-216","result":[{"id":280,"sessao":"2025-07-08-13:59:14-216","cliente":0,"produto":100,"quantidade":8,"total_item":"144.00","obs":"","pedido":0,"data":"2025-07-08","id_sabor":null,"categoria":null,"item":null,"variacao":null,"mesa":null,"nome_cliente":null,"nome_produto":"EGGS-BURGUER DE CARNEIRO","sabores":null,"borda":null,"valor_unitario":"18.000000","status":null,"hora":"14:09:29","foto_produto":"15-01-2024-09-42-12-WhatsApp-Image-2023-12-25-at-19.16.05-(5).jpeg"},{"id":279,"sessao":"2025-07-08-13:59:14-216","cliente":0,"produto":14,"quantidade":6,"total_item":"120.00","obs":"","pedido":0,"data":"2025-07-08","id_sabor":null,"categoria":null,"item":null,"variacao":null,"mesa":null,"nome_cliente":null,"nome_produto":"DRAG\u00c3O PICANHA","sabores":null,"borda":null,"valor_unitario":"20.000000","status":null,"hora":"14:08:33","foto_produto":"24-12-2023-14-23-40-ESPECIAL.jpg"}],"hora":"2025-07-08 14:27:45"}
[SESSION-LISTAR] {"session_id":"5o4vg8nkvrskllleumb6v3h5tp","sessao_usuario":"2025-07-08-13:59:14-216","hora":"2025-07-08 14:27:45"}
[LISTAR-CARRINHO] {"sessao":"2025-07-08-13:59:14-216","itens":2,"hora":"2025-07-08 14:27:45"}
[LISTAR-ENTRY] {"session_id":"5o4vg8nkvrskllleumb6v3h5tp","sessao_usuario":"2025-07-08-13:59:14-216","hora":"2025-07-08 14:27:48"}
[LISTAR-RESULT] {"sessao":"2025-07-08-13:59:14-216","result":[{"id":280,"sessao":"2025-07-08-13:59:14-216","cliente":0,"produto":100,"quantidade":9,"total_item":"162.00","obs":"","pedido":0,"data":"2025-07-08","id_sabor":null,"categoria":null,"item":null,"variacao":null,"mesa":null,"nome_cliente":null,"nome_produto":"EGGS-BURGUER DE CARNEIRO","sabores":null,"borda":null,"valor_unitario":"18.000000","status":null,"hora":"14:09:29","foto_produto":"15-01-2024-09-42-12-WhatsApp-Image-2023-12-25-at-19.16.05-(5).jpeg"},{"id":279,"sessao":"2025-07-08-13:59:14-216","cliente":0,"produto":14,"quantidade":6,"total_item":"120.00","obs":"","pedido":0,"data":"2025-07-08","id_sabor":null,"categoria":null,"item":null,"variacao":null,"mesa":null,"nome_cliente":null,"nome_produto":"DRAG\u00c3O PICANHA","sabores":null,"borda":null,"valor_unitario":"20.000000","status":null,"hora":"14:08:33","foto_produto":"24-12-2023-14-23-40-ESPECIAL.jpg"}],"hora":"2025-07-08 14:27:48"}
[SESSION-LISTAR] {"session_id":"5o4vg8nkvrskllleumb6v3h5tp","sessao_usuario":"2025-07-08-13:59:14-216","hora":"2025-07-08 14:27:48"}
[LISTAR-CARRINHO] {"sessao":"2025-07-08-13:59:14-216","itens":2,"hora":"2025-07-08 14:27:48"}
[LISTAR-ENTRY] {"session_id":"5o4vg8nkvrskllleumb6v3h5tp","sessao_usuario":"2025-07-08-13:59:14-216","hora":"2025-07-08 14:27:50"}
[LISTAR-RESULT] {"sessao":"2025-07-08-13:59:14-216","result":[{"id":280,"sessao":"2025-07-08-13:59:14-216","cliente":0,"produto":100,"quantidade":10,"total_item":"180.00","obs":"","pedido":0,"data":"2025-07-08","id_sabor":null,"categoria":null,"item":null,"variacao":null,"mesa":null,"nome_cliente":null,"nome_produto":"EGGS-BURGUER DE CARNEIRO","sabores":null,"borda":null,"valor_unitario":"18.000000","status":null,"hora":"14:09:29","foto_produto":"15-01-2024-09-42-12-WhatsApp-Image-2023-12-25-at-19.16.05-(5).jpeg"},{"id":279,"sessao":"2025-07-08-13:59:14-216","cliente":0,"produto":14,"quantidade":6,"total_item":"120.00","obs":"","pedido":0,"data":"2025-07-08","id_sabor":null,"categoria":null,"item":null,"variacao":null,"mesa":null,"nome_cliente":null,"nome_produto":"DRAG\u00c3O PICANHA","sabores":null,"borda":null,"valor_unitario":"20.000000","status":null,"hora":"14:08:33","foto_produto":"24-12-2023-14-23-40-ESPECIAL.jpg"}],"hora":"2025-07-08 14:27:50"}
[SESSION-LISTAR] {"session_id":"5o4vg8nkvrskllleumb6v3h5tp","sessao_usuario":"2025-07-08-13:59:14-216","hora":"2025-07-08 14:27:50"}
[LISTAR-CARRINHO] {"sessao":"2025-07-08-13:59:14-216","itens":2,"hora":"2025-07-08 14:27:50"}
[LISTAR-ENTRY] {"session_id":"5o4vg8nkvrskllleumb6v3h5tp","sessao_usuario":"2025-07-08-13:59:14-216","hora":"2025-07-08 14:27:51"}
[LISTAR-RESULT] {"sessao":"2025-07-08-13:59:14-216","result":[{"id":280,"sessao":"2025-07-08-13:59:14-216","cliente":0,"produto":100,"quantidade":11,"total_item":"198.00","obs":"","pedido":0,"data":"2025-07-08","id_sabor":null,"categoria":null,"item":null,"variacao":null,"mesa":null,"nome_cliente":null,"nome_produto":"EGGS-BURGUER DE CARNEIRO","sabores":null,"borda":null,"valor_unitario":"18.000000","status":null,"hora":"14:09:29","foto_produto":"15-01-2024-09-42-12-WhatsApp-Image-2023-12-25-at-19.16.05-(5).jpeg"},{"id":279,"sessao":"2025-07-08-13:59:14-216","cliente":0,"produto":14,"quantidade":6,"total_item":"120.00","obs":"","pedido":0,"data":"2025-07-08","id_sabor":null,"categoria":null,"item":null,"variacao":null,"mesa":null,"nome_cliente":null,"nome_produto":"DRAG\u00c3O PICANHA","sabores":null,"borda":null,"valor_unitario":"20.000000","status":null,"hora":"14:08:33","foto_produto":"24-12-2023-14-23-40-ESPECIAL.jpg"}],"hora":"2025-07-08 14:27:51"}
[SESSION-LISTAR] {"session_id":"5o4vg8nkvrskllleumb6v3h5tp","sessao_usuario":"2025-07-08-13:59:14-216","hora":"2025-07-08 14:27:51"}
[LISTAR-CARRINHO] {"sessao":"2025-07-08-13:59:14-216","itens":2,"hora":"2025-07-08 14:27:51"}
[LISTAR-ENTRY] {"session_id":"5o4vg8nkvrskllleumb6v3h5tp","sessao_usuario":"2025-07-08-13:59:14-216","hora":"2025-07-08 14:27:51"}
[LISTAR-RESULT] {"sessao":"2025-07-08-13:59:14-216","result":[{"id":280,"sessao":"2025-07-08-13:59:14-216","cliente":0,"produto":100,"quantidade":12,"total_item":"216.00","obs":"","pedido":0,"data":"2025-07-08","id_sabor":null,"categoria":null,"item":null,"variacao":null,"mesa":null,"nome_cliente":null,"nome_produto":"EGGS-BURGUER DE CARNEIRO","sabores":null,"borda":null,"valor_unitario":"18.000000","status":null,"hora":"14:09:29","foto_produto":"15-01-2024-09-42-12-WhatsApp-Image-2023-12-25-at-19.16.05-(5).jpeg"},{"id":279,"sessao":"2025-07-08-13:59:14-216","cliente":0,"produto":14,"quantidade":6,"total_item":"120.00","obs":"","pedido":0,"data":"2025-07-08","id_sabor":null,"categoria":null,"item":null,"variacao":null,"mesa":null,"nome_cliente":null,"nome_produto":"DRAG\u00c3O PICANHA","sabores":null,"borda":null,"valor_unitario":"20.000000","status":null,"hora":"14:08:33","foto_produto":"24-12-2023-14-23-40-ESPECIAL.jpg"}],"hora":"2025-07-08 14:27:51"}
[SESSION-LISTAR] {"session_id":"5o4vg8nkvrskllleumb6v3h5tp","sessao_usuario":"2025-07-08-13:59:14-216","hora":"2025-07-08 14:27:51"}
[LISTAR-CARRINHO] {"sessao":"2025-07-08-13:59:14-216","itens":2,"hora":"2025-07-08 14:27:51"}
[LISTAR-ENTRY] {"session_id":"5o4vg8nkvrskllleumb6v3h5tp","sessao_usuario":"2025-07-08-13:59:14-216","hora":"2025-07-08 14:27:51"}
[LISTAR-RESULT] {"sessao":"2025-07-08-13:59:14-216","result":[{"id":280,"sessao":"2025-07-08-13:59:14-216","cliente":0,"produto":100,"quantidade":13,"total_item":"234.00","obs":"","pedido":0,"data":"2025-07-08","id_sabor":null,"categoria":null,"item":null,"variacao":null,"mesa":null,"nome_cliente":null,"nome_produto":"EGGS-BURGUER DE CARNEIRO","sabores":null,"borda":null,"valor_unitario":"18.000000","status":null,"hora":"14:09:29","foto_produto":"15-01-2024-09-42-12-WhatsApp-Image-2023-12-25-at-19.16.05-(5).jpeg"},{"id":279,"sessao":"2025-07-08-13:59:14-216","cliente":0,"produto":14,"quantidade":6,"total_item":"120.00","obs":"","pedido":0,"data":"2025-07-08","id_sabor":null,"categoria":null,"item":null,"variacao":null,"mesa":null,"nome_cliente":null,"nome_produto":"DRAG\u00c3O PICANHA","sabores":null,"borda":null,"valor_unitario":"20.000000","status":null,"hora":"14:08:33","foto_produto":"24-12-2023-14-23-40-ESPECIAL.jpg"}],"hora":"2025-07-08 14:27:51"}
[SESSION-LISTAR] {"session_id":"5o4vg8nkvrskllleumb6v3h5tp","sessao_usuario":"2025-07-08-13:59:14-216","hora":"2025-07-08 14:27:51"}
[LISTAR-CARRINHO] {"sessao":"2025-07-08-13:59:14-216","itens":2,"hora":"2025-07-08 14:27:51"}
[LISTAR-ENTRY] {"session_id":"5o4vg8nkvrskllleumb6v3h5tp","sessao_usuario":"2025-07-08-13:59:14-216","hora":"2025-07-08 14:27:52"}
[LISTAR-RESULT] {"sessao":"2025-07-08-13:59:14-216","result":[{"id":280,"sessao":"2025-07-08-13:59:14-216","cliente":0,"produto":100,"quantidade":14,"total_item":"252.00","obs":"","pedido":0,"data":"2025-07-08","id_sabor":null,"categoria":null,"item":null,"variacao":null,"mesa":null,"nome_cliente":null,"nome_produto":"EGGS-BURGUER DE CARNEIRO","sabores":null,"borda":null,"valor_unitario":"18.000000","status":null,"hora":"14:09:29","foto_produto":"15-01-2024-09-42-12-WhatsApp-Image-2023-12-25-at-19.16.05-(5).jpeg"},{"id":279,"sessao":"2025-07-08-13:59:14-216","cliente":0,"produto":14,"quantidade":6,"total_item":"120.00","obs":"","pedido":0,"data":"2025-07-08","id_sabor":null,"categoria":null,"item":null,"variacao":null,"mesa":null,"nome_cliente":null,"nome_produto":"DRAG\u00c3O PICANHA","sabores":null,"borda":null,"valor_unitario":"20.000000","status":null,"hora":"14:08:33","foto_produto":"24-12-2023-14-23-40-ESPECIAL.jpg"}],"hora":"2025-07-08 14:27:52"}
[SESSION-LISTAR] {"session_id":"5o4vg8nkvrskllleumb6v3h5tp","sessao_usuario":"2025-07-08-13:59:14-216","hora":"2025-07-08 14:27:52"}
[LISTAR-CARRINHO] {"sessao":"2025-07-08-13:59:14-216","itens":2,"hora":"2025-07-08 14:27:52"}
[LISTAR-ENTRY] {"session_id":"5o4vg8nkvrskllleumb6v3h5tp","sessao_usuario":"2025-07-08-13:59:14-216","hora":"2025-07-08 14:27:53"}
[LISTAR-RESULT] {"sessao":"2025-07-08-13:59:14-216","result":[{"id":280,"sessao":"2025-07-08-13:59:14-216","cliente":0,"produto":100,"quantidade":14,"total_item":"252.00","obs":"","pedido":0,"data":"2025-07-08","id_sabor":null,"categoria":null,"item":null,"variacao":null,"mesa":null,"nome_cliente":null,"nome_produto":"EGGS-BURGUER DE CARNEIRO","sabores":null,"borda":null,"valor_unitario":"18.000000","status":null,"hora":"14:09:29","foto_produto":"15-01-2024-09-42-12-WhatsApp-Image-2023-12-25-at-19.16.05-(5).jpeg"},{"id":279,"sessao":"2025-07-08-13:59:14-216","cliente":0,"produto":14,"quantidade":7,"total_item":"140.00","obs":"","pedido":0,"data":"2025-07-08","id_sabor":null,"categoria":null,"item":null,"variacao":null,"mesa":null,"nome_cliente":null,"nome_produto":"DRAG\u00c3O PICANHA","sabores":null,"borda":null,"valor_unitario":"20.000000","status":null,"hora":"14:08:33","foto_produto":"24-12-2023-14-23-40-ESPECIAL.jpg"}],"hora":"2025-07-08 14:27:53"}
[SESSION-LISTAR] {"session_id":"5o4vg8nkvrskllleumb6v3h5tp","sessao_usuario":"2025-07-08-13:59:14-216","hora":"2025-07-08 14:27:53"}
[LISTAR-CARRINHO] {"sessao":"2025-07-08-13:59:14-216","itens":2,"hora":"2025-07-08 14:27:53"}
[LISTAR-ENTRY] {"session_id":"5o4vg8nkvrskllleumb6v3h5tp","sessao_usuario":"2025-07-08-13:59:14-216","hora":"2025-07-08 14:27:53"}
[LISTAR-RESULT] {"sessao":"2025-07-08-13:59:14-216","result":[{"id":280,"sessao":"2025-07-08-13:59:14-216","cliente":0,"produto":100,"quantidade":14,"total_item":"252.00","obs":"","pedido":0,"data":"2025-07-08","id_sabor":null,"categoria":null,"item":null,"variacao":null,"mesa":null,"nome_cliente":null,"nome_produto":"EGGS-BURGUER DE CARNEIRO","sabores":null,"borda":null,"valor_unitario":"18.000000","status":null,"hora":"14:09:29","foto_produto":"15-01-2024-09-42-12-WhatsApp-Image-2023-12-25-at-19.16.05-(5).jpeg"},{"id":279,"sessao":"2025-07-08-13:59:14-216","cliente":0,"produto":14,"quantidade":8,"total_item":"160.00","obs":"","pedido":0,"data":"2025-07-08","id_sabor":null,"categoria":null,"item":null,"variacao":null,"mesa":null,"nome_cliente":null,"nome_produto":"DRAG\u00c3O PICANHA","sabores":null,"borda":null,"valor_unitario":"20.000000","status":null,"hora":"14:08:33","foto_produto":"24-12-2023-14-23-40-ESPECIAL.jpg"}],"hora":"2025-07-08 14:27:53"}
[SESSION-LISTAR] {"session_id":"5o4vg8nkvrskllleumb6v3h5tp","sessao_usuario":"2025-07-08-13:59:14-216","hora":"2025-07-08 14:27:53"}
[LISTAR-CARRINHO] {"sessao":"2025-07-08-13:59:14-216","itens":2,"hora":"2025-07-08 14:27:53"}
[LISTAR-ENTRY] {"session_id":"5o4vg8nkvrskllleumb6v3h5tp","sessao_usuario":"2025-07-08-13:59:14-216","hora":"2025-07-08 14:27:53"}
[LISTAR-RESULT] {"sessao":"2025-07-08-13:59:14-216","result":[{"id":280,"sessao":"2025-07-08-13:59:14-216","cliente":0,"produto":100,"quantidade":14,"total_item":"252.00","obs":"","pedido":0,"data":"2025-07-08","id_sabor":null,"categoria":null,"item":null,"variacao":null,"mesa":null,"nome_cliente":null,"nome_produto":"EGGS-BURGUER DE CARNEIRO","sabores":null,"borda":null,"valor_unitario":"18.000000","status":null,"hora":"14:09:29","foto_produto":"15-01-2024-09-42-12-WhatsApp-Image-2023-12-25-at-19.16.05-(5).jpeg"},{"id":279,"sessao":"2025-07-08-13:59:14-216","cliente":0,"produto":14,"quantidade":9,"total_item":"180.00","obs":"","pedido":0,"data":"2025-07-08","id_sabor":null,"categoria":null,"item":null,"variacao":null,"mesa":null,"nome_cliente":null,"nome_produto":"DRAG\u00c3O PICANHA","sabores":null,"borda":null,"valor_unitario":"20.000000","status":null,"hora":"14:08:33","foto_produto":"24-12-2023-14-23-40-ESPECIAL.jpg"}],"hora":"2025-07-08 14:27:53"}
[SESSION-LISTAR] {"session_id":"5o4vg8nkvrskllleumb6v3h5tp","sessao_usuario":"2025-07-08-13:59:14-216","hora":"2025-07-08 14:27:53"}
[LISTAR-CARRINHO] {"sessao":"2025-07-08-13:59:14-216","itens":2,"hora":"2025-07-08 14:27:53"}
[LISTAR-ENTRY] {"session_id":"5o4vg8nkvrskllleumb6v3h5tp","sessao_usuario":"2025-07-08-13:59:14-216","hora":"2025-07-08 14:27:54"}
[LISTAR-RESULT] {"sessao":"2025-07-08-13:59:14-216","result":[{"id":280,"sessao":"2025-07-08-13:59:14-216","cliente":0,"produto":100,"quantidade":14,"total_item":"252.00","obs":"","pedido":0,"data":"2025-07-08","id_sabor":null,"categoria":null,"item":null,"variacao":null,"mesa":null,"nome_cliente":null,"nome_produto":"EGGS-BURGUER DE CARNEIRO","sabores":null,"borda":null,"valor_unitario":"18.000000","status":null,"hora":"14:09:29","foto_produto":"15-01-2024-09-42-12-WhatsApp-Image-2023-12-25-at-19.16.05-(5).jpeg"},{"id":279,"sessao":"2025-07-08-13:59:14-216","cliente":0,"produto":14,"quantidade":10,"total_item":"200.00","obs":"","pedido":0,"data":"2025-07-08","id_sabor":null,"categoria":null,"item":null,"variacao":null,"mesa":null,"nome_cliente":null,"nome_produto":"DRAG\u00c3O PICANHA","sabores":null,"borda":null,"valor_unitario":"20.000000","status":null,"hora":"14:08:33","foto_produto":"24-12-2023-14-23-40-ESPECIAL.jpg"}],"hora":"2025-07-08 14:27:54"}
[SESSION-LISTAR] {"session_id":"5o4vg8nkvrskllleumb6v3h5tp","sessao_usuario":"2025-07-08-13:59:14-216","hora":"2025-07-08 14:27:54"}
[LISTAR-CARRINHO] {"sessao":"2025-07-08-13:59:14-216","itens":2,"hora":"2025-07-08 14:27:54"}
[LISTAR-ENTRY] {"session_id":"5o4vg8nkvrskllleumb6v3h5tp","sessao_usuario":"2025-07-08-13:59:14-216","hora":"2025-07-08 14:27:54"}
[LISTAR-RESULT] {"sessao":"2025-07-08-13:59:14-216","result":[{"id":280,"sessao":"2025-07-08-13:59:14-216","cliente":0,"produto":100,"quantidade":14,"total_item":"252.00","obs":"","pedido":0,"data":"2025-07-08","id_sabor":null,"categoria":null,"item":null,"variacao":null,"mesa":null,"nome_cliente":null,"nome_produto":"EGGS-BURGUER DE CARNEIRO","sabores":null,"borda":null,"valor_unitario":"18.000000","status":null,"hora":"14:09:29","foto_produto":"15-01-2024-09-42-12-WhatsApp-Image-2023-12-25-at-19.16.05-(5).jpeg"},{"id":279,"sessao":"2025-07-08-13:59:14-216","cliente":0,"produto":14,"quantidade":11,"total_item":"220.00","obs":"","pedido":0,"data":"2025-07-08","id_sabor":null,"categoria":null,"item":null,"variacao":null,"mesa":null,"nome_cliente":null,"nome_produto":"DRAG\u00c3O PICANHA","sabores":null,"borda":null,"valor_unitario":"20.000000","status":null,"hora":"14:08:33","foto_produto":"24-12-2023-14-23-40-ESPECIAL.jpg"}],"hora":"2025-07-08 14:27:54"}
[SESSION-LISTAR] {"session_id":"5o4vg8nkvrskllleumb6v3h5tp","sessao_usuario":"2025-07-08-13:59:14-216","hora":"2025-07-08 14:27:54"}
[LISTAR-CARRINHO] {"sessao":"2025-07-08-13:59:14-216","itens":2,"hora":"2025-07-08 14:27:54"}
[LISTAR-ENTRY] {"session_id":"5o4vg8nkvrskllleumb6v3h5tp","sessao_usuario":"2025-07-08-13:59:14-216","hora":"2025-07-08 14:27:55"}
[LISTAR-RESULT] {"sessao":"2025-07-08-13:59:14-216","result":[{"id":280,"sessao":"2025-07-08-13:59:14-216","cliente":0,"produto":100,"quantidade":14,"total_item":"252.00","obs":"","pedido":0,"data":"2025-07-08","id_sabor":null,"categoria":null,"item":null,"variacao":null,"mesa":null,"nome_cliente":null,"nome_produto":"EGGS-BURGUER DE CARNEIRO","sabores":null,"borda":null,"valor_unitario":"18.000000","status":null,"hora":"14:09:29","foto_produto":"15-01-2024-09-42-12-WhatsApp-Image-2023-12-25-at-19.16.05-(5).jpeg"},{"id":279,"sessao":"2025-07-08-13:59:14-216","cliente":0,"produto":14,"quantidade":12,"total_item":"240.00","obs":"","pedido":0,"data":"2025-07-08","id_sabor":null,"categoria":null,"item":null,"variacao":null,"mesa":null,"nome_cliente":null,"nome_produto":"DRAG\u00c3O PICANHA","sabores":null,"borda":null,"valor_unitario":"20.000000","status":null,"hora":"14:08:33","foto_produto":"24-12-2023-14-23-40-ESPECIAL.jpg"}],"hora":"2025-07-08 14:27:55"}
[SESSION-LISTAR] {"session_id":"5o4vg8nkvrskllleumb6v3h5tp","sessao_usuario":"2025-07-08-13:59:14-216","hora":"2025-07-08 14:27:55"}
[LISTAR-CARRINHO] {"sessao":"2025-07-08-13:59:14-216","itens":2,"hora":"2025-07-08 14:27:55"}
[LISTAR-ENTRY] {"session_id":"5o4vg8nkvrskllleumb6v3h5tp","sessao_usuario":"2025-07-08-13:59:14-216","hora":"2025-07-08 14:27:55"}
[LISTAR-RESULT] {"sessao":"2025-07-08-13:59:14-216","result":[{"id":280,"sessao":"2025-07-08-13:59:14-216","cliente":0,"produto":100,"quantidade":14,"total_item":"252.00","obs":"","pedido":0,"data":"2025-07-08","id_sabor":null,"categoria":null,"item":null,"variacao":null,"mesa":null,"nome_cliente":null,"nome_produto":"EGGS-BURGUER DE CARNEIRO","sabores":null,"borda":null,"valor_unitario":"18.000000","status":null,"hora":"14:09:29","foto_produto":"15-01-2024-09-42-12-WhatsApp-Image-2023-12-25-at-19.16.05-(5).jpeg"},{"id":279,"sessao":"2025-07-08-13:59:14-216","cliente":0,"produto":14,"quantidade":13,"total_item":"260.00","obs":"","pedido":0,"data":"2025-07-08","id_sabor":null,"categoria":null,"item":null,"variacao":null,"mesa":null,"nome_cliente":null,"nome_produto":"DRAG\u00c3O PICANHA","sabores":null,"borda":null,"valor_unitario":"20.000000","status":null,"hora":"14:08:33","foto_produto":"24-12-2023-14-23-40-ESPECIAL.jpg"}],"hora":"2025-07-08 14:27:55"}
[SESSION-LISTAR] {"session_id":"5o4vg8nkvrskllleumb6v3h5tp","sessao_usuario":"2025-07-08-13:59:14-216","hora":"2025-07-08 14:27:55"}
[LISTAR-CARRINHO] {"sessao":"2025-07-08-13:59:14-216","itens":2,"hora":"2025-07-08 14:27:55"}
[LISTAR-ENTRY] {"session_id":"5o4vg8nkvrskllleumb6v3h5tp","sessao_usuario":"2025-07-08-13:59:14-216","hora":"2025-07-08 14:27:55"}
[LISTAR-RESULT] {"sessao":"2025-07-08-13:59:14-216","result":[{"id":280,"sessao":"2025-07-08-13:59:14-216","cliente":0,"produto":100,"quantidade":14,"total_item":"252.00","obs":"","pedido":0,"data":"2025-07-08","id_sabor":null,"categoria":null,"item":null,"variacao":null,"mesa":null,"nome_cliente":null,"nome_produto":"EGGS-BURGUER DE CARNEIRO","sabores":null,"borda":null,"valor_unitario":"18.000000","status":null,"hora":"14:09:29","foto_produto":"15-01-2024-09-42-12-WhatsApp-Image-2023-12-25-at-19.16.05-(5).jpeg"},{"id":279,"sessao":"2025-07-08-13:59:14-216","cliente":0,"produto":14,"quantidade":14,"total_item":"280.00","obs":"","pedido":0,"data":"2025-07-08","id_sabor":null,"categoria":null,"item":null,"variacao":null,"mesa":null,"nome_cliente":null,"nome_produto":"DRAG\u00c3O PICANHA","sabores":null,"borda":null,"valor_unitario":"20.000000","status":null,"hora":"14:08:33","foto_produto":"24-12-2023-14-23-40-ESPECIAL.jpg"}],"hora":"2025-07-08 14:27:55"}
[SESSION-LISTAR] {"session_id":"5o4vg8nkvrskllleumb6v3h5tp","sessao_usuario":"2025-07-08-13:59:14-216","hora":"2025-07-08 14:27:55"}
[LISTAR-CARRINHO] {"sessao":"2025-07-08-13:59:14-216","itens":2,"hora":"2025-07-08 14:27:55"}
[CARRINHO-TABELA] {"sessao":"2025-07-08-13:59:14-216","carrinho":[{"id":281,"sessao":"2025-07-08-13:59:14-216","cliente":0,"produto":100,"quantidade":4,"total_item":"72.00","obs":"","pedido":0,"data":"2025-07-08","id_sabor":null,"categoria":null,"item":null,"variacao":null,"mesa":null,"nome_cliente":null,"nome_produto":null,"sabores":null,"borda":null,"valor_unitario":"18.00","status":null,"hora":"14:28:38"},{"id":280,"sessao":"2025-07-08-13:59:14-216","cliente":0,"produto":100,"quantidade":14,"total_item":"252.00","obs":"","pedido":0,"data":"2025-07-08","id_sabor":null,"categoria":null,"item":null,"variacao":null,"mesa":null,"nome_cliente":null,"nome_produto":null,"sabores":null,"borda":null,"valor_unitario":"18.00","status":null,"hora":"14:09:29"},{"id":279,"sessao":"2025-07-08-13:59:14-216","cliente":0,"produto":14,"quantidade":14,"total_item":"280.00","obs":"","pedido":0,"data":"2025-07-08","id_sabor":null,"categoria":null,"item":null,"variacao":null,"mesa":null,"nome_cliente":null,"nome_produto":null,"sabores":null,"borda":null,"valor_unitario":"20.00","status":null,"hora":"14:08:33"}],"hora":"2025-07-08 14:28:38"}
[ADD-CARRINHO] {"sessao":"2025-07-08-13:59:14-216","produto":100,"quantidade":4,"total_item":72,"hora":"2025-07-08 14:28:38"}
[SESSION-ADD] {"session_id":"5o4vg8nkvrskllleumb6v3h5tp","sessao_usuario":"2025-07-08-13:59:14-216","hora":"2025-07-08 14:28:38"}
[LISTAR-ENTRY] {"session_id":"5o4vg8nkvrskllleumb6v3h5tp","sessao_usuario":"2025-07-08-13:59:14-216","hora":"2025-07-08 14:28:38"}
[LISTAR-RESULT] {"sessao":"2025-07-08-13:59:14-216","result":[{"id":281,"sessao":"2025-07-08-13:59:14-216","cliente":0,"produto":100,"quantidade":4,"total_item":"72.00","obs":"","pedido":0,"data":"2025-07-08","id_sabor":null,"categoria":null,"item":null,"variacao":null,"mesa":null,"nome_cliente":null,"nome_produto":"EGGS-BURGUER DE CARNEIRO","sabores":null,"borda":null,"valor_unitario":"18.000000","status":null,"hora":"14:28:38","foto_produto":"15-01-2024-09-42-12-WhatsApp-Image-2023-12-25-at-19.16.05-(5).jpeg"},{"id":280,"sessao":"2025-07-08-13:59:14-216","cliente":0,"produto":100,"quantidade":14,"total_item":"252.00","obs":"","pedido":0,"data":"2025-07-08","id_sabor":null,"categoria":null,"item":null,"variacao":null,"mesa":null,"nome_cliente":null,"nome_produto":"EGGS-BURGUER DE CARNEIRO","sabores":null,"borda":null,"valor_unitario":"18.000000","status":null,"hora":"14:09:29","foto_produto":"15-01-2024-09-42-12-WhatsApp-Image-2023-12-25-at-19.16.05-(5).jpeg"},{"id":279,"sessao":"2025-07-08-13:59:14-216","cliente":0,"produto":14,"quantidade":14,"total_item":"280.00","obs":"","pedido":0,"data":"2025-07-08","id_sabor":null,"categoria":null,"item":null,"variacao":null,"mesa":null,"nome_cliente":null,"nome_produto":"DRAG\u00c3O PICANHA","sabores":null,"borda":null,"valor_unitario":"20.000000","status":null,"hora":"14:08:33","foto_produto":"24-12-2023-14-23-40-ESPECIAL.jpg"}],"hora":"2025-07-08 14:28:38"}
[SESSION-LISTAR] {"session_id":"5o4vg8nkvrskllleumb6v3h5tp","sessao_usuario":"2025-07-08-13:59:14-216","hora":"2025-07-08 14:28:38"}
[LISTAR-CARRINHO] {"sessao":"2025-07-08-13:59:14-216","itens":3,"hora":"2025-07-08 14:28:38"}
[LISTAR-ENTRY] {"session_id":"5o4vg8nkvrskllleumb6v3h5tp","sessao_usuario":"2025-07-08-13:59:14-216","hora":"2025-07-08 14:28:38"}
[LISTAR-RESULT] {"sessao":"2025-07-08-13:59:14-216","result":[{"id":281,"sessao":"2025-07-08-13:59:14-216","cliente":0,"produto":100,"quantidade":4,"total_item":"72.00","obs":"","pedido":0,"data":"2025-07-08","id_sabor":null,"categoria":null,"item":null,"variacao":null,"mesa":null,"nome_cliente":null,"nome_produto":"EGGS-BURGUER DE CARNEIRO","sabores":null,"borda":null,"valor_unitario":"18.000000","status":null,"hora":"14:28:38","foto_produto":"15-01-2024-09-42-12-WhatsApp-Image-2023-12-25-at-19.16.05-(5).jpeg"},{"id":280,"sessao":"2025-07-08-13:59:14-216","cliente":0,"produto":100,"quantidade":14,"total_item":"252.00","obs":"","pedido":0,"data":"2025-07-08","id_sabor":null,"categoria":null,"item":null,"variacao":null,"mesa":null,"nome_cliente":null,"nome_produto":"EGGS-BURGUER DE CARNEIRO","sabores":null,"borda":null,"valor_unitario":"18.000000","status":null,"hora":"14:09:29","foto_produto":"15-01-2024-09-42-12-WhatsApp-Image-2023-12-25-at-19.16.05-(5).jpeg"},{"id":279,"sessao":"2025-07-08-13:59:14-216","cliente":0,"produto":14,"quantidade":14,"total_item":"280.00","obs":"","pedido":0,"data":"2025-07-08","id_sabor":null,"categoria":null,"item":null,"variacao":null,"mesa":null,"nome_cliente":null,"nome_produto":"DRAG\u00c3O PICANHA","sabores":null,"borda":null,"valor_unitario":"20.000000","status":null,"hora":"14:08:33","foto_produto":"24-12-2023-14-23-40-ESPECIAL.jpg"}],"hora":"2025-07-08 14:28:38"}
[SESSION-LISTAR] {"session_id":"5o4vg8nkvrskllleumb6v3h5tp","sessao_usuario":"2025-07-08-13:59:14-216","hora":"2025-07-08 14:28:38"}
[LISTAR-CARRINHO] {"sessao":"2025-07-08-13:59:14-216","itens":3,"hora":"2025-07-08 14:28:38"}
[LISTAR-ENTRY] {"session_id":"5o4vg8nkvrskllleumb6v3h5tp","sessao_usuario":"2025-07-08-13:59:14-216","hora":"2025-07-08 14:28:38"}
[LISTAR-RESULT] {"sessao":"2025-07-08-13:59:14-216","result":[{"id":281,"sessao":"2025-07-08-13:59:14-216","cliente":0,"produto":100,"quantidade":4,"total_item":"72.00","obs":"","pedido":0,"data":"2025-07-08","id_sabor":null,"categoria":null,"item":null,"variacao":null,"mesa":null,"nome_cliente":null,"nome_produto":"EGGS-BURGUER DE CARNEIRO","sabores":null,"borda":null,"valor_unitario":"18.000000","status":null,"hora":"14:28:38","foto_produto":"15-01-2024-09-42-12-WhatsApp-Image-2023-12-25-at-19.16.05-(5).jpeg"},{"id":280,"sessao":"2025-07-08-13:59:14-216","cliente":0,"produto":100,"quantidade":14,"total_item":"252.00","obs":"","pedido":0,"data":"2025-07-08","id_sabor":null,"categoria":null,"item":null,"variacao":null,"mesa":null,"nome_cliente":null,"nome_produto":"EGGS-BURGUER DE CARNEIRO","sabores":null,"borda":null,"valor_unitario":"18.000000","status":null,"hora":"14:09:29","foto_produto":"15-01-2024-09-42-12-WhatsApp-Image-2023-12-25-at-19.16.05-(5).jpeg"},{"id":279,"sessao":"2025-07-08-13:59:14-216","cliente":0,"produto":14,"quantidade":14,"total_item":"280.00","obs":"","pedido":0,"data":"2025-07-08","id_sabor":null,"categoria":null,"item":null,"variacao":null,"mesa":null,"nome_cliente":null,"nome_produto":"DRAG\u00c3O PICANHA","sabores":null,"borda":null,"valor_unitario":"20.000000","status":null,"hora":"14:08:33","foto_produto":"24-12-2023-14-23-40-ESPECIAL.jpg"}],"hora":"2025-07-08 14:28:38"}
[SESSION-LISTAR] {"session_id":"5o4vg8nkvrskllleumb6v3h5tp","sessao_usuario":"2025-07-08-13:59:14-216","hora":"2025-07-08 14:28:38"}
[LISTAR-CARRINHO] {"sessao":"2025-07-08-13:59:14-216","itens":3,"hora":"2025-07-08 14:28:38"}
[LISTAR-ENTRY] {"session_id":"5o4vg8nkvrskllleumb6v3h5tp","sessao_usuario":"2025-07-08-13:59:14-216","hora":"2025-07-08 14:34:59"}
[LISTAR-RESULT] {"sessao":"2025-07-08-13:59:14-216","result":[{"id":281,"sessao":"2025-07-08-13:59:14-216","cliente":0,"produto":100,"quantidade":4,"total_item":"72.00","obs":"","pedido":0,"data":"2025-07-08","id_sabor":null,"categoria":null,"item":null,"variacao":null,"mesa":null,"nome_cliente":null,"nome_produto":"EGGS-BURGUER DE CARNEIRO","sabores":null,"borda":null,"valor_unitario":"18.000000","status":null,"hora":"14:28:38","foto_produto":"15-01-2024-09-42-12-WhatsApp-Image-2023-12-25-at-19.16.05-(5).jpeg"},{"id":280,"sessao":"2025-07-08-13:59:14-216","cliente":0,"produto":100,"quantidade":14,"total_item":"252.00","obs":"","pedido":0,"data":"2025-07-08","id_sabor":null,"categoria":null,"item":null,"variacao":null,"mesa":null,"nome_cliente":null,"nome_produto":"EGGS-BURGUER DE CARNEIRO","sabores":null,"borda":null,"valor_unitario":"18.000000","status":null,"hora":"14:09:29","foto_produto":"15-01-2024-09-42-12-WhatsApp-Image-2023-12-25-at-19.16.05-(5).jpeg"}],"hora":"2025-07-08 14:34:59"}
[SESSION-LISTAR] {"session_id":"5o4vg8nkvrskllleumb6v3h5tp","sessao_usuario":"2025-07-08-13:59:14-216","hora":"2025-07-08 14:34:59"}
[LISTAR-CARRINHO] {"sessao":"2025-07-08-13:59:14-216","itens":2,"hora":"2025-07-08 14:34:59"}
[LISTAR-ENTRY] {"session_id":"5o4vg8nkvrskllleumb6v3h5tp","sessao_usuario":"2025-07-08-13:59:14-216","hora":"2025-07-08 14:34:59"}
[LISTAR-RESULT] {"sessao":"2025-07-08-13:59:14-216","result":[{"id":281,"sessao":"2025-07-08-13:59:14-216","cliente":0,"produto":100,"quantidade":4,"total_item":"72.00","obs":"","pedido":0,"data":"2025-07-08","id_sabor":null,"categoria":null,"item":null,"variacao":null,"mesa":null,"nome_cliente":null,"nome_produto":"EGGS-BURGUER DE CARNEIRO","sabores":null,"borda":null,"valor_unitario":"18.000000","status":null,"hora":"14:28:38","foto_produto":"15-01-2024-09-42-12-WhatsApp-Image-2023-12-25-at-19.16.05-(5).jpeg"},{"id":280,"sessao":"2025-07-08-13:59:14-216","cliente":0,"produto":100,"quantidade":14,"total_item":"252.00","obs":"","pedido":0,"data":"2025-07-08","id_sabor":null,"categoria":null,"item":null,"variacao":null,"mesa":null,"nome_cliente":null,"nome_produto":"EGGS-BURGUER DE CARNEIRO","sabores":null,"borda":null,"valor_unitario":"18.000000","status":null,"hora":"14:09:29","foto_produto":"15-01-2024-09-42-12-WhatsApp-Image-2023-12-25-at-19.16.05-(5).jpeg"}],"hora":"2025-07-08 14:34:59"}
[SESSION-LISTAR] {"session_id":"5o4vg8nkvrskllleumb6v3h5tp","sessao_usuario":"2025-07-08-13:59:14-216","hora":"2025-07-08 14:34:59"}
[LISTAR-CARRINHO] {"sessao":"2025-07-08-13:59:14-216","itens":2,"hora":"2025-07-08 14:34:59"}
[LISTAR-ENTRY] {"session_id":"5o4vg8nkvrskllleumb6v3h5tp","sessao_usuario":"2025-07-08-13:59:14-216","hora":"2025-07-08 14:34:59"}
[LISTAR-RESULT] {"sessao":"2025-07-08-13:59:14-216","result":[{"id":281,"sessao":"2025-07-08-13:59:14-216","cliente":0,"produto":100,"quantidade":4,"total_item":"72.00","obs":"","pedido":0,"data":"2025-07-08","id_sabor":null,"categoria":null,"item":null,"variacao":null,"mesa":null,"nome_cliente":null,"nome_produto":"EGGS-BURGUER DE CARNEIRO","sabores":null,"borda":null,"valor_unitario":"18.000000","status":null,"hora":"14:28:38","foto_produto":"15-01-2024-09-42-12-WhatsApp-Image-2023-12-25-at-19.16.05-(5).jpeg"},{"id":280,"sessao":"2025-07-08-13:59:14-216","cliente":0,"produto":100,"quantidade":14,"total_item":"252.00","obs":"","pedido":0,"data":"2025-07-08","id_sabor":null,"categoria":null,"item":null,"variacao":null,"mesa":null,"nome_cliente":null,"nome_produto":"EGGS-BURGUER DE CARNEIRO","sabores":null,"borda":null,"valor_unitario":"18.000000","status":null,"hora":"14:09:29","foto_produto":"15-01-2024-09-42-12-WhatsApp-Image-2023-12-25-at-19.16.05-(5).jpeg"}],"hora":"2025-07-08 14:34:59"}
[SESSION-LISTAR] {"session_id":"5o4vg8nkvrskllleumb6v3h5tp","sessao_usuario":"2025-07-08-13:59:14-216","hora":"2025-07-08 14:34:59"}
[LISTAR-CARRINHO] {"sessao":"2025-07-08-13:59:14-216","itens":2,"hora":"2025-07-08 14:34:59"}
[LISTAR-ENTRY] {"session_id":"5o4vg8nkvrskllleumb6v3h5tp","sessao_usuario":"2025-07-08-13:59:14-216","hora":"2025-07-08 14:35:01"}
[LISTAR-RESULT] {"sessao":"2025-07-08-13:59:14-216","result":[{"id":281,"sessao":"2025-07-08-13:59:14-216","cliente":0,"produto":100,"quantidade":4,"total_item":"72.00","obs":"","pedido":0,"data":"2025-07-08","id_sabor":null,"categoria":null,"item":null,"variacao":null,"mesa":null,"nome_cliente":null,"nome_produto":"EGGS-BURGUER DE CARNEIRO","sabores":null,"borda":null,"valor_unitario":"18.000000","status":null,"hora":"14:28:38","foto_produto":"15-01-2024-09-42-12-WhatsApp-Image-2023-12-25-at-19.16.05-(5).jpeg"},{"id":280,"sessao":"2025-07-08-13:59:14-216","cliente":0,"produto":100,"quantidade":15,"total_item":"270.00","obs":"","pedido":0,"data":"2025-07-08","id_sabor":null,"categoria":null,"item":null,"variacao":null,"mesa":null,"nome_cliente":null,"nome_produto":"EGGS-BURGUER DE CARNEIRO","sabores":null,"borda":null,"valor_unitario":"18.000000","status":null,"hora":"14:09:29","foto_produto":"15-01-2024-09-42-12-WhatsApp-Image-2023-12-25-at-19.16.05-(5).jpeg"}],"hora":"2025-07-08 14:35:01"}
[SESSION-LISTAR] {"session_id":"5o4vg8nkvrskllleumb6v3h5tp","sessao_usuario":"2025-07-08-13:59:14-216","hora":"2025-07-08 14:35:01"}
[LISTAR-CARRINHO] {"sessao":"2025-07-08-13:59:14-216","itens":2,"hora":"2025-07-08 14:35:01"}
[LISTAR-ENTRY] {"session_id":"5o4vg8nkvrskllleumb6v3h5tp","sessao_usuario":"2025-07-08-13:59:14-216","hora":"2025-07-08 14:35:02"}
[LISTAR-RESULT] {"sessao":"2025-07-08-13:59:14-216","result":[{"id":281,"sessao":"2025-07-08-13:59:14-216","cliente":0,"produto":100,"quantidade":4,"total_item":"72.00","obs":"","pedido":0,"data":"2025-07-08","id_sabor":null,"categoria":null,"item":null,"variacao":null,"mesa":null,"nome_cliente":null,"nome_produto":"EGGS-BURGUER DE CARNEIRO","sabores":null,"borda":null,"valor_unitario":"18.000000","status":null,"hora":"14:28:38","foto_produto":"15-01-2024-09-42-12-WhatsApp-Image-2023-12-25-at-19.16.05-(5).jpeg"},{"id":280,"sessao":"2025-07-08-13:59:14-216","cliente":0,"produto":100,"quantidade":16,"total_item":"288.00","obs":"","pedido":0,"data":"2025-07-08","id_sabor":null,"categoria":null,"item":null,"variacao":null,"mesa":null,"nome_cliente":null,"nome_produto":"EGGS-BURGUER DE CARNEIRO","sabores":null,"borda":null,"valor_unitario":"18.000000","status":null,"hora":"14:09:29","foto_produto":"15-01-2024-09-42-12-WhatsApp-Image-2023-12-25-at-19.16.05-(5).jpeg"}],"hora":"2025-07-08 14:35:02"}
[SESSION-LISTAR] {"session_id":"5o4vg8nkvrskllleumb6v3h5tp","sessao_usuario":"2025-07-08-13:59:14-216","hora":"2025-07-08 14:35:02"}
[LISTAR-CARRINHO] {"sessao":"2025-07-08-13:59:14-216","itens":2,"hora":"2025-07-08 14:35:02"}
[LISTAR-ENTRY] {"session_id":"5o4vg8nkvrskllleumb6v3h5tp","sessao_usuario":"2025-07-08-13:59:14-216","hora":"2025-07-08 14:35:02"}
[LISTAR-RESULT] {"sessao":"2025-07-08-13:59:14-216","result":[{"id":281,"sessao":"2025-07-08-13:59:14-216","cliente":0,"produto":100,"quantidade":5,"total_item":"90.00","obs":"","pedido":0,"data":"2025-07-08","id_sabor":null,"categoria":null,"item":null,"variacao":null,"mesa":null,"nome_cliente":null,"nome_produto":"EGGS-BURGUER DE CARNEIRO","sabores":null,"borda":null,"valor_unitario":"18.000000","status":null,"hora":"14:28:38","foto_produto":"15-01-2024-09-42-12-WhatsApp-Image-2023-12-25-at-19.16.05-(5).jpeg"},{"id":280,"sessao":"2025-07-08-13:59:14-216","cliente":0,"produto":100,"quantidade":16,"total_item":"288.00","obs":"","pedido":0,"data":"2025-07-08","id_sabor":null,"categoria":null,"item":null,"variacao":null,"mesa":null,"nome_cliente":null,"nome_produto":"EGGS-BURGUER DE CARNEIRO","sabores":null,"borda":null,"valor_unitario":"18.000000","status":null,"hora":"14:09:29","foto_produto":"15-01-2024-09-42-12-WhatsApp-Image-2023-12-25-at-19.16.05-(5).jpeg"}],"hora":"2025-07-08 14:35:02"}
[SESSION-LISTAR] {"session_id":"5o4vg8nkvrskllleumb6v3h5tp","sessao_usuario":"2025-07-08-13:59:14-216","hora":"2025-07-08 14:35:02"}
[LISTAR-CARRINHO] {"sessao":"2025-07-08-13:59:14-216","itens":2,"hora":"2025-07-08 14:35:02"}
[LISTAR-ENTRY] {"session_id":"5o4vg8nkvrskllleumb6v3h5tp","sessao_usuario":"2025-07-08-13:59:14-216","hora":"2025-07-08 14:35:02"}
[LISTAR-RESULT] {"sessao":"2025-07-08-13:59:14-216","result":[{"id":281,"sessao":"2025-07-08-13:59:14-216","cliente":0,"produto":100,"quantidade":6,"total_item":"108.00","obs":"","pedido":0,"data":"2025-07-08","id_sabor":null,"categoria":null,"item":null,"variacao":null,"mesa":null,"nome_cliente":null,"nome_produto":"EGGS-BURGUER DE CARNEIRO","sabores":null,"borda":null,"valor_unitario":"18.000000","status":null,"hora":"14:28:38","foto_produto":"15-01-2024-09-42-12-WhatsApp-Image-2023-12-25-at-19.16.05-(5).jpeg"},{"id":280,"sessao":"2025-07-08-13:59:14-216","cliente":0,"produto":100,"quantidade":16,"total_item":"288.00","obs":"","pedido":0,"data":"2025-07-08","id_sabor":null,"categoria":null,"item":null,"variacao":null,"mesa":null,"nome_cliente":null,"nome_produto":"EGGS-BURGUER DE CARNEIRO","sabores":null,"borda":null,"valor_unitario":"18.000000","status":null,"hora":"14:09:29","foto_produto":"15-01-2024-09-42-12-WhatsApp-Image-2023-12-25-at-19.16.05-(5).jpeg"}],"hora":"2025-07-08 14:35:02"}
[SESSION-LISTAR] {"session_id":"5o4vg8nkvrskllleumb6v3h5tp","sessao_usuario":"2025-07-08-13:59:14-216","hora":"2025-07-08 14:35:02"}
[LISTAR-CARRINHO] {"sessao":"2025-07-08-13:59:14-216","itens":2,"hora":"2025-07-08 14:35:02"}
[LISTAR-ENTRY] {"session_id":"5o4vg8nkvrskllleumb6v3h5tp","sessao_usuario":"2025-07-08-13:59:14-216","hora":"2025-07-08 14:35:04"}
[LISTAR-RESULT] {"sessao":"2025-07-08-13:59:14-216","result":[{"id":281,"sessao":"2025-07-08-13:59:14-216","cliente":0,"produto":100,"quantidade":7,"total_item":"126.00","obs":"","pedido":0,"data":"2025-07-08","id_sabor":null,"categoria":null,"item":null,"variacao":null,"mesa":null,"nome_cliente":null,"nome_produto":"EGGS-BURGUER DE CARNEIRO","sabores":null,"borda":null,"valor_unitario":"18.000000","status":null,"hora":"14:28:38","foto_produto":"15-01-2024-09-42-12-WhatsApp-Image-2023-12-25-at-19.16.05-(5).jpeg"},{"id":280,"sessao":"2025-07-08-13:59:14-216","cliente":0,"produto":100,"quantidade":16,"total_item":"288.00","obs":"","pedido":0,"data":"2025-07-08","id_sabor":null,"categoria":null,"item":null,"variacao":null,"mesa":null,"nome_cliente":null,"nome_produto":"EGGS-BURGUER DE CARNEIRO","sabores":null,"borda":null,"valor_unitario":"18.000000","status":null,"hora":"14:09:29","foto_produto":"15-01-2024-09-42-12-WhatsApp-Image-2023-12-25-at-19.16.05-(5).jpeg"}],"hora":"2025-07-08 14:35:04"}
[SESSION-LISTAR] {"session_id":"5o4vg8nkvrskllleumb6v3h5tp","sessao_usuario":"2025-07-08-13:59:14-216","hora":"2025-07-08 14:35:04"}
[LISTAR-CARRINHO] {"sessao":"2025-07-08-13:59:14-216","itens":2,"hora":"2025-07-08 14:35:04"}
[CARRINHO-TABELA] {"sessao":"2025-07-08-13:59:14-216","carrinho":[{"id":282,"sessao":"2025-07-08-13:59:14-216","cliente":0,"produto":14,"quantidade":2,"total_item":"40.00","obs":"","pedido":0,"data":"2025-07-08","id_sabor":null,"categoria":null,"item":null,"variacao":null,"mesa":null,"nome_cliente":null,"nome_produto":null,"sabores":null,"borda":null,"valor_unitario":"20.00","status":null,"hora":"14:57:21"}],"hora":"2025-07-08 14:57:21"}
[ADD-CARRINHO] {"sessao":"2025-07-08-13:59:14-216","produto":14,"quantidade":2,"total_item":40,"hora":"2025-07-08 14:57:21"}
[SESSION-ADD] {"session_id":"5o4vg8nkvrskllleumb6v3h5tp","sessao_usuario":"2025-07-08-13:59:14-216","hora":"2025-07-08 14:57:21"}
[LISTAR-ENTRY] {"session_id":"5o4vg8nkvrskllleumb6v3h5tp","sessao_usuario":"2025-07-08-13:59:14-216","hora":"2025-07-08 14:57:21"}
[LISTAR-RESULT] {"sessao":"2025-07-08-13:59:14-216","result":[{"id":282,"sessao":"2025-07-08-13:59:14-216","cliente":0,"produto":14,"quantidade":2,"total_item":"40.00","obs":"","pedido":0,"data":"2025-07-08","id_sabor":null,"categoria":null,"item":null,"variacao":null,"mesa":null,"nome_cliente":null,"nome_produto":"DRAG\u00c3O PICANHA","sabores":null,"borda":null,"valor_unitario":"20.000000","status":null,"hora":"14:57:21","foto_produto":"24-12-2023-14-23-40-ESPECIAL.jpg"}],"hora":"2025-07-08 14:57:21"}
[SESSION-LISTAR] {"session_id":"5o4vg8nkvrskllleumb6v3h5tp","sessao_usuario":"2025-07-08-13:59:14-216","hora":"2025-07-08 14:57:21"}
[LISTAR-CARRINHO] {"sessao":"2025-07-08-13:59:14-216","itens":1,"hora":"2025-07-08 14:57:21"}
[LISTAR-ENTRY] {"session_id":"5o4vg8nkvrskllleumb6v3h5tp","sessao_usuario":"2025-07-08-13:59:14-216","hora":"2025-07-08 14:57:21"}
[LISTAR-RESULT] {"sessao":"2025-07-08-13:59:14-216","result":[{"id":282,"sessao":"2025-07-08-13:59:14-216","cliente":0,"produto":14,"quantidade":2,"total_item":"40.00","obs":"","pedido":0,"data":"2025-07-08","id_sabor":null,"categoria":null,"item":null,"variacao":null,"mesa":null,"nome_cliente":null,"nome_produto":"DRAG\u00c3O PICANHA","sabores":null,"borda":null,"valor_unitario":"20.000000","status":null,"hora":"14:57:21","foto_produto":"24-12-2023-14-23-40-ESPECIAL.jpg"}],"hora":"2025-07-08 14:57:21"}
[SESSION-LISTAR] {"session_id":"5o4vg8nkvrskllleumb6v3h5tp","sessao_usuario":"2025-07-08-13:59:14-216","hora":"2025-07-08 14:57:21"}
[LISTAR-CARRINHO] {"sessao":"2025-07-08-13:59:14-216","itens":1,"hora":"2025-07-08 14:57:21"}
[LISTAR-ENTRY] {"session_id":"5o4vg8nkvrskllleumb6v3h5tp","sessao_usuario":"2025-07-08-13:59:14-216","hora":"2025-07-08 14:57:21"}
[LISTAR-RESULT] {"sessao":"2025-07-08-13:59:14-216","result":[{"id":282,"sessao":"2025-07-08-13:59:14-216","cliente":0,"produto":14,"quantidade":2,"total_item":"40.00","obs":"","pedido":0,"data":"2025-07-08","id_sabor":null,"categoria":null,"item":null,"variacao":null,"mesa":null,"nome_cliente":null,"nome_produto":"DRAG\u00c3O PICANHA","sabores":null,"borda":null,"valor_unitario":"20.000000","status":null,"hora":"14:57:21","foto_produto":"24-12-2023-14-23-40-ESPECIAL.jpg"}],"hora":"2025-07-08 14:57:21"}
[SESSION-LISTAR] {"session_id":"5o4vg8nkvrskllleumb6v3h5tp","sessao_usuario":"2025-07-08-13:59:14-216","hora":"2025-07-08 14:57:21"}
[LISTAR-CARRINHO] {"sessao":"2025-07-08-13:59:14-216","itens":1,"hora":"2025-07-08 14:57:21"}
[LISTAR-ENTRY] {"session_id":"5o4vg8nkvrskllleumb6v3h5tp","sessao_usuario":"2025-07-08-13:59:14-216","hora":"2025-07-08 14:57:32"}
[LISTAR-RESULT] {"sessao":"2025-07-08-13:59:14-216","result":[{"id":282,"sessao":"2025-07-08-13:59:14-216","cliente":0,"produto":14,"quantidade":2,"total_item":"40.00","obs":"","pedido":0,"data":"2025-07-08","id_sabor":null,"categoria":null,"item":null,"variacao":null,"mesa":null,"nome_cliente":null,"nome_produto":"DRAG\u00c3O PICANHA","sabores":null,"borda":null,"valor_unitario":"20.000000","status":null,"hora":"14:57:21","foto_produto":"24-12-2023-14-23-40-ESPECIAL.jpg"}],"hora":"2025-07-08 14:57:32"}
[SESSION-LISTAR] {"session_id":"5o4vg8nkvrskllleumb6v3h5tp","sessao_usuario":"2025-07-08-13:59:14-216","hora":"2025-07-08 14:57:32"}
[LISTAR-CARRINHO] {"sessao":"2025-07-08-13:59:14-216","itens":1,"hora":"2025-07-08 14:57:32"}
[LISTAR-ENTRY] {"session_id":"5o4vg8nkvrskllleumb6v3h5tp","sessao_usuario":"2025-07-08-13:59:14-216","hora":"2025-07-08 14:57:32"}
[LISTAR-RESULT] {"sessao":"2025-07-08-13:59:14-216","result":[{"id":282,"sessao":"2025-07-08-13:59:14-216","cliente":0,"produto":14,"quantidade":2,"total_item":"40.00","obs":"","pedido":0,"data":"2025-07-08","id_sabor":null,"categoria":null,"item":null,"variacao":null,"mesa":null,"nome_cliente":null,"nome_produto":"DRAG\u00c3O PICANHA","sabores":null,"borda":null,"valor_unitario":"20.000000","status":null,"hora":"14:57:21","foto_produto":"24-12-2023-14-23-40-ESPECIAL.jpg"}],"hora":"2025-07-08 14:57:32"}
[SESSION-LISTAR] {"session_id":"5o4vg8nkvrskllleumb6v3h5tp","sessao_usuario":"2025-07-08-13:59:14-216","hora":"2025-07-08 14:57:32"}
[LISTAR-CARRINHO] {"sessao":"2025-07-08-13:59:14-216","itens":1,"hora":"2025-07-08 14:57:32"}
[LISTAR-ENTRY] {"session_id":"5o4vg8nkvrskllleumb6v3h5tp","sessao_usuario":"2025-07-08-13:59:14-216","hora":"2025-07-08 14:57:32"}
[LISTAR-RESULT] {"sessao":"2025-07-08-13:59:14-216","result":[{"id":282,"sessao":"2025-07-08-13:59:14-216","cliente":0,"produto":14,"quantidade":2,"total_item":"40.00","obs":"","pedido":0,"data":"2025-07-08","id_sabor":null,"categoria":null,"item":null,"variacao":null,"mesa":null,"nome_cliente":null,"nome_produto":"DRAG\u00c3O PICANHA","sabores":null,"borda":null,"valor_unitario":"20.000000","status":null,"hora":"14:57:21","foto_produto":"24-12-2023-14-23-40-ESPECIAL.jpg"}],"hora":"2025-07-08 14:57:32"}
[SESSION-LISTAR] {"session_id":"5o4vg8nkvrskllleumb6v3h5tp","sessao_usuario":"2025-07-08-13:59:14-216","hora":"2025-07-08 14:57:32"}
[LISTAR-CARRINHO] {"sessao":"2025-07-08-13:59:14-216","itens":1,"hora":"2025-07-08 14:57:32"}
[CARRINHO-TABELA] {"sessao":"2025-07-08-13:59:14-216","carrinho":[{"id":283,"sessao":"2025-07-08-13:59:14-216","cliente":0,"produto":85,"quantidade":1,"total_item":"20.00","obs":"","pedido":0,"data":"2025-07-08","id_sabor":null,"categoria":null,"item":null,"variacao":null,"mesa":null,"nome_cliente":null,"nome_produto":null,"sabores":null,"borda":null,"valor_unitario":"20.00","status":null,"hora":"15:00:00"},{"id":282,"sessao":"2025-07-08-13:59:14-216","cliente":0,"produto":14,"quantidade":2,"total_item":"40.00","obs":"","pedido":0,"data":"2025-07-08","id_sabor":null,"categoria":null,"item":null,"variacao":null,"mesa":null,"nome_cliente":null,"nome_produto":null,"sabores":null,"borda":null,"valor_unitario":"20.00","status":null,"hora":"14:57:21"}],"hora":"2025-07-08 15:00:00"}
[ADD-CARRINHO] {"sessao":"2025-07-08-13:59:14-216","produto":85,"quantidade":1,"total_item":20,"hora":"2025-07-08 15:00:00"}
[SESSION-ADD] {"session_id":"5o4vg8nkvrskllleumb6v3h5tp","sessao_usuario":"2025-07-08-13:59:14-216","hora":"2025-07-08 15:00:00"}
[LISTAR-ENTRY] {"session_id":"5o4vg8nkvrskllleumb6v3h5tp","sessao_usuario":"2025-07-08-13:59:14-216","hora":"2025-07-08 15:00:00"}
[LISTAR-RESULT] {"sessao":"2025-07-08-13:59:14-216","result":[{"id":283,"sessao":"2025-07-08-13:59:14-216","cliente":0,"produto":85,"quantidade":1,"total_item":"20.00","obs":"","pedido":0,"data":"2025-07-08","id_sabor":null,"categoria":null,"item":null,"variacao":null,"mesa":null,"nome_cliente":null,"nome_produto":"DRAG\u00c3O CALABRESA","sabores":null,"borda":null,"valor_unitario":"20.000000","status":null,"hora":"15:00:00","foto_produto":"24-12-2023-14-20-41-ESPECIAL.jpg"},{"id":282,"sessao":"2025-07-08-13:59:14-216","cliente":0,"produto":14,"quantidade":2,"total_item":"40.00","obs":"","pedido":0,"data":"2025-07-08","id_sabor":null,"categoria":null,"item":null,"variacao":null,"mesa":null,"nome_cliente":null,"nome_produto":"DRAG\u00c3O PICANHA","sabores":null,"borda":null,"valor_unitario":"20.000000","status":null,"hora":"14:57:21","foto_produto":"24-12-2023-14-23-40-ESPECIAL.jpg"}],"hora":"2025-07-08 15:00:00"}
[SESSION-LISTAR] {"session_id":"5o4vg8nkvrskllleumb6v3h5tp","sessao_usuario":"2025-07-08-13:59:14-216","hora":"2025-07-08 15:00:00"}
[LISTAR-CARRINHO] {"sessao":"2025-07-08-13:59:14-216","itens":2,"hora":"2025-07-08 15:00:00"}
[LISTAR-ENTRY] {"session_id":"5o4vg8nkvrskllleumb6v3h5tp","sessao_usuario":"2025-07-08-13:59:14-216","hora":"2025-07-08 15:00:00"}
[LISTAR-RESULT] {"sessao":"2025-07-08-13:59:14-216","result":[{"id":283,"sessao":"2025-07-08-13:59:14-216","cliente":0,"produto":85,"quantidade":1,"total_item":"20.00","obs":"","pedido":0,"data":"2025-07-08","id_sabor":null,"categoria":null,"item":null,"variacao":null,"mesa":null,"nome_cliente":null,"nome_produto":"DRAG\u00c3O CALABRESA","sabores":null,"borda":null,"valor_unitario":"20.000000","status":null,"hora":"15:00:00","foto_produto":"24-12-2023-14-20-41-ESPECIAL.jpg"},{"id":282,"sessao":"2025-07-08-13:59:14-216","cliente":0,"produto":14,"quantidade":2,"total_item":"40.00","obs":"","pedido":0,"data":"2025-07-08","id_sabor":null,"categoria":null,"item":null,"variacao":null,"mesa":null,"nome_cliente":null,"nome_produto":"DRAG\u00c3O PICANHA","sabores":null,"borda":null,"valor_unitario":"20.000000","status":null,"hora":"14:57:21","foto_produto":"24-12-2023-14-23-40-ESPECIAL.jpg"}],"hora":"2025-07-08 15:00:00"}
[SESSION-LISTAR] {"session_id":"5o4vg8nkvrskllleumb6v3h5tp","sessao_usuario":"2025-07-08-13:59:14-216","hora":"2025-07-08 15:00:00"}
[LISTAR-CARRINHO] {"sessao":"2025-07-08-13:59:14-216","itens":2,"hora":"2025-07-08 15:00:00"}
[LISTAR-ENTRY] {"session_id":"5o4vg8nkvrskllleumb6v3h5tp","sessao_usuario":"2025-07-08-13:59:14-216","hora":"2025-07-08 15:00:00"}
[LISTAR-RESULT] {"sessao":"2025-07-08-13:59:14-216","result":[{"id":283,"sessao":"2025-07-08-13:59:14-216","cliente":0,"produto":85,"quantidade":1,"total_item":"20.00","obs":"","pedido":0,"data":"2025-07-08","id_sabor":null,"categoria":null,"item":null,"variacao":null,"mesa":null,"nome_cliente":null,"nome_produto":"DRAG\u00c3O CALABRESA","sabores":null,"borda":null,"valor_unitario":"20.000000","status":null,"hora":"15:00:00","foto_produto":"24-12-2023-14-20-41-ESPECIAL.jpg"},{"id":282,"sessao":"2025-07-08-13:59:14-216","cliente":0,"produto":14,"quantidade":2,"total_item":"40.00","obs":"","pedido":0,"data":"2025-07-08","id_sabor":null,"categoria":null,"item":null,"variacao":null,"mesa":null,"nome_cliente":null,"nome_produto":"DRAG\u00c3O PICANHA","sabores":null,"borda":null,"valor_unitario":"20.000000","status":null,"hora":"14:57:21","foto_produto":"24-12-2023-14-23-40-ESPECIAL.jpg"}],"hora":"2025-07-08 15:00:00"}
[SESSION-LISTAR] {"session_id":"5o4vg8nkvrskllleumb6v3h5tp","sessao_usuario":"2025-07-08-13:59:14-216","hora":"2025-07-08 15:00:00"}
[LISTAR-CARRINHO] {"sessao":"2025-07-08-13:59:14-216","itens":2,"hora":"2025-07-08 15:00:00"}
[LISTAR-ENTRY] {"session_id":"5o4vg8nkvrskllleumb6v3h5tp","sessao_usuario":"2025-07-08-13:59:14-216","hora":"2025-07-08 15:00:06"}
[LISTAR-RESULT] {"sessao":"2025-07-08-13:59:14-216","result":[{"id":283,"sessao":"2025-07-08-13:59:14-216","cliente":0,"produto":85,"quantidade":1,"total_item":"20.00","obs":"","pedido":0,"data":"2025-07-08","id_sabor":null,"categoria":null,"item":null,"variacao":null,"mesa":null,"nome_cliente":null,"nome_produto":"DRAG\u00c3O CALABRESA","sabores":null,"borda":null,"valor_unitario":"20.000000","status":null,"hora":"15:00:00","foto_produto":"24-12-2023-14-20-41-ESPECIAL.jpg"}],"hora":"2025-07-08 15:00:06"}
[SESSION-LISTAR] {"session_id":"5o4vg8nkvrskllleumb6v3h5tp","sessao_usuario":"2025-07-08-13:59:14-216","hora":"2025-07-08 15:00:06"}
[LISTAR-CARRINHO] {"sessao":"2025-07-08-13:59:14-216","itens":1,"hora":"2025-07-08 15:00:06"}
[LISTAR-ENTRY] {"session_id":"5o4vg8nkvrskllleumb6v3h5tp","sessao_usuario":"2025-07-08-13:59:14-216","hora":"2025-07-08 15:00:10"}
[LISTAR-RESULT] {"sessao":"2025-07-08-13:59:14-216","result":[],"hora":"2025-07-08 15:00:10"}
[CARRINHO-TABELA] {"sessao":"2025-07-08-13:59:14-216","carrinho":[{"id":284,"sessao":"2025-07-08-13:59:14-216","cliente":0,"produto":17,"quantidade":1,"total_item":"20.00","obs":"","pedido":0,"data":"2025-07-08","id_sabor":null,"categoria":null,"item":null,"variacao":null,"mesa":null,"nome_cliente":null,"nome_produto":null,"sabores":null,"borda":null,"valor_unitario":"20.00","status":null,"hora":"15:00:18"}],"hora":"2025-07-08 15:00:18"}
[ADD-CARRINHO] {"sessao":"2025-07-08-13:59:14-216","produto":17,"quantidade":1,"total_item":20,"hora":"2025-07-08 15:00:18"}
[SESSION-ADD] {"session_id":"5o4vg8nkvrskllleumb6v3h5tp","sessao_usuario":"2025-07-08-13:59:14-216","hora":"2025-07-08 15:00:18"}
[LISTAR-ENTRY] {"session_id":"5o4vg8nkvrskllleumb6v3h5tp","sessao_usuario":"2025-07-08-13:59:14-216","hora":"2025-07-08 15:00:18"}
[LISTAR-RESULT] {"sessao":"2025-07-08-13:59:14-216","result":[{"id":284,"sessao":"2025-07-08-13:59:14-216","cliente":0,"produto":17,"quantidade":1,"total_item":"20.00","obs":"","pedido":0,"data":"2025-07-08","id_sabor":null,"categoria":null,"item":null,"variacao":null,"mesa":null,"nome_cliente":null,"nome_produto":"DRAG\u00c3O BACON","sabores":null,"borda":null,"valor_unitario":"20.000000","status":null,"hora":"15:00:18","foto_produto":"24-12-2023-14-22-10-ESPECIAL.jpg"}],"hora":"2025-07-08 15:00:18"}
[SESSION-LISTAR] {"session_id":"5o4vg8nkvrskllleumb6v3h5tp","sessao_usuario":"2025-07-08-13:59:14-216","hora":"2025-07-08 15:00:18"}
[LISTAR-CARRINHO] {"sessao":"2025-07-08-13:59:14-216","itens":1,"hora":"2025-07-08 15:00:18"}
[LISTAR-ENTRY] {"session_id":"5o4vg8nkvrskllleumb6v3h5tp","sessao_usuario":"2025-07-08-13:59:14-216","hora":"2025-07-08 15:00:18"}
[LISTAR-RESULT] {"sessao":"2025-07-08-13:59:14-216","result":[{"id":284,"sessao":"2025-07-08-13:59:14-216","cliente":0,"produto":17,"quantidade":1,"total_item":"20.00","obs":"","pedido":0,"data":"2025-07-08","id_sabor":null,"categoria":null,"item":null,"variacao":null,"mesa":null,"nome_cliente":null,"nome_produto":"DRAG\u00c3O BACON","sabores":null,"borda":null,"valor_unitario":"20.000000","status":null,"hora":"15:00:18","foto_produto":"24-12-2023-14-22-10-ESPECIAL.jpg"}],"hora":"2025-07-08 15:00:18"}
[SESSION-LISTAR] {"session_id":"5o4vg8nkvrskllleumb6v3h5tp","sessao_usuario":"2025-07-08-13:59:14-216","hora":"2025-07-08 15:00:18"}
[LISTAR-CARRINHO] {"sessao":"2025-07-08-13:59:14-216","itens":1,"hora":"2025-07-08 15:00:18"}
[LISTAR-ENTRY] {"session_id":"5o4vg8nkvrskllleumb6v3h5tp","sessao_usuario":"2025-07-08-13:59:14-216","hora":"2025-07-08 15:00:18"}
[LISTAR-RESULT] {"sessao":"2025-07-08-13:59:14-216","result":[{"id":284,"sessao":"2025-07-08-13:59:14-216","cliente":0,"produto":17,"quantidade":1,"total_item":"20.00","obs":"","pedido":0,"data":"2025-07-08","id_sabor":null,"categoria":null,"item":null,"variacao":null,"mesa":null,"nome_cliente":null,"nome_produto":"DRAG\u00c3O BACON","sabores":null,"borda":null,"valor_unitario":"20.000000","status":null,"hora":"15:00:18","foto_produto":"24-12-2023-14-22-10-ESPECIAL.jpg"}],"hora":"2025-07-08 15:00:18"}
[SESSION-LISTAR] {"session_id":"5o4vg8nkvrskllleumb6v3h5tp","sessao_usuario":"2025-07-08-13:59:14-216","hora":"2025-07-08 15:00:18"}
[LISTAR-CARRINHO] {"sessao":"2025-07-08-13:59:14-216","itens":1,"hora":"2025-07-08 15:00:18"}
[LISTAR-ENTRY] {"session_id":"5o4vg8nkvrskllleumb6v3h5tp","sessao_usuario":"","hora":"2025-07-08 15:16:51"}
[LISTAR-ENTRY] {"session_id":"5o4vg8nkvrskllleumb6v3h5tp","sessao_usuario":"","hora":"2025-07-08 15:16:51"}
[LISTAR-ENTRY] {"session_id":"5o4vg8nkvrskllleumb6v3h5tp","sessao_usuario":"","hora":"2025-07-08 15:16:51"}
[CARRINHO-TABELA] {"sessao":"2025-07-08-15:16:54-876","carrinho":[{"id":285,"sessao":"2025-07-08-15:16:54-876","cliente":0,"produto":81,"quantidade":1,"total_item":"20.00","obs":"","pedido":0,"data":"2025-07-08","id_sabor":null,"categoria":null,"item":null,"variacao":null,"mesa":null,"nome_cliente":null,"nome_produto":null,"sabores":null,"borda":null,"valor_unitario":"20.00","status":null,"hora":"15:17:00"}],"hora":"2025-07-08 15:17:00"}
[ADD-CARRINHO] {"sessao":"2025-07-08-15:16:54-876","produto":81,"quantidade":1,"total_item":20,"hora":"2025-07-08 15:17:00"}
[SESSION-ADD] {"session_id":"5o4vg8nkvrskllleumb6v3h5tp","sessao_usuario":"2025-07-08-15:16:54-876","hora":"2025-07-08 15:17:00"}
[LISTAR-ENTRY] {"session_id":"5o4vg8nkvrskllleumb6v3h5tp","sessao_usuario":"2025-07-08-15:16:54-876","hora":"2025-07-08 15:17:00"}
[LISTAR-RESULT] {"sessao":"2025-07-08-15:16:54-876","result":[{"id":285,"sessao":"2025-07-08-15:16:54-876","cliente":0,"produto":81,"quantidade":1,"total_item":"20.00","obs":"","pedido":0,"data":"2025-07-08","id_sabor":null,"categoria":null,"item":null,"variacao":null,"mesa":null,"nome_cliente":null,"nome_produto":"MIX DRAG\u00c3O 3","sabores":null,"borda":null,"valor_unitario":"20.000000","status":null,"hora":"15:17:00","foto_produto":"24-12-2023-14-09-20-ESPECIAL.jpg"}],"hora":"2025-07-08 15:17:00"}
[SESSION-LISTAR] {"session_id":"5o4vg8nkvrskllleumb6v3h5tp","sessao_usuario":"2025-07-08-15:16:54-876","hora":"2025-07-08 15:17:00"}
[LISTAR-CARRINHO] {"sessao":"2025-07-08-15:16:54-876","itens":1,"hora":"2025-07-08 15:17:00"}
[LISTAR-ENTRY] {"session_id":"5o4vg8nkvrskllleumb6v3h5tp","sessao_usuario":"2025-07-08-15:16:54-876","hora":"2025-07-08 15:17:00"}
[LISTAR-RESULT] {"sessao":"2025-07-08-15:16:54-876","result":[{"id":285,"sessao":"2025-07-08-15:16:54-876","cliente":0,"produto":81,"quantidade":1,"total_item":"20.00","obs":"","pedido":0,"data":"2025-07-08","id_sabor":null,"categoria":null,"item":null,"variacao":null,"mesa":null,"nome_cliente":null,"nome_produto":"MIX DRAG\u00c3O 3","sabores":null,"borda":null,"valor_unitario":"20.000000","status":null,"hora":"15:17:00","foto_produto":"24-12-2023-14-09-20-ESPECIAL.jpg"}],"hora":"2025-07-08 15:17:00"}
[SESSION-LISTAR] {"session_id":"5o4vg8nkvrskllleumb6v3h5tp","sessao_usuario":"2025-07-08-15:16:54-876","hora":"2025-07-08 15:17:00"}
[LISTAR-CARRINHO] {"sessao":"2025-07-08-15:16:54-876","itens":1,"hora":"2025-07-08 15:17:00"}
[LISTAR-ENTRY] {"session_id":"5o4vg8nkvrskllleumb6v3h5tp","sessao_usuario":"2025-07-08-15:16:54-876","hora":"2025-07-08 15:17:00"}
[LISTAR-RESULT] {"sessao":"2025-07-08-15:16:54-876","result":[{"id":285,"sessao":"2025-07-08-15:16:54-876","cliente":0,"produto":81,"quantidade":1,"total_item":"20.00","obs":"","pedido":0,"data":"2025-07-08","id_sabor":null,"categoria":null,"item":null,"variacao":null,"mesa":null,"nome_cliente":null,"nome_produto":"MIX DRAG\u00c3O 3","sabores":null,"borda":null,"valor_unitario":"20.000000","status":null,"hora":"15:17:00","foto_produto":"24-12-2023-14-09-20-ESPECIAL.jpg"}],"hora":"2025-07-08 15:17:00"}
[SESSION-LISTAR] {"session_id":"5o4vg8nkvrskllleumb6v3h5tp","sessao_usuario":"2025-07-08-15:16:54-876","hora":"2025-07-08 15:17:00"}
[LISTAR-CARRINHO] {"sessao":"2025-07-08-15:16:54-876","itens":1,"hora":"2025-07-08 15:17:00"}
[LISTAR-ENTRY] {"session_id":"5o4vg8nkvrskllleumb6v3h5tp","sessao_usuario":"2025-07-08-15:16:54-876","hora":"2025-07-08 15:20:16"}
[LISTAR-RESULT] {"sessao":"2025-07-08-15:16:54-876","result":[{"id":285,"sessao":"2025-07-08-15:16:54-876","cliente":0,"produto":81,"quantidade":1,"total_item":"20.00","obs":"","pedido":0,"data":"2025-07-08","id_sabor":null,"categoria":null,"item":null,"variacao":null,"mesa":null,"nome_cliente":null,"nome_produto":"MIX DRAG\u00c3O 3","sabores":null,"borda":null,"valor_unitario":"20.000000","status":null,"hora":"15:17:00","foto_produto":"24-12-2023-14-09-20-ESPECIAL.jpg"}],"hora":"2025-07-08 15:20:16"}
[SESSION-LISTAR] {"session_id":"5o4vg8nkvrskllleumb6v3h5tp","sessao_usuario":"2025-07-08-15:16:54-876","hora":"2025-07-08 15:20:16"}
[LISTAR-CARRINHO] {"sessao":"2025-07-08-15:16:54-876","itens":1,"hora":"2025-07-08 15:20:16"}
[LISTAR-ENTRY] {"session_id":"5o4vg8nkvrskllleumb6v3h5tp","sessao_usuario":"2025-07-08-15:16:54-876","hora":"2025-07-08 15:20:16"}
[LISTAR-RESULT] {"sessao":"2025-07-08-15:16:54-876","result":[{"id":285,"sessao":"2025-07-08-15:16:54-876","cliente":0,"produto":81,"quantidade":1,"total_item":"20.00","obs":"","pedido":0,"data":"2025-07-08","id_sabor":null,"categoria":null,"item":null,"variacao":null,"mesa":null,"nome_cliente":null,"nome_produto":"MIX DRAG\u00c3O 3","sabores":null,"borda":null,"valor_unitario":"20.000000","status":null,"hora":"15:17:00","foto_produto":"24-12-2023-14-09-20-ESPECIAL.jpg"}],"hora":"2025-07-08 15:20:16"}
[SESSION-LISTAR] {"session_id":"5o4vg8nkvrskllleumb6v3h5tp","sessao_usuario":"2025-07-08-15:16:54-876","hora":"2025-07-08 15:20:16"}
[LISTAR-CARRINHO] {"sessao":"2025-07-08-15:16:54-876","itens":1,"hora":"2025-07-08 15:20:16"}
[LISTAR-ENTRY] {"session_id":"5o4vg8nkvrskllleumb6v3h5tp","sessao_usuario":"2025-07-08-15:16:54-876","hora":"2025-07-08 15:20:16"}
[LISTAR-RESULT] {"sessao":"2025-07-08-15:16:54-876","result":[{"id":285,"sessao":"2025-07-08-15:16:54-876","cliente":0,"produto":81,"quantidade":1,"total_item":"20.00","obs":"","pedido":0,"data":"2025-07-08","id_sabor":null,"categoria":null,"item":null,"variacao":null,"mesa":null,"nome_cliente":null,"nome_produto":"MIX DRAG\u00c3O 3","sabores":null,"borda":null,"valor_unitario":"20.000000","status":null,"hora":"15:17:00","foto_produto":"24-12-2023-14-09-20-ESPECIAL.jpg"}],"hora":"2025-07-08 15:20:16"}
[SESSION-LISTAR] {"session_id":"5o4vg8nkvrskllleumb6v3h5tp","sessao_usuario":"2025-07-08-15:16:54-876","hora":"2025-07-08 15:20:16"}
[LISTAR-CARRINHO] {"sessao":"2025-07-08-15:16:54-876","itens":1,"hora":"2025-07-08 15:20:16"}
[LISTAR-ENTRY] {"session_id":"5o4vg8nkvrskllleumb6v3h5tp","sessao_usuario":"2025-07-08-15:16:54-876","hora":"2025-07-08 15:20:21"}
[LISTAR-RESULT] {"sessao":"2025-07-08-15:16:54-876","result":[],"hora":"2025-07-08 15:20:21"}
[CARRINHO-TABELA] {"sessao":"2025-07-08-15:16:54-876","carrinho":[{"id":286,"sessao":"2025-07-08-15:16:54-876","cliente":0,"produto":14,"quantidade":1,"total_item":"20.00","obs":"","pedido":0,"data":"2025-07-08","id_sabor":null,"categoria":null,"item":null,"variacao":null,"mesa":null,"nome_cliente":null,"nome_produto":null,"sabores":null,"borda":null,"valor_unitario":"20.00","status":null,"hora":"15:20:27"}],"hora":"2025-07-08 15:20:27"}
[ADD-CARRINHO] {"sessao":"2025-07-08-15:16:54-876","produto":14,"quantidade":1,"total_item":20,"hora":"2025-07-08 15:20:27"}
[SESSION-ADD] {"session_id":"5o4vg8nkvrskllleumb6v3h5tp","sessao_usuario":"2025-07-08-15:16:54-876","hora":"2025-07-08 15:20:27"}
[LISTAR-ENTRY] {"session_id":"5o4vg8nkvrskllleumb6v3h5tp","sessao_usuario":"2025-07-08-15:16:54-876","hora":"2025-07-08 15:20:27"}
[LISTAR-RESULT] {"sessao":"2025-07-08-15:16:54-876","result":[{"id":286,"sessao":"2025-07-08-15:16:54-876","cliente":0,"produto":14,"quantidade":1,"total_item":"20.00","obs":"","pedido":0,"data":"2025-07-08","id_sabor":null,"categoria":null,"item":null,"variacao":null,"mesa":null,"nome_cliente":null,"nome_produto":"DRAG\u00c3O PICANHA","sabores":null,"borda":null,"valor_unitario":"20.000000","status":null,"hora":"15:20:27","foto_produto":"24-12-2023-14-23-40-ESPECIAL.jpg"}],"hora":"2025-07-08 15:20:27"}
[SESSION-LISTAR] {"session_id":"5o4vg8nkvrskllleumb6v3h5tp","sessao_usuario":"2025-07-08-15:16:54-876","hora":"2025-07-08 15:20:27"}
[LISTAR-CARRINHO] {"sessao":"2025-07-08-15:16:54-876","itens":1,"hora":"2025-07-08 15:20:27"}
[LISTAR-ENTRY] {"session_id":"5o4vg8nkvrskllleumb6v3h5tp","sessao_usuario":"2025-07-08-15:16:54-876","hora":"2025-07-08 15:20:27"}
[LISTAR-RESULT] {"sessao":"2025-07-08-15:16:54-876","result":[{"id":286,"sessao":"2025-07-08-15:16:54-876","cliente":0,"produto":14,"quantidade":1,"total_item":"20.00","obs":"","pedido":0,"data":"2025-07-08","id_sabor":null,"categoria":null,"item":null,"variacao":null,"mesa":null,"nome_cliente":null,"nome_produto":"DRAG\u00c3O PICANHA","sabores":null,"borda":null,"valor_unitario":"20.000000","status":null,"hora":"15:20:27","foto_produto":"24-12-2023-14-23-40-ESPECIAL.jpg"}],"hora":"2025-07-08 15:20:27"}
[SESSION-LISTAR] {"session_id":"5o4vg8nkvrskllleumb6v3h5tp","sessao_usuario":"2025-07-08-15:16:54-876","hora":"2025-07-08 15:20:27"}
[LISTAR-CARRINHO] {"sessao":"2025-07-08-15:16:54-876","itens":1,"hora":"2025-07-08 15:20:27"}
[LISTAR-ENTRY] {"session_id":"5o4vg8nkvrskllleumb6v3h5tp","sessao_usuario":"2025-07-08-15:16:54-876","hora":"2025-07-08 15:20:27"}
[LISTAR-RESULT] {"sessao":"2025-07-08-15:16:54-876","result":[{"id":286,"sessao":"2025-07-08-15:16:54-876","cliente":0,"produto":14,"quantidade":1,"total_item":"20.00","obs":"","pedido":0,"data":"2025-07-08","id_sabor":null,"categoria":null,"item":null,"variacao":null,"mesa":null,"nome_cliente":null,"nome_produto":"DRAG\u00c3O PICANHA","sabores":null,"borda":null,"valor_unitario":"20.000000","status":null,"hora":"15:20:27","foto_produto":"24-12-2023-14-23-40-ESPECIAL.jpg"}],"hora":"2025-07-08 15:20:27"}
[SESSION-LISTAR] {"session_id":"5o4vg8nkvrskllleumb6v3h5tp","sessao_usuario":"2025-07-08-15:16:54-876","hora":"2025-07-08 15:20:27"}
[LISTAR-CARRINHO] {"sessao":"2025-07-08-15:16:54-876","itens":1,"hora":"2025-07-08 15:20:27"}
[LISTAR-ENTRY] {"session_id":"5o4vg8nkvrskllleumb6v3h5tp","sessao_usuario":"2025-07-08-15:16:54-876","hora":"2025-07-08 15:27:05"}
[LISTAR-RESULT] {"sessao":"2025-07-08-15:16:54-876","result":[],"hora":"2025-07-08 15:27:05"}
[CARRINHO-TABELA] {"sessao":"2025-07-08-15:16:54-876","carrinho":[{"id":287,"sessao":"2025-07-08-15:16:54-876","cliente":0,"produto":17,"quantidade":1,"total_item":"25.00","obs":"","pedido":0,"data":"2025-07-08","id_sabor":null,"categoria":null,"item":null,"variacao":null,"mesa":null,"nome_cliente":null,"nome_produto":null,"sabores":null,"borda":null,"valor_unitario":"20.00","status":null,"hora":"15:27:16"}],"hora":"2025-07-08 15:27:16"}
[ADD-CARRINHO] {"sessao":"2025-07-08-15:16:54-876","produto":17,"quantidade":1,"total_item":25,"hora":"2025-07-08 15:27:16"}
[SESSION-ADD] {"session_id":"5o4vg8nkvrskllleumb6v3h5tp","sessao_usuario":"2025-07-08-15:16:54-876","hora":"2025-07-08 15:27:16"}
[LISTAR-ENTRY] {"session_id":"5o4vg8nkvrskllleumb6v3h5tp","sessao_usuario":"2025-07-08-15:16:54-876","hora":"2025-07-08 15:27:16"}
[LISTAR-RESULT] {"sessao":"2025-07-08-15:16:54-876","result":[{"id":287,"sessao":"2025-07-08-15:16:54-876","cliente":0,"produto":17,"quantidade":1,"total_item":"25.00","obs":"","pedido":0,"data":"2025-07-08","id_sabor":null,"categoria":null,"item":null,"variacao":null,"mesa":null,"nome_cliente":null,"nome_produto":"DRAG\u00c3O BACON","sabores":null,"borda":null,"valor_unitario":"20.000000","status":null,"hora":"15:27:16","foto_produto":"24-12-2023-14-22-10-ESPECIAL.jpg"}],"hora":"2025-07-08 15:27:16"}
[SESSION-LISTAR] {"session_id":"5o4vg8nkvrskllleumb6v3h5tp","sessao_usuario":"2025-07-08-15:16:54-876","hora":"2025-07-08 15:27:16"}
[LISTAR-CARRINHO] {"sessao":"2025-07-08-15:16:54-876","itens":1,"hora":"2025-07-08 15:27:16"}
[LISTAR-ENTRY] {"session_id":"5o4vg8nkvrskllleumb6v3h5tp","sessao_usuario":"2025-07-08-15:16:54-876","hora":"2025-07-08 15:27:16"}
[LISTAR-RESULT] {"sessao":"2025-07-08-15:16:54-876","result":[{"id":287,"sessao":"2025-07-08-15:16:54-876","cliente":0,"produto":17,"quantidade":1,"total_item":"25.00","obs":"","pedido":0,"data":"2025-07-08","id_sabor":null,"categoria":null,"item":null,"variacao":null,"mesa":null,"nome_cliente":null,"nome_produto":"DRAG\u00c3O BACON","sabores":null,"borda":null,"valor_unitario":"20.000000","status":null,"hora":"15:27:16","foto_produto":"24-12-2023-14-22-10-ESPECIAL.jpg"}],"hora":"2025-07-08 15:27:16"}
[SESSION-LISTAR] {"session_id":"5o4vg8nkvrskllleumb6v3h5tp","sessao_usuario":"2025-07-08-15:16:54-876","hora":"2025-07-08 15:27:16"}
[LISTAR-CARRINHO] {"sessao":"2025-07-08-15:16:54-876","itens":1,"hora":"2025-07-08 15:27:16"}
[LISTAR-ENTRY] {"session_id":"5o4vg8nkvrskllleumb6v3h5tp","sessao_usuario":"2025-07-08-15:16:54-876","hora":"2025-07-08 15:27:16"}
[LISTAR-RESULT] {"sessao":"2025-07-08-15:16:54-876","result":[{"id":287,"sessao":"2025-07-08-15:16:54-876","cliente":0,"produto":17,"quantidade":1,"total_item":"25.00","obs":"","pedido":0,"data":"2025-07-08","id_sabor":null,"categoria":null,"item":null,"variacao":null,"mesa":null,"nome_cliente":null,"nome_produto":"DRAG\u00c3O BACON","sabores":null,"borda":null,"valor_unitario":"20.000000","status":null,"hora":"15:27:16","foto_produto":"24-12-2023-14-22-10-ESPECIAL.jpg"}],"hora":"2025-07-08 15:27:16"}
[SESSION-LISTAR] {"session_id":"5o4vg8nkvrskllleumb6v3h5tp","sessao_usuario":"2025-07-08-15:16:54-876","hora":"2025-07-08 15:27:16"}
[LISTAR-CARRINHO] {"sessao":"2025-07-08-15:16:54-876","itens":1,"hora":"2025-07-08 15:27:16"}
[LISTAR-ENTRY] {"session_id":"5o4vg8nkvrskllleumb6v3h5tp","sessao_usuario":"2025-07-08-15:16:54-876","hora":"2025-07-08 15:27:19"}
[LISTAR-RESULT] {"sessao":"2025-07-08-15:16:54-876","result":[{"id":287,"sessao":"2025-07-08-15:16:54-876","cliente":0,"produto":17,"quantidade":2,"total_item":"40.00","obs":"","pedido":0,"data":"2025-07-08","id_sabor":null,"categoria":null,"item":null,"variacao":null,"mesa":null,"nome_cliente":null,"nome_produto":"DRAG\u00c3O BACON","sabores":null,"borda":null,"valor_unitario":"20.000000","status":null,"hora":"15:27:16","foto_produto":"24-12-2023-14-22-10-ESPECIAL.jpg"}],"hora":"2025-07-08 15:27:19"}
[SESSION-LISTAR] {"session_id":"5o4vg8nkvrskllleumb6v3h5tp","sessao_usuario":"2025-07-08-15:16:54-876","hora":"2025-07-08 15:27:19"}
[LISTAR-CARRINHO] {"sessao":"2025-07-08-15:16:54-876","itens":1,"hora":"2025-07-08 15:27:19"}
[LISTAR-ENTRY] {"session_id":"5o4vg8nkvrskllleumb6v3h5tp","sessao_usuario":"2025-07-08-15:16:54-876","hora":"2025-07-08 15:57:26"}
[LISTAR-RESULT] {"sessao":"2025-07-08-15:16:54-876","result":[],"hora":"2025-07-08 15:57:26"}
[CARRINHO-TABELA] {"sessao":"2025-07-08-15:16:54-876","carrinho":[{"id":288,"sessao":"2025-07-08-15:16:54-876","cliente":0,"produto":103,"quantidade":2,"total_item":"35.00","obs":"","pedido":0,"data":"2025-07-08","id_sabor":null,"categoria":null,"item":null,"variacao":null,"mesa":null,"nome_cliente":null,"nome_produto":null,"sabores":null,"borda":null,"valor_unitario":"15.00","status":null,"hora":"15:57:58"}],"hora":"2025-07-08 15:57:58"}
[ADD-CARRINHO] {"sessao":"2025-07-08-15:16:54-876","produto":103,"quantidade":2,"total_item":35,"hora":"2025-07-08 15:57:58"}
[SESSION-ADD] {"session_id":"5o4vg8nkvrskllleumb6v3h5tp","sessao_usuario":"2025-07-08-15:16:54-876","hora":"2025-07-08 15:57:58"}
[LISTAR-ENTRY] {"session_id":"5o4vg8nkvrskllleumb6v3h5tp","sessao_usuario":"2025-07-08-15:16:54-876","hora":"2025-07-08 15:57:58"}
[LISTAR-RESULT] {"sessao":"2025-07-08-15:16:54-876","result":[{"id":288,"sessao":"2025-07-08-15:16:54-876","cliente":0,"produto":103,"quantidade":2,"total_item":"35.00","obs":"","pedido":0,"data":"2025-07-08","id_sabor":null,"categoria":null,"item":null,"variacao":null,"mesa":null,"nome_cliente":null,"nome_produto":"HAMB\u00daRGUERR DE PICANHA COM CARNEIRO","sabores":null,"borda":null,"valor_unitario":"15.000000","status":null,"hora":"15:57:58","foto_produto":"15-01-2024-09-45-02-WhatsApp-Image-2023-12-25-at-19.16.05-(5).jpeg"}],"hora":"2025-07-08 15:57:58"}
[SESSION-LISTAR] {"session_id":"5o4vg8nkvrskllleumb6v3h5tp","sessao_usuario":"2025-07-08-15:16:54-876","hora":"2025-07-08 15:57:58"}
[LISTAR-CARRINHO] {"sessao":"2025-07-08-15:16:54-876","itens":1,"hora":"2025-07-08 15:57:58"}
[LISTAR-ENTRY] {"session_id":"5o4vg8nkvrskllleumb6v3h5tp","sessao_usuario":"2025-07-08-15:16:54-876","hora":"2025-07-08 15:57:58"}
[LISTAR-RESULT] {"sessao":"2025-07-08-15:16:54-876","result":[{"id":288,"sessao":"2025-07-08-15:16:54-876","cliente":0,"produto":103,"quantidade":2,"total_item":"35.00","obs":"","pedido":0,"data":"2025-07-08","id_sabor":null,"categoria":null,"item":null,"variacao":null,"mesa":null,"nome_cliente":null,"nome_produto":"HAMB\u00daRGUERR DE PICANHA COM CARNEIRO","sabores":null,"borda":null,"valor_unitario":"15.000000","status":null,"hora":"15:57:58","foto_produto":"15-01-2024-09-45-02-WhatsApp-Image-2023-12-25-at-19.16.05-(5).jpeg"}],"hora":"2025-07-08 15:57:58"}
[SESSION-LISTAR] {"session_id":"5o4vg8nkvrskllleumb6v3h5tp","sessao_usuario":"2025-07-08-15:16:54-876","hora":"2025-07-08 15:57:58"}
[LISTAR-CARRINHO] {"sessao":"2025-07-08-15:16:54-876","itens":1,"hora":"2025-07-08 15:57:58"}
[LISTAR-ENTRY] {"session_id":"5o4vg8nkvrskllleumb6v3h5tp","sessao_usuario":"2025-07-08-15:16:54-876","hora":"2025-07-08 15:57:58"}
[LISTAR-RESULT] {"sessao":"2025-07-08-15:16:54-876","result":[{"id":288,"sessao":"2025-07-08-15:16:54-876","cliente":0,"produto":103,"quantidade":2,"total_item":"35.00","obs":"","pedido":0,"data":"2025-07-08","id_sabor":null,"categoria":null,"item":null,"variacao":null,"mesa":null,"nome_cliente":null,"nome_produto":"HAMB\u00daRGUERR DE PICANHA COM CARNEIRO","sabores":null,"borda":null,"valor_unitario":"15.000000","status":null,"hora":"15:57:58","foto_produto":"15-01-2024-09-45-02-WhatsApp-Image-2023-12-25-at-19.16.05-(5).jpeg"}],"hora":"2025-07-08 15:57:58"}
[SESSION-LISTAR] {"session_id":"5o4vg8nkvrskllleumb6v3h5tp","sessao_usuario":"2025-07-08-15:16:54-876","hora":"2025-07-08 15:57:58"}
[LISTAR-CARRINHO] {"sessao":"2025-07-08-15:16:54-876","itens":1,"hora":"2025-07-08 15:57:58"}
[LISTAR-ENTRY] {"session_id":"5o4vg8nkvrskllleumb6v3h5tp","sessao_usuario":"2025-07-08-15:16:54-876","hora":"2025-07-08 15:58:06"}
[LISTAR-RESULT] {"sessao":"2025-07-08-15:16:54-876","result":[{"id":288,"sessao":"2025-07-08-15:16:54-876","cliente":0,"produto":103,"quantidade":3,"total_item":"45.00","obs":"","pedido":0,"data":"2025-07-08","id_sabor":null,"categoria":null,"item":null,"variacao":null,"mesa":null,"nome_cliente":null,"nome_produto":"HAMB\u00daRGUERR DE PICANHA COM CARNEIRO","sabores":null,"borda":null,"valor_unitario":"15.000000","status":null,"hora":"15:57:58","foto_produto":"15-01-2024-09-45-02-WhatsApp-Image-2023-12-25-at-19.16.05-(5).jpeg"}],"hora":"2025-07-08 15:58:06"}
[SESSION-LISTAR] {"session_id":"5o4vg8nkvrskllleumb6v3h5tp","sessao_usuario":"2025-07-08-15:16:54-876","hora":"2025-07-08 15:58:06"}
[LISTAR-CARRINHO] {"sessao":"2025-07-08-15:16:54-876","itens":1,"hora":"2025-07-08 15:58:06"}
[LISTAR-ENTRY] {"session_id":"5o4vg8nkvrskllleumb6v3h5tp","sessao_usuario":"2025-07-08-15:16:54-876","hora":"2025-07-08 15:58:23"}
[LISTAR-RESULT] {"sessao":"2025-07-08-15:16:54-876","result":[{"id":288,"sessao":"2025-07-08-15:16:54-876","cliente":0,"produto":103,"quantidade":2,"total_item":"30.00","obs":"","pedido":0,"data":"2025-07-08","id_sabor":null,"categoria":null,"item":null,"variacao":null,"mesa":null,"nome_cliente":null,"nome_produto":"HAMB\u00daRGUERR DE PICANHA COM CARNEIRO","sabores":null,"borda":null,"valor_unitario":"15.000000","status":null,"hora":"15:57:58","foto_produto":"15-01-2024-09-45-02-WhatsApp-Image-2023-12-25-at-19.16.05-(5).jpeg"}],"hora":"2025-07-08 15:58:23"}
[SESSION-LISTAR] {"session_id":"5o4vg8nkvrskllleumb6v3h5tp","sessao_usuario":"2025-07-08-15:16:54-876","hora":"2025-07-08 15:58:23"}
[LISTAR-CARRINHO] {"sessao":"2025-07-08-15:16:54-876","itens":1,"hora":"2025-07-08 15:58:23"}
[LISTAR-ENTRY] {"session_id":"5o4vg8nkvrskllleumb6v3h5tp","sessao_usuario":"2025-07-08-15:16:54-876","hora":"2025-07-08 15:58:26"}
[LISTAR-RESULT] {"sessao":"2025-07-08-15:16:54-876","result":[{"id":288,"sessao":"2025-07-08-15:16:54-876","cliente":0,"produto":103,"quantidade":3,"total_item":"45.00","obs":"","pedido":0,"data":"2025-07-08","id_sabor":null,"categoria":null,"item":null,"variacao":null,"mesa":null,"nome_cliente":null,"nome_produto":"HAMB\u00daRGUERR DE PICANHA COM CARNEIRO","sabores":null,"borda":null,"valor_unitario":"15.000000","status":null,"hora":"15:57:58","foto_produto":"15-01-2024-09-45-02-WhatsApp-Image-2023-12-25-at-19.16.05-(5).jpeg"}],"hora":"2025-07-08 15:58:26"}
[SESSION-LISTAR] {"session_id":"5o4vg8nkvrskllleumb6v3h5tp","sessao_usuario":"2025-07-08-15:16:54-876","hora":"2025-07-08 15:58:26"}
[LISTAR-CARRINHO] {"sessao":"2025-07-08-15:16:54-876","itens":1,"hora":"2025-07-08 15:58:26"}
[LISTAR-ENTRY] {"session_id":"5o4vg8nkvrskllleumb6v3h5tp","sessao_usuario":"2025-07-08-15:16:54-876","hora":"2025-07-08 15:58:36"}
[LISTAR-RESULT] {"sessao":"2025-07-08-15:16:54-876","result":[],"hora":"2025-07-08 15:58:36"}
[CARRINHO-TABELA] {"sessao":"2025-07-08-15:16:54-876","carrinho":[{"id":289,"sessao":"2025-07-08-15:16:54-876","cliente":0,"produto":17,"quantidade":1,"total_item":"25.00","obs":"","pedido":0,"data":"2025-07-08","id_sabor":null,"categoria":null,"item":null,"variacao":null,"mesa":null,"nome_cliente":null,"nome_produto":null,"sabores":null,"borda":null,"valor_unitario":"20.00","status":null,"hora":"15:58:45"}],"hora":"2025-07-08 15:58:45"}
[ADD-CARRINHO] {"sessao":"2025-07-08-15:16:54-876","produto":17,"quantidade":1,"total_item":25,"hora":"2025-07-08 15:58:45"}
[SESSION-ADD] {"session_id":"5o4vg8nkvrskllleumb6v3h5tp","sessao_usuario":"2025-07-08-15:16:54-876","hora":"2025-07-08 15:58:45"}
[LISTAR-ENTRY] {"session_id":"5o4vg8nkvrskllleumb6v3h5tp","sessao_usuario":"2025-07-08-15:16:54-876","hora":"2025-07-08 15:58:45"}
[LISTAR-RESULT] {"sessao":"2025-07-08-15:16:54-876","result":[{"id":289,"sessao":"2025-07-08-15:16:54-876","cliente":0,"produto":17,"quantidade":1,"total_item":"25.00","obs":"","pedido":0,"data":"2025-07-08","id_sabor":null,"categoria":null,"item":null,"variacao":null,"mesa":null,"nome_cliente":null,"nome_produto":"DRAG\u00c3O BACON","sabores":null,"borda":null,"valor_unitario":"20.000000","status":null,"hora":"15:58:45","foto_produto":"24-12-2023-14-22-10-ESPECIAL.jpg"}],"hora":"2025-07-08 15:58:45"}
[SESSION-LISTAR] {"session_id":"5o4vg8nkvrskllleumb6v3h5tp","sessao_usuario":"2025-07-08-15:16:54-876","hora":"2025-07-08 15:58:45"}
[LISTAR-CARRINHO] {"sessao":"2025-07-08-15:16:54-876","itens":1,"hora":"2025-07-08 15:58:45"}
[LISTAR-ENTRY] {"session_id":"5o4vg8nkvrskllleumb6v3h5tp","sessao_usuario":"2025-07-08-15:16:54-876","hora":"2025-07-08 15:58:45"}
[LISTAR-RESULT] {"sessao":"2025-07-08-15:16:54-876","result":[{"id":289,"sessao":"2025-07-08-15:16:54-876","cliente":0,"produto":17,"quantidade":1,"total_item":"25.00","obs":"","pedido":0,"data":"2025-07-08","id_sabor":null,"categoria":null,"item":null,"variacao":null,"mesa":null,"nome_cliente":null,"nome_produto":"DRAG\u00c3O BACON","sabores":null,"borda":null,"valor_unitario":"20.000000","status":null,"hora":"15:58:45","foto_produto":"24-12-2023-14-22-10-ESPECIAL.jpg"}],"hora":"2025-07-08 15:58:45"}
[SESSION-LISTAR] {"session_id":"5o4vg8nkvrskllleumb6v3h5tp","sessao_usuario":"2025-07-08-15:16:54-876","hora":"2025-07-08 15:58:45"}
[LISTAR-CARRINHO] {"sessao":"2025-07-08-15:16:54-876","itens":1,"hora":"2025-07-08 15:58:45"}
[LISTAR-ENTRY] {"session_id":"5o4vg8nkvrskllleumb6v3h5tp","sessao_usuario":"2025-07-08-15:16:54-876","hora":"2025-07-08 15:58:45"}
[LISTAR-RESULT] {"sessao":"2025-07-08-15:16:54-876","result":[{"id":289,"sessao":"2025-07-08-15:16:54-876","cliente":0,"produto":17,"quantidade":1,"total_item":"25.00","obs":"","pedido":0,"data":"2025-07-08","id_sabor":null,"categoria":null,"item":null,"variacao":null,"mesa":null,"nome_cliente":null,"nome_produto":"DRAG\u00c3O BACON","sabores":null,"borda":null,"valor_unitario":"20.000000","status":null,"hora":"15:58:45","foto_produto":"24-12-2023-14-22-10-ESPECIAL.jpg"}],"hora":"2025-07-08 15:58:45"}
[SESSION-LISTAR] {"session_id":"5o4vg8nkvrskllleumb6v3h5tp","sessao_usuario":"2025-07-08-15:16:54-876","hora":"2025-07-08 15:58:45"}
[LISTAR-CARRINHO] {"sessao":"2025-07-08-15:16:54-876","itens":1,"hora":"2025-07-08 15:58:45"}
[LISTAR-ENTRY] {"session_id":"5o4vg8nkvrskllleumb6v3h5tp","sessao_usuario":"2025-07-08-15:16:54-876","hora":"2025-07-08 15:58:54"}
[LISTAR-RESULT] {"sessao":"2025-07-08-15:16:54-876","result":[{"id":289,"sessao":"2025-07-08-15:16:54-876","cliente":0,"produto":17,"quantidade":2,"total_item":"40.00","obs":"","pedido":0,"data":"2025-07-08","id_sabor":null,"categoria":null,"item":null,"variacao":null,"mesa":null,"nome_cliente":null,"nome_produto":"DRAG\u00c3O BACON","sabores":null,"borda":null,"valor_unitario":"20.000000","status":null,"hora":"15:58:45","foto_produto":"24-12-2023-14-22-10-ESPECIAL.jpg"}],"hora":"2025-07-08 15:58:54"}
[SESSION-LISTAR] {"session_id":"5o4vg8nkvrskllleumb6v3h5tp","sessao_usuario":"2025-07-08-15:16:54-876","hora":"2025-07-08 15:58:54"}
[LISTAR-CARRINHO] {"sessao":"2025-07-08-15:16:54-876","itens":1,"hora":"2025-07-08 15:58:54"}
[LISTAR-ENTRY] {"session_id":"5o4vg8nkvrskllleumb6v3h5tp","sessao_usuario":"2025-07-08-15:16:54-876","hora":"2025-07-08 15:59:41"}
[LISTAR-RESULT] {"sessao":"2025-07-08-15:16:54-876","result":[{"id":289,"sessao":"2025-07-08-15:16:54-876","cliente":0,"produto":17,"quantidade":3,"total_item":"60.00","obs":"","pedido":0,"data":"2025-07-08","id_sabor":null,"categoria":null,"item":null,"variacao":null,"mesa":null,"nome_cliente":null,"nome_produto":"DRAG\u00c3O BACON","sabores":null,"borda":null,"valor_unitario":"20.000000","status":null,"hora":"15:58:45","foto_produto":"24-12-2023-14-22-10-ESPECIAL.jpg"}],"hora":"2025-07-08 15:59:41"}
[SESSION-LISTAR] {"session_id":"5o4vg8nkvrskllleumb6v3h5tp","sessao_usuario":"2025-07-08-15:16:54-876","hora":"2025-07-08 15:59:41"}
[LISTAR-CARRINHO] {"sessao":"2025-07-08-15:16:54-876","itens":1,"hora":"2025-07-08 15:59:41"}
[LISTAR-ENTRY] {"session_id":"5o4vg8nkvrskllleumb6v3h5tp","sessao_usuario":"2025-07-08-15:16:54-876","hora":"2025-07-08 16:03:11"}
[LISTAR-RESULT] {"sessao":"2025-07-08-15:16:54-876","result":[{"id":289,"sessao":"2025-07-08-15:16:54-876","cliente":0,"produto":17,"quantidade":3,"total_item":"60.00","obs":"","pedido":0,"data":"2025-07-08","id_sabor":null,"categoria":null,"item":null,"variacao":null,"mesa":null,"nome_cliente":null,"nome_produto":"DRAG\u00c3O BACON","sabores":null,"borda":null,"valor_unitario":"20.000000","status":null,"hora":"15:58:45","foto_produto":"24-12-2023-14-22-10-ESPECIAL.jpg"}],"hora":"2025-07-08 16:03:11"}
[SESSION-LISTAR] {"session_id":"5o4vg8nkvrskllleumb6v3h5tp","sessao_usuario":"2025-07-08-15:16:54-876","hora":"2025-07-08 16:03:11"}
[LISTAR-CARRINHO] {"sessao":"2025-07-08-15:16:54-876","itens":1,"hora":"2025-07-08 16:03:11"}
[LISTAR-ENTRY] {"session_id":"5o4vg8nkvrskllleumb6v3h5tp","sessao_usuario":"2025-07-08-15:16:54-876","hora":"2025-07-08 16:03:11"}
[LISTAR-RESULT] {"sessao":"2025-07-08-15:16:54-876","result":[{"id":289,"sessao":"2025-07-08-15:16:54-876","cliente":0,"produto":17,"quantidade":3,"total_item":"60.00","obs":"","pedido":0,"data":"2025-07-08","id_sabor":null,"categoria":null,"item":null,"variacao":null,"mesa":null,"nome_cliente":null,"nome_produto":"DRAG\u00c3O BACON","sabores":null,"borda":null,"valor_unitario":"20.000000","status":null,"hora":"15:58:45","foto_produto":"24-12-2023-14-22-10-ESPECIAL.jpg"}],"hora":"2025-07-08 16:03:11"}
[SESSION-LISTAR] {"session_id":"5o4vg8nkvrskllleumb6v3h5tp","sessao_usuario":"2025-07-08-15:16:54-876","hora":"2025-07-08 16:03:11"}
[LISTAR-CARRINHO] {"sessao":"2025-07-08-15:16:54-876","itens":1,"hora":"2025-07-08 16:03:11"}
[LISTAR-ENTRY] {"session_id":"5o4vg8nkvrskllleumb6v3h5tp","sessao_usuario":"2025-07-08-15:16:54-876","hora":"2025-07-08 16:03:11"}
[LISTAR-RESULT] {"sessao":"2025-07-08-15:16:54-876","result":[{"id":289,"sessao":"2025-07-08-15:16:54-876","cliente":0,"produto":17,"quantidade":3,"total_item":"60.00","obs":"","pedido":0,"data":"2025-07-08","id_sabor":null,"categoria":null,"item":null,"variacao":null,"mesa":null,"nome_cliente":null,"nome_produto":"DRAG\u00c3O BACON","sabores":null,"borda":null,"valor_unitario":"20.000000","status":null,"hora":"15:58:45","foto_produto":"24-12-2023-14-22-10-ESPECIAL.jpg"}],"hora":"2025-07-08 16:03:11"}
[SESSION-LISTAR] {"session_id":"5o4vg8nkvrskllleumb6v3h5tp","sessao_usuario":"2025-07-08-15:16:54-876","hora":"2025-07-08 16:03:11"}
[LISTAR-CARRINHO] {"sessao":"2025-07-08-15:16:54-876","itens":1,"hora":"2025-07-08 16:03:11"}
[LISTAR-ENTRY] {"session_id":"5o4vg8nkvrskllleumb6v3h5tp","sessao_usuario":"2025-07-08-15:16:54-876","hora":"2025-07-08 16:03:15"}
[LISTAR-RESULT] {"sessao":"2025-07-08-15:16:54-876","result":[],"hora":"2025-07-08 16:03:15"}
[CARRINHO-TABELA] {"sessao":"2025-07-08-15:16:54-876","carrinho":[{"id":290,"sessao":"2025-07-08-15:16:54-876","cliente":0,"produto":17,"quantidade":1,"total_item":"25.00","obs":"","pedido":0,"data":"2025-07-08","id_sabor":null,"categoria":null,"item":null,"variacao":null,"mesa":null,"nome_cliente":null,"nome_produto":null,"sabores":null,"borda":null,"valor_unitario":"20.00","status":null,"hora":"16:03:26"}],"hora":"2025-07-08 16:03:26"}
[ADD-CARRINHO] {"sessao":"2025-07-08-15:16:54-876","produto":17,"quantidade":1,"total_item":25,"hora":"2025-07-08 16:03:26"}
[SESSION-ADD] {"session_id":"5o4vg8nkvrskllleumb6v3h5tp","sessao_usuario":"2025-07-08-15:16:54-876","hora":"2025-07-08 16:03:26"}
[LISTAR-ENTRY] {"session_id":"5o4vg8nkvrskllleumb6v3h5tp","sessao_usuario":"2025-07-08-15:16:54-876","hora":"2025-07-08 16:03:26"}
[LISTAR-RESULT] {"sessao":"2025-07-08-15:16:54-876","result":[{"id":290,"sessao":"2025-07-08-15:16:54-876","cliente":0,"produto":17,"quantidade":1,"total_item":"25.00","obs":"","pedido":0,"data":"2025-07-08","id_sabor":null,"categoria":null,"item":null,"variacao":null,"mesa":null,"nome_cliente":null,"nome_produto":"DRAG\u00c3O BACON","sabores":null,"borda":null,"valor_unitario":"20.000000","status":null,"hora":"16:03:26","foto_produto":"24-12-2023-14-22-10-ESPECIAL.jpg"}],"hora":"2025-07-08 16:03:26"}
[SESSION-LISTAR] {"session_id":"5o4vg8nkvrskllleumb6v3h5tp","sessao_usuario":"2025-07-08-15:16:54-876","hora":"2025-07-08 16:03:26"}
[LISTAR-CARRINHO] {"sessao":"2025-07-08-15:16:54-876","itens":1,"hora":"2025-07-08 16:03:26"}
[LISTAR-ENTRY] {"session_id":"5o4vg8nkvrskllleumb6v3h5tp","sessao_usuario":"2025-07-08-15:16:54-876","hora":"2025-07-08 16:03:26"}
[LISTAR-RESULT] {"sessao":"2025-07-08-15:16:54-876","result":[{"id":290,"sessao":"2025-07-08-15:16:54-876","cliente":0,"produto":17,"quantidade":1,"total_item":"25.00","obs":"","pedido":0,"data":"2025-07-08","id_sabor":null,"categoria":null,"item":null,"variacao":null,"mesa":null,"nome_cliente":null,"nome_produto":"DRAG\u00c3O BACON","sabores":null,"borda":null,"valor_unitario":"20.000000","status":null,"hora":"16:03:26","foto_produto":"24-12-2023-14-22-10-ESPECIAL.jpg"}],"hora":"2025-07-08 16:03:26"}
[SESSION-LISTAR] {"session_id":"5o4vg8nkvrskllleumb6v3h5tp","sessao_usuario":"2025-07-08-15:16:54-876","hora":"2025-07-08 16:03:26"}
[LISTAR-CARRINHO] {"sessao":"2025-07-08-15:16:54-876","itens":1,"hora":"2025-07-08 16:03:26"}
[LISTAR-ENTRY] {"session_id":"5o4vg8nkvrskllleumb6v3h5tp","sessao_usuario":"2025-07-08-15:16:54-876","hora":"2025-07-08 16:03:26"}
[LISTAR-RESULT] {"sessao":"2025-07-08-15:16:54-876","result":[{"id":290,"sessao":"2025-07-08-15:16:54-876","cliente":0,"produto":17,"quantidade":1,"total_item":"25.00","obs":"","pedido":0,"data":"2025-07-08","id_sabor":null,"categoria":null,"item":null,"variacao":null,"mesa":null,"nome_cliente":null,"nome_produto":"DRAG\u00c3O BACON","sabores":null,"borda":null,"valor_unitario":"20.000000","status":null,"hora":"16:03:26","foto_produto":"24-12-2023-14-22-10-ESPECIAL.jpg"}],"hora":"2025-07-08 16:03:26"}
[SESSION-LISTAR] {"session_id":"5o4vg8nkvrskllleumb6v3h5tp","sessao_usuario":"2025-07-08-15:16:54-876","hora":"2025-07-08 16:03:26"}
[LISTAR-CARRINHO] {"sessao":"2025-07-08-15:16:54-876","itens":1,"hora":"2025-07-08 16:03:26"}
[LISTAR-ENTRY] {"session_id":"5o4vg8nkvrskllleumb6v3h5tp","sessao_usuario":"2025-07-08-15:16:54-876","hora":"2025-07-08 16:03:28"}
[LISTAR-RESULT] {"sessao":"2025-07-08-15:16:54-876","result":[{"id":290,"sessao":"2025-07-08-15:16:54-876","cliente":0,"produto":17,"quantidade":2,"total_item":"40.00","obs":"","pedido":0,"data":"2025-07-08","id_sabor":null,"categoria":null,"item":null,"variacao":null,"mesa":null,"nome_cliente":null,"nome_produto":"DRAG\u00c3O BACON","sabores":null,"borda":null,"valor_unitario":"20.000000","status":null,"hora":"16:03:26","foto_produto":"24-12-2023-14-22-10-ESPECIAL.jpg"}],"hora":"2025-07-08 16:03:28"}
[SESSION-LISTAR] {"session_id":"5o4vg8nkvrskllleumb6v3h5tp","sessao_usuario":"2025-07-08-15:16:54-876","hora":"2025-07-08 16:03:28"}
[LISTAR-CARRINHO] {"sessao":"2025-07-08-15:16:54-876","itens":1,"hora":"2025-07-08 16:03:28"}
[LISTAR-ENTRY] {"session_id":"5o4vg8nkvrskllleumb6v3h5tp","sessao_usuario":"2025-07-08-15:16:54-876","hora":"2025-07-08 16:03:31"}
[LISTAR-RESULT] {"sessao":"2025-07-08-15:16:54-876","result":[{"id":290,"sessao":"2025-07-08-15:16:54-876","cliente":0,"produto":17,"quantidade":3,"total_item":"60.00","obs":"","pedido":0,"data":"2025-07-08","id_sabor":null,"categoria":null,"item":null,"variacao":null,"mesa":null,"nome_cliente":null,"nome_produto":"DRAG\u00c3O BACON","sabores":null,"borda":null,"valor_unitario":"20.000000","status":null,"hora":"16:03:26","foto_produto":"24-12-2023-14-22-10-ESPECIAL.jpg"}],"hora":"2025-07-08 16:03:31"}
[SESSION-LISTAR] {"session_id":"5o4vg8nkvrskllleumb6v3h5tp","sessao_usuario":"2025-07-08-15:16:54-876","hora":"2025-07-08 16:03:31"}
[LISTAR-CARRINHO] {"sessao":"2025-07-08-15:16:54-876","itens":1,"hora":"2025-07-08 16:03:31"}
[LISTAR-ENTRY] {"session_id":"5o4vg8nkvrskllleumb6v3h5tp","sessao_usuario":"2025-07-08-15:16:54-876","hora":"2025-07-08 16:03:39"}
[LISTAR-RESULT] {"sessao":"2025-07-08-15:16:54-876","result":[],"hora":"2025-07-08 16:03:39"}
[CARRINHO-TABELA] {"sessao":"2025-07-08-15:16:54-876","carrinho":[{"id":291,"sessao":"2025-07-08-15:16:54-876","cliente":0,"produto":81,"quantidade":1,"total_item":"25.00","obs":"","pedido":0,"data":"2025-07-08","id_sabor":null,"categoria":null,"item":null,"variacao":null,"mesa":null,"nome_cliente":null,"nome_produto":null,"sabores":null,"borda":null,"valor_unitario":"20.00","status":null,"hora":"16:03:53"}],"hora":"2025-07-08 16:03:53"}
[ADD-CARRINHO] {"sessao":"2025-07-08-15:16:54-876","produto":81,"quantidade":1,"total_item":25,"hora":"2025-07-08 16:03:53"}
[SESSION-ADD] {"session_id":"5o4vg8nkvrskllleumb6v3h5tp","sessao_usuario":"2025-07-08-15:16:54-876","hora":"2025-07-08 16:03:53"}
[LISTAR-ENTRY] {"session_id":"5o4vg8nkvrskllleumb6v3h5tp","sessao_usuario":"2025-07-08-15:16:54-876","hora":"2025-07-08 16:03:53"}
[LISTAR-RESULT] {"sessao":"2025-07-08-15:16:54-876","result":[{"id":291,"sessao":"2025-07-08-15:16:54-876","cliente":0,"produto":81,"quantidade":1,"total_item":"25.00","obs":"","pedido":0,"data":"2025-07-08","id_sabor":null,"categoria":null,"item":null,"variacao":null,"mesa":null,"nome_cliente":null,"nome_produto":"MIX DRAG\u00c3O 3","sabores":null,"borda":null,"valor_unitario":"20.000000","status":null,"hora":"16:03:53","foto_produto":"24-12-2023-14-09-20-ESPECIAL.jpg"}],"hora":"2025-07-08 16:03:53"}
[SESSION-LISTAR] {"session_id":"5o4vg8nkvrskllleumb6v3h5tp","sessao_usuario":"2025-07-08-15:16:54-876","hora":"2025-07-08 16:03:53"}
[LISTAR-CARRINHO] {"sessao":"2025-07-08-15:16:54-876","itens":1,"hora":"2025-07-08 16:03:53"}
[LISTAR-ENTRY] {"session_id":"5o4vg8nkvrskllleumb6v3h5tp","sessao_usuario":"2025-07-08-15:16:54-876","hora":"2025-07-08 16:03:53"}
[LISTAR-RESULT] {"sessao":"2025-07-08-15:16:54-876","result":[{"id":291,"sessao":"2025-07-08-15:16:54-876","cliente":0,"produto":81,"quantidade":1,"total_item":"25.00","obs":"","pedido":0,"data":"2025-07-08","id_sabor":null,"categoria":null,"item":null,"variacao":null,"mesa":null,"nome_cliente":null,"nome_produto":"MIX DRAG\u00c3O 3","sabores":null,"borda":null,"valor_unitario":"20.000000","status":null,"hora":"16:03:53","foto_produto":"24-12-2023-14-09-20-ESPECIAL.jpg"}],"hora":"2025-07-08 16:03:53"}
[SESSION-LISTAR] {"session_id":"5o4vg8nkvrskllleumb6v3h5tp","sessao_usuario":"2025-07-08-15:16:54-876","hora":"2025-07-08 16:03:53"}
[LISTAR-CARRINHO] {"sessao":"2025-07-08-15:16:54-876","itens":1,"hora":"2025-07-08 16:03:53"}
[LISTAR-ENTRY] {"session_id":"5o4vg8nkvrskllleumb6v3h5tp","sessao_usuario":"2025-07-08-15:16:54-876","hora":"2025-07-08 16:03:53"}
[LISTAR-RESULT] {"sessao":"2025-07-08-15:16:54-876","result":[{"id":291,"sessao":"2025-07-08-15:16:54-876","cliente":0,"produto":81,"quantidade":1,"total_item":"25.00","obs":"","pedido":0,"data":"2025-07-08","id_sabor":null,"categoria":null,"item":null,"variacao":null,"mesa":null,"nome_cliente":null,"nome_produto":"MIX DRAG\u00c3O 3","sabores":null,"borda":null,"valor_unitario":"20.000000","status":null,"hora":"16:03:53","foto_produto":"24-12-2023-14-09-20-ESPECIAL.jpg"}],"hora":"2025-07-08 16:03:53"}
[SESSION-LISTAR] {"session_id":"5o4vg8nkvrskllleumb6v3h5tp","sessao_usuario":"2025-07-08-15:16:54-876","hora":"2025-07-08 16:03:53"}
[LISTAR-CARRINHO] {"sessao":"2025-07-08-15:16:54-876","itens":1,"hora":"2025-07-08 16:03:53"}
[LISTAR-ENTRY] {"session_id":"5o4vg8nkvrskllleumb6v3h5tp","sessao_usuario":"2025-07-08-15:16:54-876","hora":"2025-07-08 16:03:56"}
[LISTAR-RESULT] {"sessao":"2025-07-08-15:16:54-876","result":[{"id":291,"sessao":"2025-07-08-15:16:54-876","cliente":0,"produto":81,"quantidade":2,"total_item":"40.00","obs":"","pedido":0,"data":"2025-07-08","id_sabor":null,"categoria":null,"item":null,"variacao":null,"mesa":null,"nome_cliente":null,"nome_produto":"MIX DRAG\u00c3O 3","sabores":null,"borda":null,"valor_unitario":"20.000000","status":null,"hora":"16:03:53","foto_produto":"24-12-2023-14-09-20-ESPECIAL.jpg"}],"hora":"2025-07-08 16:03:56"}
[SESSION-LISTAR] {"session_id":"5o4vg8nkvrskllleumb6v3h5tp","sessao_usuario":"2025-07-08-15:16:54-876","hora":"2025-07-08 16:03:56"}
[LISTAR-CARRINHO] {"sessao":"2025-07-08-15:16:54-876","itens":1,"hora":"2025-07-08 16:03:56"}
[LISTAR-ENTRY] {"session_id":"5o4vg8nkvrskllleumb6v3h5tp","sessao_usuario":"2025-07-08-15:16:54-876","hora":"2025-07-08 16:04:03"}
[LISTAR-RESULT] {"sessao":"2025-07-08-15:16:54-876","result":[{"id":291,"sessao":"2025-07-08-15:16:54-876","cliente":0,"produto":81,"quantidade":1,"total_item":"20.00","obs":"","pedido":0,"data":"2025-07-08","id_sabor":null,"categoria":null,"item":null,"variacao":null,"mesa":null,"nome_cliente":null,"nome_produto":"MIX DRAG\u00c3O 3","sabores":null,"borda":null,"valor_unitario":"20.000000","status":null,"hora":"16:03:53","foto_produto":"24-12-2023-14-09-20-ESPECIAL.jpg"}],"hora":"2025-07-08 16:04:03"}
[SESSION-LISTAR] {"session_id":"5o4vg8nkvrskllleumb6v3h5tp","sessao_usuario":"2025-07-08-15:16:54-876","hora":"2025-07-08 16:04:03"}
[LISTAR-CARRINHO] {"sessao":"2025-07-08-15:16:54-876","itens":1,"hora":"2025-07-08 16:04:03"}
[LISTAR-ENTRY] {"session_id":"5o4vg8nkvrskllleumb6v3h5tp","sessao_usuario":"2025-07-08-15:16:54-876","hora":"2025-07-08 16:04:23"}
[LISTAR-RESULT] {"sessao":"2025-07-08-15:16:54-876","result":[{"id":291,"sessao":"2025-07-08-15:16:54-876","cliente":0,"produto":81,"quantidade":2,"total_item":"40.00","obs":"","pedido":0,"data":"2025-07-08","id_sabor":null,"categoria":null,"item":null,"variacao":null,"mesa":null,"nome_cliente":null,"nome_produto":"MIX DRAG\u00c3O 3","sabores":null,"borda":null,"valor_unitario":"20.000000","status":null,"hora":"16:03:53","foto_produto":"24-12-2023-14-09-20-ESPECIAL.jpg"}],"hora":"2025-07-08 16:04:23"}
[SESSION-LISTAR] {"session_id":"5o4vg8nkvrskllleumb6v3h5tp","sessao_usuario":"2025-07-08-15:16:54-876","hora":"2025-07-08 16:04:23"}
[LISTAR-CARRINHO] {"sessao":"2025-07-08-15:16:54-876","itens":1,"hora":"2025-07-08 16:04:23"}
[LISTAR-ENTRY] {"session_id":"5o4vg8nkvrskllleumb6v3h5tp","sessao_usuario":"2025-07-08-15:16:54-876","hora":"2025-07-08 16:04:24"}
[LISTAR-RESULT] {"sessao":"2025-07-08-15:16:54-876","result":[{"id":291,"sessao":"2025-07-08-15:16:54-876","cliente":0,"produto":81,"quantidade":1,"total_item":"20.00","obs":"","pedido":0,"data":"2025-07-08","id_sabor":null,"categoria":null,"item":null,"variacao":null,"mesa":null,"nome_cliente":null,"nome_produto":"MIX DRAG\u00c3O 3","sabores":null,"borda":null,"valor_unitario":"20.000000","status":null,"hora":"16:03:53","foto_produto":"24-12-2023-14-09-20-ESPECIAL.jpg"}],"hora":"2025-07-08 16:04:24"}
[SESSION-LISTAR] {"session_id":"5o4vg8nkvrskllleumb6v3h5tp","sessao_usuario":"2025-07-08-15:16:54-876","hora":"2025-07-08 16:04:24"}
[LISTAR-CARRINHO] {"sessao":"2025-07-08-15:16:54-876","itens":1,"hora":"2025-07-08 16:04:24"}
[LISTAR-ENTRY] {"session_id":"5o4vg8nkvrskllleumb6v3h5tp","sessao_usuario":"2025-07-08-15:16:54-876","hora":"2025-07-08 16:10:34"}
[LISTAR-RESULT] {"sessao":"2025-07-08-15:16:54-876","result":[{"id":291,"sessao":"2025-07-08-15:16:54-876","cliente":0,"produto":81,"quantidade":1,"total_item":"20.00","obs":"","pedido":0,"data":"2025-07-08","id_sabor":null,"categoria":null,"item":null,"variacao":null,"mesa":null,"nome_cliente":null,"nome_produto":"MIX DRAG\u00c3O 3","sabores":null,"borda":null,"valor_unitario":"20.000000","status":null,"hora":"16:03:53","foto_produto":"24-12-2023-14-09-20-ESPECIAL.jpg"}],"hora":"2025-07-08 16:10:34"}
[SESSION-LISTAR] {"session_id":"5o4vg8nkvrskllleumb6v3h5tp","sessao_usuario":"2025-07-08-15:16:54-876","hora":"2025-07-08 16:10:34"}
[LISTAR-CARRINHO] {"sessao":"2025-07-08-15:16:54-876","itens":1,"hora":"2025-07-08 16:10:34"}
[LISTAR-ENTRY] {"session_id":"5o4vg8nkvrskllleumb6v3h5tp","sessao_usuario":"2025-07-08-15:16:54-876","hora":"2025-07-08 16:10:34"}
[LISTAR-RESULT] {"sessao":"2025-07-08-15:16:54-876","result":[{"id":291,"sessao":"2025-07-08-15:16:54-876","cliente":0,"produto":81,"quantidade":1,"total_item":"20.00","obs":"","pedido":0,"data":"2025-07-08","id_sabor":null,"categoria":null,"item":null,"variacao":null,"mesa":null,"nome_cliente":null,"nome_produto":"MIX DRAG\u00c3O 3","sabores":null,"borda":null,"valor_unitario":"20.000000","status":null,"hora":"16:03:53","foto_produto":"24-12-2023-14-09-20-ESPECIAL.jpg"}],"hora":"2025-07-08 16:10:34"}
[SESSION-LISTAR] {"session_id":"5o4vg8nkvrskllleumb6v3h5tp","sessao_usuario":"2025-07-08-15:16:54-876","hora":"2025-07-08 16:10:34"}
[LISTAR-CARRINHO] {"sessao":"2025-07-08-15:16:54-876","itens":1,"hora":"2025-07-08 16:10:34"}
[LISTAR-ENTRY] {"session_id":"5o4vg8nkvrskllleumb6v3h5tp","sessao_usuario":"2025-07-08-15:16:54-876","hora":"2025-07-08 16:10:34"}
[LISTAR-RESULT] {"sessao":"2025-07-08-15:16:54-876","result":[{"id":291,"sessao":"2025-07-08-15:16:54-876","cliente":0,"produto":81,"quantidade":1,"total_item":"20.00","obs":"","pedido":0,"data":"2025-07-08","id_sabor":null,"categoria":null,"item":null,"variacao":null,"mesa":null,"nome_cliente":null,"nome_produto":"MIX DRAG\u00c3O 3","sabores":null,"borda":null,"valor_unitario":"20.000000","status":null,"hora":"16:03:53","foto_produto":"24-12-2023-14-09-20-ESPECIAL.jpg"}],"hora":"2025-07-08 16:10:34"}
[SESSION-LISTAR] {"session_id":"5o4vg8nkvrskllleumb6v3h5tp","sessao_usuario":"2025-07-08-15:16:54-876","hora":"2025-07-08 16:10:34"}
[LISTAR-CARRINHO] {"sessao":"2025-07-08-15:16:54-876","itens":1,"hora":"2025-07-08 16:10:34"}
[LISTAR-ENTRY] {"session_id":"5o4vg8nkvrskllleumb6v3h5tp","sessao_usuario":"2025-07-08-15:16:54-876","hora":"2025-07-08 16:10:37"}
[LISTAR-RESULT] {"sessao":"2025-07-08-15:16:54-876","result":[],"hora":"2025-07-08 16:10:37"}
[CARRINHO-TABELA] {"sessao":"2025-07-08-15:16:54-876","carrinho":[{"id":292,"sessao":"2025-07-08-15:16:54-876","cliente":0,"produto":17,"quantidade":1,"total_item":"25.00","obs":"","pedido":0,"data":"2025-07-08","id_sabor":null,"categoria":null,"item":null,"variacao":null,"mesa":null,"nome_cliente":null,"nome_produto":null,"sabores":null,"borda":null,"valor_unitario":"20.00","status":null,"hora":"16:10:50"}],"hora":"2025-07-08 16:10:50"}
[ADD-CARRINHO] {"sessao":"2025-07-08-15:16:54-876","produto":17,"quantidade":1,"total_item":25,"hora":"2025-07-08 16:10:50"}
[SESSION-ADD] {"session_id":"5o4vg8nkvrskllleumb6v3h5tp","sessao_usuario":"2025-07-08-15:16:54-876","hora":"2025-07-08 16:10:50"}
[LISTAR-ENTRY] {"session_id":"5o4vg8nkvrskllleumb6v3h5tp","sessao_usuario":"2025-07-08-15:16:54-876","hora":"2025-07-08 16:10:50"}
[LISTAR-RESULT] {"sessao":"2025-07-08-15:16:54-876","result":[{"id":292,"sessao":"2025-07-08-15:16:54-876","cliente":0,"produto":17,"quantidade":1,"total_item":"25.00","obs":"","pedido":0,"data":"2025-07-08","id_sabor":null,"categoria":null,"item":null,"variacao":null,"mesa":null,"nome_cliente":null,"nome_produto":"DRAG\u00c3O BACON","sabores":null,"borda":null,"valor_unitario":"20.000000","status":null,"hora":"16:10:50","foto_produto":"24-12-2023-14-22-10-ESPECIAL.jpg"}],"hora":"2025-07-08 16:10:50"}
[SESSION-LISTAR] {"session_id":"5o4vg8nkvrskllleumb6v3h5tp","sessao_usuario":"2025-07-08-15:16:54-876","hora":"2025-07-08 16:10:50"}
[LISTAR-CARRINHO] {"sessao":"2025-07-08-15:16:54-876","itens":1,"hora":"2025-07-08 16:10:50"}
[LISTAR-ENTRY] {"session_id":"5o4vg8nkvrskllleumb6v3h5tp","sessao_usuario":"2025-07-08-15:16:54-876","hora":"2025-07-08 16:10:50"}
[LISTAR-RESULT] {"sessao":"2025-07-08-15:16:54-876","result":[{"id":292,"sessao":"2025-07-08-15:16:54-876","cliente":0,"produto":17,"quantidade":1,"total_item":"25.00","obs":"","pedido":0,"data":"2025-07-08","id_sabor":null,"categoria":null,"item":null,"variacao":null,"mesa":null,"nome_cliente":null,"nome_produto":"DRAG\u00c3O BACON","sabores":null,"borda":null,"valor_unitario":"20.000000","status":null,"hora":"16:10:50","foto_produto":"24-12-2023-14-22-10-ESPECIAL.jpg"}],"hora":"2025-07-08 16:10:50"}
[SESSION-LISTAR] {"session_id":"5o4vg8nkvrskllleumb6v3h5tp","sessao_usuario":"2025-07-08-15:16:54-876","hora":"2025-07-08 16:10:50"}
[LISTAR-CARRINHO] {"sessao":"2025-07-08-15:16:54-876","itens":1,"hora":"2025-07-08 16:10:50"}
[LISTAR-ENTRY] {"session_id":"5o4vg8nkvrskllleumb6v3h5tp","sessao_usuario":"2025-07-08-15:16:54-876","hora":"2025-07-08 16:10:50"}
[LISTAR-RESULT] {"sessao":"2025-07-08-15:16:54-876","result":[{"id":292,"sessao":"2025-07-08-15:16:54-876","cliente":0,"produto":17,"quantidade":1,"total_item":"25.00","obs":"","pedido":0,"data":"2025-07-08","id_sabor":null,"categoria":null,"item":null,"variacao":null,"mesa":null,"nome_cliente":null,"nome_produto":"DRAG\u00c3O BACON","sabores":null,"borda":null,"valor_unitario":"20.000000","status":null,"hora":"16:10:50","foto_produto":"24-12-2023-14-22-10-ESPECIAL.jpg"}],"hora":"2025-07-08 16:10:50"}
[SESSION-LISTAR] {"session_id":"5o4vg8nkvrskllleumb6v3h5tp","sessao_usuario":"2025-07-08-15:16:54-876","hora":"2025-07-08 16:10:50"}
[LISTAR-CARRINHO] {"sessao":"2025-07-08-15:16:54-876","itens":1,"hora":"2025-07-08 16:10:50"}
[LISTAR-ENTRY] {"session_id":"5o4vg8nkvrskllleumb6v3h5tp","sessao_usuario":"2025-07-08-15:16:54-876","hora":"2025-07-08 16:10:52"}
[LISTAR-RESULT] {"sessao":"2025-07-08-15:16:54-876","result":[{"id":292,"sessao":"2025-07-08-15:16:54-876","cliente":0,"produto":17,"quantidade":2,"total_item":"40.00","obs":"","pedido":0,"data":"2025-07-08","id_sabor":null,"categoria":null,"item":null,"variacao":null,"mesa":null,"nome_cliente":null,"nome_produto":"DRAG\u00c3O BACON","sabores":null,"borda":null,"valor_unitario":"20.000000","status":null,"hora":"16:10:50","foto_produto":"24-12-2023-14-22-10-ESPECIAL.jpg"}],"hora":"2025-07-08 16:10:52"}
[SESSION-LISTAR] {"session_id":"5o4vg8nkvrskllleumb6v3h5tp","sessao_usuario":"2025-07-08-15:16:54-876","hora":"2025-07-08 16:10:52"}
[LISTAR-CARRINHO] {"sessao":"2025-07-08-15:16:54-876","itens":1,"hora":"2025-07-08 16:10:52"}
[LISTAR-ENTRY] {"session_id":"5o4vg8nkvrskllleumb6v3h5tp","sessao_usuario":"2025-07-08-15:16:54-876","hora":"2025-07-08 16:10:55"}
[LISTAR-RESULT] {"sessao":"2025-07-08-15:16:54-876","result":[{"id":292,"sessao":"2025-07-08-15:16:54-876","cliente":0,"produto":17,"quantidade":3,"total_item":"60.00","obs":"","pedido":0,"data":"2025-07-08","id_sabor":null,"categoria":null,"item":null,"variacao":null,"mesa":null,"nome_cliente":null,"nome_produto":"DRAG\u00c3O BACON","sabores":null,"borda":null,"valor_unitario":"20.000000","status":null,"hora":"16:10:50","foto_produto":"24-12-2023-14-22-10-ESPECIAL.jpg"}],"hora":"2025-07-08 16:10:55"}
[SESSION-LISTAR] {"session_id":"5o4vg8nkvrskllleumb6v3h5tp","sessao_usuario":"2025-07-08-15:16:54-876","hora":"2025-07-08 16:10:55"}
[LISTAR-CARRINHO] {"sessao":"2025-07-08-15:16:54-876","itens":1,"hora":"2025-07-08 16:10:55"}
[LISTAR-ENTRY] {"session_id":"5o4vg8nkvrskllleumb6v3h5tp","sessao_usuario":"2025-07-08-15:16:54-876","hora":"2025-07-08 16:16:51"}
[LISTAR-RESULT] {"sessao":"2025-07-08-15:16:54-876","result":[],"hora":"2025-07-08 16:16:51"}
[CARRINHO-TABELA] {"sessao":"2025-07-08-15:16:54-876","carrinho":[{"id":293,"sessao":"2025-07-08-15:16:54-876","cliente":0,"produto":17,"quantidade":1,"total_item":"25.00","obs":"","pedido":0,"data":"2025-07-08","id_sabor":null,"categoria":null,"item":null,"variacao":null,"mesa":null,"nome_cliente":null,"nome_produto":null,"sabores":null,"borda":null,"valor_unitario":"20.00","status":null,"hora":"16:17:04"}],"hora":"2025-07-08 16:17:05"}
[ADD-CARRINHO] {"sessao":"2025-07-08-15:16:54-876","produto":17,"quantidade":1,"total_item":25,"hora":"2025-07-08 16:17:05"}
[SESSION-ADD] {"session_id":"5o4vg8nkvrskllleumb6v3h5tp","sessao_usuario":"2025-07-08-15:16:54-876","hora":"2025-07-08 16:17:05"}
[LISTAR-ENTRY] {"session_id":"5o4vg8nkvrskllleumb6v3h5tp","sessao_usuario":"2025-07-08-15:16:54-876","hora":"2025-07-08 16:17:05"}
[LISTAR-RESULT] {"sessao":"2025-07-08-15:16:54-876","result":[{"id":293,"sessao":"2025-07-08-15:16:54-876","cliente":0,"produto":17,"quantidade":1,"total_item":"25.00","obs":"","pedido":0,"data":"2025-07-08","id_sabor":null,"categoria":null,"item":null,"variacao":null,"mesa":null,"nome_cliente":null,"nome_produto":"DRAG\u00c3O BACON","sabores":null,"borda":null,"valor_unitario":"20.000000","status":null,"hora":"16:17:04","foto_produto":"24-12-2023-14-22-10-ESPECIAL.jpg"}],"hora":"2025-07-08 16:17:05"}
[SESSION-LISTAR] {"session_id":"5o4vg8nkvrskllleumb6v3h5tp","sessao_usuario":"2025-07-08-15:16:54-876","hora":"2025-07-08 16:17:05"}
[LISTAR-CARRINHO] {"sessao":"2025-07-08-15:16:54-876","itens":1,"hora":"2025-07-08 16:17:05"}
[LISTAR-ENTRY] {"session_id":"5o4vg8nkvrskllleumb6v3h5tp","sessao_usuario":"2025-07-08-15:16:54-876","hora":"2025-07-08 16:17:05"}
[LISTAR-RESULT] {"sessao":"2025-07-08-15:16:54-876","result":[{"id":293,"sessao":"2025-07-08-15:16:54-876","cliente":0,"produto":17,"quantidade":1,"total_item":"25.00","obs":"","pedido":0,"data":"2025-07-08","id_sabor":null,"categoria":null,"item":null,"variacao":null,"mesa":null,"nome_cliente":null,"nome_produto":"DRAG\u00c3O BACON","sabores":null,"borda":null,"valor_unitario":"20.000000","status":null,"hora":"16:17:04","foto_produto":"24-12-2023-14-22-10-ESPECIAL.jpg"}],"hora":"2025-07-08 16:17:05"}
[SESSION-LISTAR] {"session_id":"5o4vg8nkvrskllleumb6v3h5tp","sessao_usuario":"2025-07-08-15:16:54-876","hora":"2025-07-08 16:17:05"}
[LISTAR-CARRINHO] {"sessao":"2025-07-08-15:16:54-876","itens":1,"hora":"2025-07-08 16:17:05"}
[LISTAR-ENTRY] {"session_id":"5o4vg8nkvrskllleumb6v3h5tp","sessao_usuario":"2025-07-08-15:16:54-876","hora":"2025-07-08 16:17:05"}
[LISTAR-RESULT] {"sessao":"2025-07-08-15:16:54-876","result":[{"id":293,"sessao":"2025-07-08-15:16:54-876","cliente":0,"produto":17,"quantidade":1,"total_item":"25.00","obs":"","pedido":0,"data":"2025-07-08","id_sabor":null,"categoria":null,"item":null,"variacao":null,"mesa":null,"nome_cliente":null,"nome_produto":"DRAG\u00c3O BACON","sabores":null,"borda":null,"valor_unitario":"20.000000","status":null,"hora":"16:17:04","foto_produto":"24-12-2023-14-22-10-ESPECIAL.jpg"}],"hora":"2025-07-08 16:17:05"}
[SESSION-LISTAR] {"session_id":"5o4vg8nkvrskllleumb6v3h5tp","sessao_usuario":"2025-07-08-15:16:54-876","hora":"2025-07-08 16:17:05"}
[LISTAR-CARRINHO] {"sessao":"2025-07-08-15:16:54-876","itens":1,"hora":"2025-07-08 16:17:05"}
[LISTAR-ENTRY] {"session_id":"5o4vg8nkvrskllleumb6v3h5tp","sessao_usuario":"2025-07-08-15:16:54-876","hora":"2025-07-08 16:17:23"}
[LISTAR-RESULT] {"sessao":"2025-07-08-15:16:54-876","result":[{"id":293,"sessao":"2025-07-08-15:16:54-876","cliente":0,"produto":17,"quantidade":2,"total_item":"40.00","obs":"","pedido":0,"data":"2025-07-08","id_sabor":null,"categoria":null,"item":null,"variacao":null,"mesa":null,"nome_cliente":null,"nome_produto":"DRAG\u00c3O BACON","sabores":null,"borda":null,"valor_unitario":"20.000000","status":null,"hora":"16:17:04","foto_produto":"24-12-2023-14-22-10-ESPECIAL.jpg"}],"hora":"2025-07-08 16:17:23"}
[SESSION-LISTAR] {"session_id":"5o4vg8nkvrskllleumb6v3h5tp","sessao_usuario":"2025-07-08-15:16:54-876","hora":"2025-07-08 16:17:23"}
[LISTAR-CARRINHO] {"sessao":"2025-07-08-15:16:54-876","itens":1,"hora":"2025-07-08 16:17:23"}
[LISTAR-ENTRY] {"session_id":"5o4vg8nkvrskllleumb6v3h5tp","sessao_usuario":"2025-07-08-15:16:54-876","hora":"2025-07-08 16:17:25"}
[LISTAR-RESULT] {"sessao":"2025-07-08-15:16:54-876","result":[{"id":293,"sessao":"2025-07-08-15:16:54-876","cliente":0,"produto":17,"quantidade":3,"total_item":"60.00","obs":"","pedido":0,"data":"2025-07-08","id_sabor":null,"categoria":null,"item":null,"variacao":null,"mesa":null,"nome_cliente":null,"nome_produto":"DRAG\u00c3O BACON","sabores":null,"borda":null,"valor_unitario":"20.000000","status":null,"hora":"16:17:04","foto_produto":"24-12-2023-14-22-10-ESPECIAL.jpg"}],"hora":"2025-07-08 16:17:25"}
[SESSION-LISTAR] {"session_id":"5o4vg8nkvrskllleumb6v3h5tp","sessao_usuario":"2025-07-08-15:16:54-876","hora":"2025-07-08 16:17:25"}
[LISTAR-CARRINHO] {"sessao":"2025-07-08-15:16:54-876","itens":1,"hora":"2025-07-08 16:17:25"}
[LISTAR-ENTRY] {"session_id":"5o4vg8nkvrskllleumb6v3h5tp","sessao_usuario":"2025-07-08-15:16:54-876","hora":"2025-07-08 16:17:26"}
[LISTAR-RESULT] {"sessao":"2025-07-08-15:16:54-876","result":[{"id":293,"sessao":"2025-07-08-15:16:54-876","cliente":0,"produto":17,"quantidade":2,"total_item":"40.00","obs":"","pedido":0,"data":"2025-07-08","id_sabor":null,"categoria":null,"item":null,"variacao":null,"mesa":null,"nome_cliente":null,"nome_produto":"DRAG\u00c3O BACON","sabores":null,"borda":null,"valor_unitario":"20.000000","status":null,"hora":"16:17:04","foto_produto":"24-12-2023-14-22-10-ESPECIAL.jpg"}],"hora":"2025-07-08 16:17:26"}
[SESSION-LISTAR] {"session_id":"5o4vg8nkvrskllleumb6v3h5tp","sessao_usuario":"2025-07-08-15:16:54-876","hora":"2025-07-08 16:17:26"}
[LISTAR-CARRINHO] {"sessao":"2025-07-08-15:16:54-876","itens":1,"hora":"2025-07-08 16:17:26"}
[LISTAR-ENTRY] {"session_id":"5o4vg8nkvrskllleumb6v3h5tp","sessao_usuario":"2025-07-08-15:16:54-876","hora":"2025-07-08 16:17:26"}
[LISTAR-RESULT] {"sessao":"2025-07-08-15:16:54-876","result":[{"id":293,"sessao":"2025-07-08-15:16:54-876","cliente":0,"produto":17,"quantidade":1,"total_item":"20.00","obs":"","pedido":0,"data":"2025-07-08","id_sabor":null,"categoria":null,"item":null,"variacao":null,"mesa":null,"nome_cliente":null,"nome_produto":"DRAG\u00c3O BACON","sabores":null,"borda":null,"valor_unitario":"20.000000","status":null,"hora":"16:17:04","foto_produto":"24-12-2023-14-22-10-ESPECIAL.jpg"}],"hora":"2025-07-08 16:17:26"}
[SESSION-LISTAR] {"session_id":"5o4vg8nkvrskllleumb6v3h5tp","sessao_usuario":"2025-07-08-15:16:54-876","hora":"2025-07-08 16:17:26"}
[LISTAR-CARRINHO] {"sessao":"2025-07-08-15:16:54-876","itens":1,"hora":"2025-07-08 16:17:26"}
[LISTAR-ENTRY] {"session_id":"5o4vg8nkvrskllleumb6v3h5tp","sessao_usuario":"2025-07-08-15:16:54-876","hora":"2025-07-08 16:34:54"}
[LISTAR-RESULT] {"sessao":"2025-07-08-15:16:54-876","result":[],"hora":"2025-07-08 16:34:54"}
[CARRINHO-TABELA] {"sessao":"2025-07-08-15:16:54-876","carrinho":[{"id":294,"sessao":"2025-07-08-15:16:54-876","cliente":0,"produto":216,"quantidade":1,"total_item":"20.00","obs":"","pedido":0,"data":"2025-07-08","id_sabor":null,"categoria":null,"item":null,"variacao":null,"mesa":null,"nome_cliente":null,"nome_produto":null,"sabores":null,"borda":null,"valor_unitario":"18.00","status":null,"hora":"16:35:08"}],"hora":"2025-07-08 16:35:09"}
[ADD-CARRINHO] {"sessao":"2025-07-08-15:16:54-876","produto":216,"quantidade":1,"total_item":20,"hora":"2025-07-08 16:35:09"}
[SESSION-ADD] {"session_id":"5o4vg8nkvrskllleumb6v3h5tp","sessao_usuario":"2025-07-08-15:16:54-876","hora":"2025-07-08 16:35:09"}
[LISTAR-ENTRY] {"session_id":"5o4vg8nkvrskllleumb6v3h5tp","sessao_usuario":"2025-07-08-15:16:54-876","hora":"2025-07-08 16:35:09"}
[LISTAR-RESULT] {"sessao":"2025-07-08-15:16:54-876","result":[{"id":294,"sessao":"2025-07-08-15:16:54-876","cliente":0,"produto":216,"quantidade":1,"total_item":"20.00","obs":"","pedido":0,"data":"2025-07-08","id_sabor":null,"categoria":null,"item":null,"variacao":null,"mesa":null,"nome_cliente":null,"nome_produto":"ALASANHADO","sabores":null,"borda":null,"valor_unitario":"18.000000","status":null,"hora":"16:35:08","foto_produto":"15-01-2024-13-53-57-WhatsApp-Image-2024-01-02-at-12.20.06.jpeg"}],"hora":"2025-07-08 16:35:09"}
[SESSION-LISTAR] {"session_id":"5o4vg8nkvrskllleumb6v3h5tp","sessao_usuario":"2025-07-08-15:16:54-876","hora":"2025-07-08 16:35:09"}
[LISTAR-CARRINHO] {"sessao":"2025-07-08-15:16:54-876","itens":1,"hora":"2025-07-08 16:35:09"}
[LISTAR-ENTRY] {"session_id":"5o4vg8nkvrskllleumb6v3h5tp","sessao_usuario":"2025-07-08-15:16:54-876","hora":"2025-07-08 16:35:09"}
[LISTAR-RESULT] {"sessao":"2025-07-08-15:16:54-876","result":[{"id":294,"sessao":"2025-07-08-15:16:54-876","cliente":0,"produto":216,"quantidade":1,"total_item":"20.00","obs":"","pedido":0,"data":"2025-07-08","id_sabor":null,"categoria":null,"item":null,"variacao":null,"mesa":null,"nome_cliente":null,"nome_produto":"ALASANHADO","sabores":null,"borda":null,"valor_unitario":"18.000000","status":null,"hora":"16:35:08","foto_produto":"15-01-2024-13-53-57-WhatsApp-Image-2024-01-02-at-12.20.06.jpeg"}],"hora":"2025-07-08 16:35:09"}
[SESSION-LISTAR] {"session_id":"5o4vg8nkvrskllleumb6v3h5tp","sessao_usuario":"2025-07-08-15:16:54-876","hora":"2025-07-08 16:35:09"}
[LISTAR-CARRINHO] {"sessao":"2025-07-08-15:16:54-876","itens":1,"hora":"2025-07-08 16:35:09"}
[LISTAR-ENTRY] {"session_id":"5o4vg8nkvrskllleumb6v3h5tp","sessao_usuario":"2025-07-08-15:16:54-876","hora":"2025-07-08 16:35:09"}
[LISTAR-RESULT] {"sessao":"2025-07-08-15:16:54-876","result":[{"id":294,"sessao":"2025-07-08-15:16:54-876","cliente":0,"produto":216,"quantidade":1,"total_item":"20.00","obs":"","pedido":0,"data":"2025-07-08","id_sabor":null,"categoria":null,"item":null,"variacao":null,"mesa":null,"nome_cliente":null,"nome_produto":"ALASANHADO","sabores":null,"borda":null,"valor_unitario":"18.000000","status":null,"hora":"16:35:08","foto_produto":"15-01-2024-13-53-57-WhatsApp-Image-2024-01-02-at-12.20.06.jpeg"}],"hora":"2025-07-08 16:35:09"}
[SESSION-LISTAR] {"session_id":"5o4vg8nkvrskllleumb6v3h5tp","sessao_usuario":"2025-07-08-15:16:54-876","hora":"2025-07-08 16:35:09"}
[LISTAR-CARRINHO] {"sessao":"2025-07-08-15:16:54-876","itens":1,"hora":"2025-07-08 16:35:09"}
[LISTAR-ENTRY] {"session_id":"5o4vg8nkvrskllleumb6v3h5tp","sessao_usuario":"2025-07-08-15:16:54-876","hora":"2025-07-08 16:35:22"}
[LISTAR-RESULT] {"sessao":"2025-07-08-15:16:54-876","result":[{"id":294,"sessao":"2025-07-08-15:16:54-876","cliente":0,"produto":216,"quantidade":2,"total_item":"36.00","obs":"","pedido":0,"data":"2025-07-08","id_sabor":null,"categoria":null,"item":null,"variacao":null,"mesa":null,"nome_cliente":null,"nome_produto":"ALASANHADO","sabores":null,"borda":null,"valor_unitario":"18.000000","status":null,"hora":"16:35:08","foto_produto":"15-01-2024-13-53-57-WhatsApp-Image-2024-01-02-at-12.20.06.jpeg"}],"hora":"2025-07-08 16:35:22"}
[SESSION-LISTAR] {"session_id":"5o4vg8nkvrskllleumb6v3h5tp","sessao_usuario":"2025-07-08-15:16:54-876","hora":"2025-07-08 16:35:22"}
[LISTAR-CARRINHO] {"sessao":"2025-07-08-15:16:54-876","itens":1,"hora":"2025-07-08 16:35:22"}
[LISTAR-ENTRY] {"session_id":"5o4vg8nkvrskllleumb6v3h5tp","sessao_usuario":"2025-07-08-15:16:54-876","hora":"2025-07-08 16:35:28"}
[LISTAR-RESULT] {"sessao":"2025-07-08-15:16:54-876","result":[{"id":294,"sessao":"2025-07-08-15:16:54-876","cliente":0,"produto":216,"quantidade":3,"total_item":"54.00","obs":"","pedido":0,"data":"2025-07-08","id_sabor":null,"categoria":null,"item":null,"variacao":null,"mesa":null,"nome_cliente":null,"nome_produto":"ALASANHADO","sabores":null,"borda":null,"valor_unitario":"18.000000","status":null,"hora":"16:35:08","foto_produto":"15-01-2024-13-53-57-WhatsApp-Image-2024-01-02-at-12.20.06.jpeg"}],"hora":"2025-07-08 16:35:28"}
[SESSION-LISTAR] {"session_id":"5o4vg8nkvrskllleumb6v3h5tp","sessao_usuario":"2025-07-08-15:16:54-876","hora":"2025-07-08 16:35:28"}
[LISTAR-CARRINHO] {"sessao":"2025-07-08-15:16:54-876","itens":1,"hora":"2025-07-08 16:35:28"}
[LISTAR-ENTRY] {"session_id":"5o4vg8nkvrskllleumb6v3h5tp","sessao_usuario":"2025-07-08-15:16:54-876","hora":"2025-07-08 16:36:18"}
[LISTAR-RESULT] {"sessao":"2025-07-08-15:16:54-876","result":[{"id":294,"sessao":"2025-07-08-15:16:54-876","cliente":0,"produto":216,"quantidade":3,"total_item":"54.00","obs":"","pedido":0,"data":"2025-07-08","id_sabor":null,"categoria":null,"item":null,"variacao":null,"mesa":null,"nome_cliente":null,"nome_produto":"ALASANHADO","sabores":null,"borda":null,"valor_unitario":"18.000000","status":null,"hora":"16:35:08","foto_produto":"15-01-2024-13-53-57-WhatsApp-Image-2024-01-02-at-12.20.06.jpeg"}],"hora":"2025-07-08 16:36:18"}
[SESSION-LISTAR] {"session_id":"5o4vg8nkvrskllleumb6v3h5tp","sessao_usuario":"2025-07-08-15:16:54-876","hora":"2025-07-08 16:36:18"}
[LISTAR-CARRINHO] {"sessao":"2025-07-08-15:16:54-876","itens":1,"hora":"2025-07-08 16:36:18"}
[LISTAR-ENTRY] {"session_id":"5o4vg8nkvrskllleumb6v3h5tp","sessao_usuario":"2025-07-08-15:16:54-876","hora":"2025-07-08 16:36:18"}
[LISTAR-RESULT] {"sessao":"2025-07-08-15:16:54-876","result":[{"id":294,"sessao":"2025-07-08-15:16:54-876","cliente":0,"produto":216,"quantidade":3,"total_item":"54.00","obs":"","pedido":0,"data":"2025-07-08","id_sabor":null,"categoria":null,"item":null,"variacao":null,"mesa":null,"nome_cliente":null,"nome_produto":"ALASANHADO","sabores":null,"borda":null,"valor_unitario":"18.000000","status":null,"hora":"16:35:08","foto_produto":"15-01-2024-13-53-57-WhatsApp-Image-2024-01-02-at-12.20.06.jpeg"}],"hora":"2025-07-08 16:36:18"}
[SESSION-LISTAR] {"session_id":"5o4vg8nkvrskllleumb6v3h5tp","sessao_usuario":"2025-07-08-15:16:54-876","hora":"2025-07-08 16:36:18"}
[LISTAR-CARRINHO] {"sessao":"2025-07-08-15:16:54-876","itens":1,"hora":"2025-07-08 16:36:18"}
[LISTAR-ENTRY] {"session_id":"5o4vg8nkvrskllleumb6v3h5tp","sessao_usuario":"2025-07-08-15:16:54-876","hora":"2025-07-08 16:36:18"}
[LISTAR-RESULT] {"sessao":"2025-07-08-15:16:54-876","result":[{"id":294,"sessao":"2025-07-08-15:16:54-876","cliente":0,"produto":216,"quantidade":3,"total_item":"54.00","obs":"","pedido":0,"data":"2025-07-08","id_sabor":null,"categoria":null,"item":null,"variacao":null,"mesa":null,"nome_cliente":null,"nome_produto":"ALASANHADO","sabores":null,"borda":null,"valor_unitario":"18.000000","status":null,"hora":"16:35:08","foto_produto":"15-01-2024-13-53-57-WhatsApp-Image-2024-01-02-at-12.20.06.jpeg"}],"hora":"2025-07-08 16:36:18"}
[SESSION-LISTAR] {"session_id":"5o4vg8nkvrskllleumb6v3h5tp","sessao_usuario":"2025-07-08-15:16:54-876","hora":"2025-07-08 16:36:18"}
[LISTAR-CARRINHO] {"sessao":"2025-07-08-15:16:54-876","itens":1,"hora":"2025-07-08 16:36:18"}
[LISTAR-ENTRY] {"session_id":"5o4vg8nkvrskllleumb6v3h5tp","sessao_usuario":"2025-07-08-15:16:54-876","hora":"2025-07-08 16:36:25"}
[LISTAR-RESULT] {"sessao":"2025-07-08-15:16:54-876","result":[],"hora":"2025-07-08 16:36:25"}
[CARRINHO-TABELA] {"sessao":"2025-07-08-15:16:54-876","carrinho":[{"id":295,"sessao":"2025-07-08-15:16:54-876","cliente":0,"produto":14,"quantidade":1,"total_item":"25.00","obs":"","pedido":0,"data":"2025-07-08","id_sabor":null,"categoria":null,"item":null,"variacao":null,"mesa":null,"nome_cliente":null,"nome_produto":null,"sabores":null,"borda":null,"valor_unitario":"20.00","status":null,"hora":"16:36:33"}],"hora":"2025-07-08 16:36:33"}
[ADD-CARRINHO] {"sessao":"2025-07-08-15:16:54-876","produto":14,"quantidade":1,"total_item":25,"hora":"2025-07-08 16:36:33"}
[SESSION-ADD] {"session_id":"5o4vg8nkvrskllleumb6v3h5tp","sessao_usuario":"2025-07-08-15:16:54-876","hora":"2025-07-08 16:36:33"}
[LISTAR-ENTRY] {"session_id":"5o4vg8nkvrskllleumb6v3h5tp","sessao_usuario":"2025-07-08-15:16:54-876","hora":"2025-07-08 16:36:33"}
[LISTAR-RESULT] {"sessao":"2025-07-08-15:16:54-876","result":[{"id":295,"sessao":"2025-07-08-15:16:54-876","cliente":0,"produto":14,"quantidade":1,"total_item":"25.00","obs":"","pedido":0,"data":"2025-07-08","id_sabor":null,"categoria":null,"item":null,"variacao":null,"mesa":null,"nome_cliente":null,"nome_produto":"DRAG\u00c3O PICANHA","sabores":null,"borda":null,"valor_unitario":"20.000000","status":null,"hora":"16:36:33","foto_produto":"24-12-2023-14-23-40-ESPECIAL.jpg"}],"hora":"2025-07-08 16:36:33"}
[SESSION-LISTAR] {"session_id":"5o4vg8nkvrskllleumb6v3h5tp","sessao_usuario":"2025-07-08-15:16:54-876","hora":"2025-07-08 16:36:33"}
[LISTAR-CARRINHO] {"sessao":"2025-07-08-15:16:54-876","itens":1,"hora":"2025-07-08 16:36:33"}
[LISTAR-ENTRY] {"session_id":"5o4vg8nkvrskllleumb6v3h5tp","sessao_usuario":"2025-07-08-15:16:54-876","hora":"2025-07-08 16:36:33"}
[LISTAR-RESULT] {"sessao":"2025-07-08-15:16:54-876","result":[{"id":295,"sessao":"2025-07-08-15:16:54-876","cliente":0,"produto":14,"quantidade":1,"total_item":"25.00","obs":"","pedido":0,"data":"2025-07-08","id_sabor":null,"categoria":null,"item":null,"variacao":null,"mesa":null,"nome_cliente":null,"nome_produto":"DRAG\u00c3O PICANHA","sabores":null,"borda":null,"valor_unitario":"20.000000","status":null,"hora":"16:36:33","foto_produto":"24-12-2023-14-23-40-ESPECIAL.jpg"}],"hora":"2025-07-08 16:36:33"}
[SESSION-LISTAR] {"session_id":"5o4vg8nkvrskllleumb6v3h5tp","sessao_usuario":"2025-07-08-15:16:54-876","hora":"2025-07-08 16:36:33"}
[LISTAR-CARRINHO] {"sessao":"2025-07-08-15:16:54-876","itens":1,"hora":"2025-07-08 16:36:33"}
[LISTAR-ENTRY] {"session_id":"5o4vg8nkvrskllleumb6v3h5tp","sessao_usuario":"2025-07-08-15:16:54-876","hora":"2025-07-08 16:36:33"}
[LISTAR-RESULT] {"sessao":"2025-07-08-15:16:54-876","result":[{"id":295,"sessao":"2025-07-08-15:16:54-876","cliente":0,"produto":14,"quantidade":1,"total_item":"25.00","obs":"","pedido":0,"data":"2025-07-08","id_sabor":null,"categoria":null,"item":null,"variacao":null,"mesa":null,"nome_cliente":null,"nome_produto":"DRAG\u00c3O PICANHA","sabores":null,"borda":null,"valor_unitario":"20.000000","status":null,"hora":"16:36:33","foto_produto":"24-12-2023-14-23-40-ESPECIAL.jpg"}],"hora":"2025-07-08 16:36:33"}
[SESSION-LISTAR] {"session_id":"5o4vg8nkvrskllleumb6v3h5tp","sessao_usuario":"2025-07-08-15:16:54-876","hora":"2025-07-08 16:36:33"}
[LISTAR-CARRINHO] {"sessao":"2025-07-08-15:16:54-876","itens":1,"hora":"2025-07-08 16:36:33"}
[LISTAR-ENTRY] {"session_id":"5o4vg8nkvrskllleumb6v3h5tp","sessao_usuario":"2025-07-08-15:16:54-876","hora":"2025-07-08 16:36:35"}
[LISTAR-RESULT] {"sessao":"2025-07-08-15:16:54-876","result":[{"id":295,"sessao":"2025-07-08-15:16:54-876","cliente":0,"produto":14,"quantidade":2,"total_item":"40.00","obs":"","pedido":0,"data":"2025-07-08","id_sabor":null,"categoria":null,"item":null,"variacao":null,"mesa":null,"nome_cliente":null,"nome_produto":"DRAG\u00c3O PICANHA","sabores":null,"borda":null,"valor_unitario":"20.000000","status":null,"hora":"16:36:33","foto_produto":"24-12-2023-14-23-40-ESPECIAL.jpg"}],"hora":"2025-07-08 16:36:35"}
[SESSION-LISTAR] {"session_id":"5o4vg8nkvrskllleumb6v3h5tp","sessao_usuario":"2025-07-08-15:16:54-876","hora":"2025-07-08 16:36:35"}
[LISTAR-CARRINHO] {"sessao":"2025-07-08-15:16:54-876","itens":1,"hora":"2025-07-08 16:36:35"}
[LISTAR-ENTRY] {"session_id":"5o4vg8nkvrskllleumb6v3h5tp","sessao_usuario":"2025-07-08-15:16:54-876","hora":"2025-07-08 16:40:16"}
[LISTAR-RESULT] {"sessao":"2025-07-08-15:16:54-876","result":[],"hora":"2025-07-08 16:40:16"}
[ADICIONAIS-ANTES] {"sessao":"2025-07-08-15:16:54-876","id_carrinho":"296","adicionais_temporarios":[{"id":216,"sessao":"2025-07-08-15:16:54-876","tabela":"adicionais","id_item":93,"carrinho":0,"data":null,"categoria":null,"grade":null,"valor_item":null,"quantidade":1,"tipagem":null}],"hora":"2025-07-08 16:40:27"}
[ADICIONAIS-DEPOIS] {"sessao":"2025-07-08-15:16:54-876","id_carrinho":"296","adicionais_vinculados":[{"id":216,"sessao":"2025-07-08-15:16:54-876","tabela":"adicionais","id_item":93,"carrinho":296,"data":null,"categoria":null,"grade":null,"valor_item":null,"quantidade":1,"tipagem":null}],"update_result":true,"hora":"2025-07-08 16:40:27"}
[CARRINHO-TABELA] {"sessao":"2025-07-08-15:16:54-876","carrinho":[{"id":296,"sessao":"2025-07-08-15:16:54-876","cliente":0,"produto":216,"quantidade":1,"total_item":"20.00","obs":"","pedido":0,"data":"2025-07-08","id_sabor":null,"categoria":null,"item":null,"variacao":null,"mesa":null,"nome_cliente":null,"nome_produto":null,"sabores":null,"borda":null,"valor_unitario":"18.00","status":null,"hora":"16:40:27"}],"hora":"2025-07-08 16:40:27"}
[ADD-CARRINHO] {"sessao":"2025-07-08-15:16:54-876","produto":216,"quantidade":1,"total_item":20,"hora":"2025-07-08 16:40:27"}
[SESSION-ADD] {"session_id":"5o4vg8nkvrskllleumb6v3h5tp","sessao_usuario":"2025-07-08-15:16:54-876","hora":"2025-07-08 16:40:27"}
[LISTAR-ENTRY] {"session_id":"5o4vg8nkvrskllleumb6v3h5tp","sessao_usuario":"2025-07-08-15:16:54-876","hora":"2025-07-08 16:40:27"}
[LISTAR-RESULT] {"sessao":"2025-07-08-15:16:54-876","result":[{"id":296,"sessao":"2025-07-08-15:16:54-876","cliente":0,"produto":216,"quantidade":1,"total_item":"20.00","obs":"","pedido":0,"data":"2025-07-08","id_sabor":null,"categoria":null,"item":null,"variacao":null,"mesa":null,"nome_cliente":null,"nome_produto":"ALASANHADO","sabores":null,"borda":null,"valor_unitario":"18.000000","status":null,"hora":"16:40:27","foto_produto":"15-01-2024-13-53-57-WhatsApp-Image-2024-01-02-at-12.20.06.jpeg"}],"hora":"2025-07-08 16:40:27"}
[SESSION-LISTAR] {"session_id":"5o4vg8nkvrskllleumb6v3h5tp","sessao_usuario":"2025-07-08-15:16:54-876","hora":"2025-07-08 16:40:27"}
[LISTAR-CARRINHO] {"sessao":"2025-07-08-15:16:54-876","itens":1,"hora":"2025-07-08 16:40:27"}
[LISTAR-ENTRY] {"session_id":"5o4vg8nkvrskllleumb6v3h5tp","sessao_usuario":"2025-07-08-15:16:54-876","hora":"2025-07-08 16:40:27"}
[LISTAR-RESULT] {"sessao":"2025-07-08-15:16:54-876","result":[{"id":296,"sessao":"2025-07-08-15:16:54-876","cliente":0,"produto":216,"quantidade":1,"total_item":"20.00","obs":"","pedido":0,"data":"2025-07-08","id_sabor":null,"categoria":null,"item":null,"variacao":null,"mesa":null,"nome_cliente":null,"nome_produto":"ALASANHADO","sabores":null,"borda":null,"valor_unitario":"18.000000","status":null,"hora":"16:40:27","foto_produto":"15-01-2024-13-53-57-WhatsApp-Image-2024-01-02-at-12.20.06.jpeg"}],"hora":"2025-07-08 16:40:27"}
[SESSION-LISTAR] {"session_id":"5o4vg8nkvrskllleumb6v3h5tp","sessao_usuario":"2025-07-08-15:16:54-876","hora":"2025-07-08 16:40:27"}
[LISTAR-CARRINHO] {"sessao":"2025-07-08-15:16:54-876","itens":1,"hora":"2025-07-08 16:40:27"}
[LISTAR-ENTRY] {"session_id":"5o4vg8nkvrskllleumb6v3h5tp","sessao_usuario":"2025-07-08-15:16:54-876","hora":"2025-07-08 16:40:27"}
[LISTAR-RESULT] {"sessao":"2025-07-08-15:16:54-876","result":[{"id":296,"sessao":"2025-07-08-15:16:54-876","cliente":0,"produto":216,"quantidade":1,"total_item":"20.00","obs":"","pedido":0,"data":"2025-07-08","id_sabor":null,"categoria":null,"item":null,"variacao":null,"mesa":null,"nome_cliente":null,"nome_produto":"ALASANHADO","sabores":null,"borda":null,"valor_unitario":"18.000000","status":null,"hora":"16:40:27","foto_produto":"15-01-2024-13-53-57-WhatsApp-Image-2024-01-02-at-12.20.06.jpeg"}],"hora":"2025-07-08 16:40:27"}
[SESSION-LISTAR] {"session_id":"5o4vg8nkvrskllleumb6v3h5tp","sessao_usuario":"2025-07-08-15:16:54-876","hora":"2025-07-08 16:40:27"}
[LISTAR-CARRINHO] {"sessao":"2025-07-08-15:16:54-876","itens":1,"hora":"2025-07-08 16:40:27"}
[POPUP-ENTRADA] {"id_carrinho":"296","sessao":"2025-07-08-15:16:54-876","categoria":null,"hora":"2025-07-08 16:41:03"}
[POPUP-CARRINHO] {"id_carrinho":"296","dados_carrinho":[{"id":296,"sessao":"2025-07-08-15:16:54-876","cliente":0,"produto":216,"quantidade":1,"total_item":"20.00","obs":"","pedido":0,"data":"2025-07-08","id_sabor":null,"categoria":null,"item":null,"variacao":null,"mesa":null,"nome_cliente":null,"nome_produto":null,"sabores":null,"borda":null,"valor_unitario":"18.00","status":null,"hora":"16:40:27"}],"total_registros":1,"hora":"2025-07-08 16:41:03"}
[POPUP-BUSCA] {"id_carrinho":296,"query":"SELECT * FROM temp where carrinho = '296' and tabela = 'adicionais'","adicionais_encontrados":[{"id":216,"sessao":"2025-07-08-15:16:54-876","tabela":"adicionais","id_item":93,"carrinho":296,"data":null,"categoria":null,"grade":null,"valor_item":null,"quantidade":1,"tipagem":null}],"total_adicionais":1,"hora":"2025-07-08 16:41:03"}
[LISTAR-ENTRY] {"session_id":"5o4vg8nkvrskllleumb6v3h5tp","sessao_usuario":"2025-07-08-15:16:54-876","hora":"2025-07-08 17:19:25"}
[LISTAR-RESULT] {"sessao":"2025-07-08-15:16:54-876","result":[{"id":297,"sessao":"2025-07-08-15:16:54-876","cliente":0,"produto":14,"quantidade":1,"total_item":"25.00","obs":"","pedido":0,"data":"2025-07-08","id_sabor":null,"categoria":null,"item":null,"variacao":null,"mesa":null,"nome_cliente":null,"nome_produto":"DRAG\u00c3O PICANHA","sabores":null,"borda":null,"valor_unitario":"20.000000","status":null,"hora":"17:19:25","foto_produto":"24-12-2023-14-23-40-ESPECIAL.jpg"}],"hora":"2025-07-08 17:19:25"}
[SESSION-LISTAR] {"session_id":"5o4vg8nkvrskllleumb6v3h5tp","sessao_usuario":"2025-07-08-15:16:54-876","hora":"2025-07-08 17:19:25"}
[LISTAR-CARRINHO] {"sessao":"2025-07-08-15:16:54-876","itens":1,"hora":"2025-07-08 17:19:25"}
[LISTAR-ENTRY] {"session_id":"5o4vg8nkvrskllleumb6v3h5tp","sessao_usuario":"2025-07-08-15:16:54-876","hora":"2025-07-08 17:19:25"}
[LISTAR-RESULT] {"sessao":"2025-07-08-15:16:54-876","result":[{"id":297,"sessao":"2025-07-08-15:16:54-876","cliente":0,"produto":14,"quantidade":1,"total_item":"25.00","obs":"","pedido":0,"data":"2025-07-08","id_sabor":null,"categoria":null,"item":null,"variacao":null,"mesa":null,"nome_cliente":null,"nome_produto":"DRAG\u00c3O PICANHA","sabores":null,"borda":null,"valor_unitario":"20.000000","status":null,"hora":"17:19:25","foto_produto":"24-12-2023-14-23-40-ESPECIAL.jpg"}],"hora":"2025-07-08 17:19:25"}
[SESSION-LISTAR] {"session_id":"5o4vg8nkvrskllleumb6v3h5tp","sessao_usuario":"2025-07-08-15:16:54-876","hora":"2025-07-08 17:19:25"}
[LISTAR-CARRINHO] {"sessao":"2025-07-08-15:16:54-876","itens":1,"hora":"2025-07-08 17:19:25"}
[LISTAR-ENTRY] {"session_id":"5o4vg8nkvrskllleumb6v3h5tp","sessao_usuario":"2025-07-08-15:16:54-876","hora":"2025-07-08 17:19:25"}
[LISTAR-RESULT] {"sessao":"2025-07-08-15:16:54-876","result":[{"id":297,"sessao":"2025-07-08-15:16:54-876","cliente":0,"produto":14,"quantidade":1,"total_item":"25.00","obs":"","pedido":0,"data":"2025-07-08","id_sabor":null,"categoria":null,"item":null,"variacao":null,"mesa":null,"nome_cliente":null,"nome_produto":"DRAG\u00c3O PICANHA","sabores":null,"borda":null,"valor_unitario":"20.000000","status":null,"hora":"17:19:25","foto_produto":"24-12-2023-14-23-40-ESPECIAL.jpg"}],"hora":"2025-07-08 17:19:25"}
[SESSION-LISTAR] {"session_id":"5o4vg8nkvrskllleumb6v3h5tp","sessao_usuario":"2025-07-08-15:16:54-876","hora":"2025-07-08 17:19:25"}
[LISTAR-CARRINHO] {"sessao":"2025-07-08-15:16:54-876","itens":1,"hora":"2025-07-08 17:19:25"}
[LISTAR-ENTRY] {"session_id":"5o4vg8nkvrskllleumb6v3h5tp","sessao_usuario":"2025-07-08-15:16:54-876","hora":"2025-07-08 17:19:36"}
[LISTAR-RESULT] {"sessao":"2025-07-08-15:16:54-876","result":[{"id":297,"sessao":"2025-07-08-15:16:54-876","cliente":0,"produto":14,"quantidade":2,"total_item":"40.00","obs":"","pedido":0,"data":"2025-07-08","id_sabor":null,"categoria":null,"item":null,"variacao":null,"mesa":null,"nome_cliente":null,"nome_produto":"DRAG\u00c3O PICANHA","sabores":null,"borda":null,"valor_unitario":"20.000000","status":null,"hora":"17:19:25","foto_produto":"24-12-2023-14-23-40-ESPECIAL.jpg"}],"hora":"2025-07-08 17:19:36"}
[SESSION-LISTAR] {"session_id":"5o4vg8nkvrskllleumb6v3h5tp","sessao_usuario":"2025-07-08-15:16:54-876","hora":"2025-07-08 17:19:36"}
[LISTAR-CARRINHO] {"sessao":"2025-07-08-15:16:54-876","itens":1,"hora":"2025-07-08 17:19:36"}
[LISTAR-ENTRY] {"session_id":"5o4vg8nkvrskllleumb6v3h5tp","sessao_usuario":"2025-07-08-15:16:54-876","hora":"2025-07-08 17:20:36"}
[LISTAR-RESULT] {"sessao":"2025-07-08-15:16:54-876","result":[{"id":298,"sessao":"2025-07-08-15:16:54-876","cliente":0,"produto":100,"quantidade":1,"total_item":"23.00","obs":"","pedido":0,"data":"2025-07-08","id_sabor":null,"categoria":null,"item":null,"variacao":null,"mesa":null,"nome_cliente":null,"nome_produto":"EGGS-BURGUER DE CARNEIRO","sabores":null,"borda":null,"valor_unitario":"18.000000","status":null,"hora":"17:20:36","foto_produto":"15-01-2024-09-42-12-WhatsApp-Image-2023-12-25-at-19.16.05-(5).jpeg"}],"hora":"2025-07-08 17:20:36"}
[SESSION-LISTAR] {"session_id":"5o4vg8nkvrskllleumb6v3h5tp","sessao_usuario":"2025-07-08-15:16:54-876","hora":"2025-07-08 17:20:36"}
[LISTAR-CARRINHO] {"sessao":"2025-07-08-15:16:54-876","itens":1,"hora":"2025-07-08 17:20:36"}
[LISTAR-ENTRY] {"session_id":"5o4vg8nkvrskllleumb6v3h5tp","sessao_usuario":"2025-07-08-15:16:54-876","hora":"2025-07-08 17:20:37"}
[LISTAR-RESULT] {"sessao":"2025-07-08-15:16:54-876","result":[{"id":298,"sessao":"2025-07-08-15:16:54-876","cliente":0,"produto":100,"quantidade":1,"total_item":"23.00","obs":"","pedido":0,"data":"2025-07-08","id_sabor":null,"categoria":null,"item":null,"variacao":null,"mesa":null,"nome_cliente":null,"nome_produto":"EGGS-BURGUER DE CARNEIRO","sabores":null,"borda":null,"valor_unitario":"18.000000","status":null,"hora":"17:20:36","foto_produto":"15-01-2024-09-42-12-WhatsApp-Image-2023-12-25-at-19.16.05-(5).jpeg"}],"hora":"2025-07-08 17:20:37"}
[SESSION-LISTAR] {"session_id":"5o4vg8nkvrskllleumb6v3h5tp","sessao_usuario":"2025-07-08-15:16:54-876","hora":"2025-07-08 17:20:37"}
[LISTAR-CARRINHO] {"sessao":"2025-07-08-15:16:54-876","itens":1,"hora":"2025-07-08 17:20:37"}
[LISTAR-ENTRY] {"session_id":"5o4vg8nkvrskllleumb6v3h5tp","sessao_usuario":"2025-07-08-15:16:54-876","hora":"2025-07-08 17:20:37"}
[LISTAR-RESULT] {"sessao":"2025-07-08-15:16:54-876","result":[{"id":298,"sessao":"2025-07-08-15:16:54-876","cliente":0,"produto":100,"quantidade":1,"total_item":"23.00","obs":"","pedido":0,"data":"2025-07-08","id_sabor":null,"categoria":null,"item":null,"variacao":null,"mesa":null,"nome_cliente":null,"nome_produto":"EGGS-BURGUER DE CARNEIRO","sabores":null,"borda":null,"valor_unitario":"18.000000","status":null,"hora":"17:20:36","foto_produto":"15-01-2024-09-42-12-WhatsApp-Image-2023-12-25-at-19.16.05-(5).jpeg"}],"hora":"2025-07-08 17:20:37"}
[SESSION-LISTAR] {"session_id":"5o4vg8nkvrskllleumb6v3h5tp","sessao_usuario":"2025-07-08-15:16:54-876","hora":"2025-07-08 17:20:37"}
[LISTAR-CARRINHO] {"sessao":"2025-07-08-15:16:54-876","itens":1,"hora":"2025-07-08 17:20:37"}
[LISTAR-ENTRY] {"session_id":"5o4vg8nkvrskllleumb6v3h5tp","sessao_usuario":"2025-07-08-15:16:54-876","hora":"2025-07-08 17:21:19"}
[LISTAR-RESULT] {"sessao":"2025-07-08-15:16:54-876","result":[{"id":299,"sessao":"2025-07-08-15:16:54-876","cliente":0,"produto":101,"quantidade":1,"total_item":"25.00","obs":"","pedido":0,"data":"2025-07-08","id_sabor":null,"categoria":null,"item":null,"variacao":null,"mesa":null,"nome_cliente":null,"nome_produto":"X-BACON COM CARNEIRO","sabores":null,"borda":null,"valor_unitario":"20.000000","status":null,"hora":"17:21:17","foto_produto":"15-01-2024-09-42-39-WhatsApp-Image-2023-12-25-at-19.16.05-(5).jpeg"}],"hora":"2025-07-08 17:21:19"}
[SESSION-LISTAR] {"session_id":"5o4vg8nkvrskllleumb6v3h5tp","sessao_usuario":"2025-07-08-15:16:54-876","hora":"2025-07-08 17:21:19"}
[LISTAR-CARRINHO] {"sessao":"2025-07-08-15:16:54-876","itens":1,"hora":"2025-07-08 17:21:19"}
[LISTAR-ENTRY] {"session_id":"5o4vg8nkvrskllleumb6v3h5tp","sessao_usuario":"2025-07-08-15:16:54-876","hora":"2025-07-08 17:21:20"}
[LISTAR-RESULT] {"sessao":"2025-07-08-15:16:54-876","result":[{"id":299,"sessao":"2025-07-08-15:16:54-876","cliente":0,"produto":101,"quantidade":1,"total_item":"25.00","obs":"","pedido":0,"data":"2025-07-08","id_sabor":null,"categoria":null,"item":null,"variacao":null,"mesa":null,"nome_cliente":null,"nome_produto":"X-BACON COM CARNEIRO","sabores":null,"borda":null,"valor_unitario":"20.000000","status":null,"hora":"17:21:17","foto_produto":"15-01-2024-09-42-39-WhatsApp-Image-2023-12-25-at-19.16.05-(5).jpeg"}],"hora":"2025-07-08 17:21:20"}
[SESSION-LISTAR] {"session_id":"5o4vg8nkvrskllleumb6v3h5tp","sessao_usuario":"2025-07-08-15:16:54-876","hora":"2025-07-08 17:21:20"}
[LISTAR-CARRINHO] {"sessao":"2025-07-08-15:16:54-876","itens":1,"hora":"2025-07-08 17:21:20"}
[LISTAR-ENTRY] {"session_id":"5o4vg8nkvrskllleumb6v3h5tp","sessao_usuario":"2025-07-08-15:16:54-876","hora":"2025-07-08 17:21:20"}
[LISTAR-RESULT] {"sessao":"2025-07-08-15:16:54-876","result":[{"id":299,"sessao":"2025-07-08-15:16:54-876","cliente":0,"produto":101,"quantidade":1,"total_item":"25.00","obs":"","pedido":0,"data":"2025-07-08","id_sabor":null,"categoria":null,"item":null,"variacao":null,"mesa":null,"nome_cliente":null,"nome_produto":"X-BACON COM CARNEIRO","sabores":null,"borda":null,"valor_unitario":"20.000000","status":null,"hora":"17:21:17","foto_produto":"15-01-2024-09-42-39-WhatsApp-Image-2023-12-25-at-19.16.05-(5).jpeg"}],"hora":"2025-07-08 17:21:20"}
[SESSION-LISTAR] {"session_id":"5o4vg8nkvrskllleumb6v3h5tp","sessao_usuario":"2025-07-08-15:16:54-876","hora":"2025-07-08 17:21:20"}
[LISTAR-CARRINHO] {"sessao":"2025-07-08-15:16:54-876","itens":1,"hora":"2025-07-08 17:21:20"}
[LISTAR-ENTRY] {"session_id":"5o4vg8nkvrskllleumb6v3h5tp","sessao_usuario":"2025-07-08-15:16:54-876","hora":"2025-07-08 17:21:43"}
[LISTAR-RESULT] {"sessao":"2025-07-08-15:16:54-876","result":[{"id":299,"sessao":"2025-07-08-15:16:54-876","cliente":0,"produto":101,"quantidade":2,"total_item":"40.00","obs":"","pedido":0,"data":"2025-07-08","id_sabor":null,"categoria":null,"item":null,"variacao":null,"mesa":null,"nome_cliente":null,"nome_produto":"X-BACON COM CARNEIRO","sabores":null,"borda":null,"valor_unitario":"20.000000","status":null,"hora":"17:21:17","foto_produto":"15-01-2024-09-42-39-WhatsApp-Image-2023-12-25-at-19.16.05-(5).jpeg"}],"hora":"2025-07-08 17:21:43"}
[SESSION-LISTAR] {"session_id":"5o4vg8nkvrskllleumb6v3h5tp","sessao_usuario":"2025-07-08-15:16:54-876","hora":"2025-07-08 17:21:43"}
[LISTAR-CARRINHO] {"sessao":"2025-07-08-15:16:54-876","itens":1,"hora":"2025-07-08 17:21:43"}
[LISTAR-ENTRY] {"session_id":"5o4vg8nkvrskllleumb6v3h5tp","sessao_usuario":"2025-07-08-15:16:54-876","hora":"2025-07-08 17:36:13"}
[LISTAR-RESULT] {"sessao":"2025-07-08-15:16:54-876","result":[],"hora":"2025-07-08 17:36:13"}
[LISTAR-ENTRY] {"session_id":"5o4vg8nkvrskllleumb6v3h5tp","sessao_usuario":"2025-07-08-15:16:54-876","hora":"2025-07-08 17:36:49"}
[LISTAR-RESULT] {"sessao":"2025-07-08-15:16:54-876","result":[{"id":300,"sessao":"2025-07-08-15:16:54-876","cliente":0,"produto":34,"quantidade":1,"total_item":"10.00","obs":"","pedido":0,"data":"2025-07-08","id_sabor":null,"categoria":null,"item":null,"variacao":null,"mesa":null,"nome_cliente":null,"nome_produto":"X-BURGUER","sabores":null,"borda":null,"valor_unitario":"8.000000","status":null,"hora":"17:36:49","foto_produto":"23-12-2023-22-51-24-TRADICIONAIS.jpg"}],"hora":"2025-07-08 17:36:49"}
[SESSION-LISTAR] {"session_id":"5o4vg8nkvrskllleumb6v3h5tp","sessao_usuario":"2025-07-08-15:16:54-876","hora":"2025-07-08 17:36:49"}
[LISTAR-CARRINHO] {"sessao":"2025-07-08-15:16:54-876","itens":1,"hora":"2025-07-08 17:36:49"}
[LISTAR-ENTRY] {"session_id":"5o4vg8nkvrskllleumb6v3h5tp","sessao_usuario":"2025-07-08-15:16:54-876","hora":"2025-07-08 17:36:49"}
[LISTAR-RESULT] {"sessao":"2025-07-08-15:16:54-876","result":[{"id":300,"sessao":"2025-07-08-15:16:54-876","cliente":0,"produto":34,"quantidade":1,"total_item":"10.00","obs":"","pedido":0,"data":"2025-07-08","id_sabor":null,"categoria":null,"item":null,"variacao":null,"mesa":null,"nome_cliente":null,"nome_produto":"X-BURGUER","sabores":null,"borda":null,"valor_unitario":"8.000000","status":null,"hora":"17:36:49","foto_produto":"23-12-2023-22-51-24-TRADICIONAIS.jpg"}],"hora":"2025-07-08 17:36:49"}
[SESSION-LISTAR] {"session_id":"5o4vg8nkvrskllleumb6v3h5tp","sessao_usuario":"2025-07-08-15:16:54-876","hora":"2025-07-08 17:36:49"}
[LISTAR-CARRINHO] {"sessao":"2025-07-08-15:16:54-876","itens":1,"hora":"2025-07-08 17:36:49"}
[LISTAR-ENTRY] {"session_id":"5o4vg8nkvrskllleumb6v3h5tp","sessao_usuario":"2025-07-08-15:16:54-876","hora":"2025-07-08 17:36:49"}
[LISTAR-RESULT] {"sessao":"2025-07-08-15:16:54-876","result":[{"id":300,"sessao":"2025-07-08-15:16:54-876","cliente":0,"produto":34,"quantidade":1,"total_item":"10.00","obs":"","pedido":0,"data":"2025-07-08","id_sabor":null,"categoria":null,"item":null,"variacao":null,"mesa":null,"nome_cliente":null,"nome_produto":"X-BURGUER","sabores":null,"borda":null,"valor_unitario":"8.000000","status":null,"hora":"17:36:49","foto_produto":"23-12-2023-22-51-24-TRADICIONAIS.jpg"}],"hora":"2025-07-08 17:36:49"}
[SESSION-LISTAR] {"session_id":"5o4vg8nkvrskllleumb6v3h5tp","sessao_usuario":"2025-07-08-15:16:54-876","hora":"2025-07-08 17:36:49"}
[LISTAR-CARRINHO] {"sessao":"2025-07-08-15:16:54-876","itens":1,"hora":"2025-07-08 17:36:49"}
[LISTAR-ENTRY] {"session_id":"5o4vg8nkvrskllleumb6v3h5tp","sessao_usuario":"2025-07-08-15:16:54-876","hora":"2025-07-08 17:36:54"}
[LISTAR-RESULT] {"sessao":"2025-07-08-15:16:54-876","result":[{"id":300,"sessao":"2025-07-08-15:16:54-876","cliente":0,"produto":34,"quantidade":2,"total_item":"16.00","obs":"","pedido":0,"data":"2025-07-08","id_sabor":null,"categoria":null,"item":null,"variacao":null,"mesa":null,"nome_cliente":null,"nome_produto":"X-BURGUER","sabores":null,"borda":null,"valor_unitario":"8.000000","status":null,"hora":"17:36:49","foto_produto":"23-12-2023-22-51-24-TRADICIONAIS.jpg"}],"hora":"2025-07-08 17:36:54"}
[SESSION-LISTAR] {"session_id":"5o4vg8nkvrskllleumb6v3h5tp","sessao_usuario":"2025-07-08-15:16:54-876","hora":"2025-07-08 17:36:54"}
[LISTAR-CARRINHO] {"sessao":"2025-07-08-15:16:54-876","itens":1,"hora":"2025-07-08 17:36:54"}
[LISTAR-ENTRY] {"session_id":"5o4vg8nkvrskllleumb6v3h5tp","sessao_usuario":"2025-07-08-15:16:54-876","hora":"2025-07-08 17:36:59"}
[LISTAR-RESULT] {"sessao":"2025-07-08-15:16:54-876","result":[{"id":300,"sessao":"2025-07-08-15:16:54-876","cliente":0,"produto":34,"quantidade":3,"total_item":"24.00","obs":"","pedido":0,"data":"2025-07-08","id_sabor":null,"categoria":null,"item":null,"variacao":null,"mesa":null,"nome_cliente":null,"nome_produto":"X-BURGUER","sabores":null,"borda":null,"valor_unitario":"8.000000","status":null,"hora":"17:36:49","foto_produto":"23-12-2023-22-51-24-TRADICIONAIS.jpg"}],"hora":"2025-07-08 17:36:59"}
[SESSION-LISTAR] {"session_id":"5o4vg8nkvrskllleumb6v3h5tp","sessao_usuario":"2025-07-08-15:16:54-876","hora":"2025-07-08 17:36:59"}
[LISTAR-CARRINHO] {"sessao":"2025-07-08-15:16:54-876","itens":1,"hora":"2025-07-08 17:36:59"}
[LISTAR-ENTRY] {"session_id":"5o4vg8nkvrskllleumb6v3h5tp","sessao_usuario":"2025-07-08-15:16:54-876","hora":"2025-07-08 17:51:13"}
[LISTAR-RESULT] {"sessao":"2025-07-08-15:16:54-876","result":[{"id":301,"sessao":"2025-07-08-15:16:54-876","cliente":0,"produto":71,"quantidade":1,"total_item":"25.00","obs":"","pedido":0,"data":"2025-07-08","id_sabor":null,"categoria":null,"item":null,"variacao":null,"mesa":null,"nome_cliente":null,"nome_produto":"X-BURGUER DE FIL\u00c9","sabores":null,"borda":null,"valor_unitario":"15.000000","status":null,"hora":"17:51:13","foto_produto":"24-12-2023-13-59-54-FILE.jpg"}],"hora":"2025-07-08 17:51:13"}
[SESSION-LISTAR] {"session_id":"5o4vg8nkvrskllleumb6v3h5tp","sessao_usuario":"2025-07-08-15:16:54-876","hora":"2025-07-08 17:51:13"}
[LISTAR-CARRINHO] {"sessao":"2025-07-08-15:16:54-876","itens":1,"hora":"2025-07-08 17:51:13"}
[LISTAR-ENTRY] {"session_id":"5o4vg8nkvrskllleumb6v3h5tp","sessao_usuario":"2025-07-08-15:16:54-876","hora":"2025-07-08 17:51:13"}
[LISTAR-RESULT] {"sessao":"2025-07-08-15:16:54-876","result":[{"id":301,"sessao":"2025-07-08-15:16:54-876","cliente":0,"produto":71,"quantidade":1,"total_item":"25.00","obs":"","pedido":0,"data":"2025-07-08","id_sabor":null,"categoria":null,"item":null,"variacao":null,"mesa":null,"nome_cliente":null,"nome_produto":"X-BURGUER DE FIL\u00c9","sabores":null,"borda":null,"valor_unitario":"15.000000","status":null,"hora":"17:51:13","foto_produto":"24-12-2023-13-59-54-FILE.jpg"}],"hora":"2025-07-08 17:51:13"}
[SESSION-LISTAR] {"session_id":"5o4vg8nkvrskllleumb6v3h5tp","sessao_usuario":"2025-07-08-15:16:54-876","hora":"2025-07-08 17:51:13"}
[LISTAR-CARRINHO] {"sessao":"2025-07-08-15:16:54-876","itens":1,"hora":"2025-07-08 17:51:13"}
[LISTAR-ENTRY] {"session_id":"5o4vg8nkvrskllleumb6v3h5tp","sessao_usuario":"2025-07-08-15:16:54-876","hora":"2025-07-08 17:51:13"}
[LISTAR-RESULT] {"sessao":"2025-07-08-15:16:54-876","result":[{"id":301,"sessao":"2025-07-08-15:16:54-876","cliente":0,"produto":71,"quantidade":1,"total_item":"25.00","obs":"","pedido":0,"data":"2025-07-08","id_sabor":null,"categoria":null,"item":null,"variacao":null,"mesa":null,"nome_cliente":null,"nome_produto":"X-BURGUER DE FIL\u00c9","sabores":null,"borda":null,"valor_unitario":"15.000000","status":null,"hora":"17:51:13","foto_produto":"24-12-2023-13-59-54-FILE.jpg"}],"hora":"2025-07-08 17:51:13"}
[SESSION-LISTAR] {"session_id":"5o4vg8nkvrskllleumb6v3h5tp","sessao_usuario":"2025-07-08-15:16:54-876","hora":"2025-07-08 17:51:13"}
[LISTAR-CARRINHO] {"sessao":"2025-07-08-15:16:54-876","itens":1,"hora":"2025-07-08 17:51:13"}
[ADICIONAIS-UPDATE] id_carrinho=301 | adicionais=[{"id":221,"sessao":"2025-07-08-15:16:54-876","tabela":"adicionais","id_item":355,"carrinho":301,"data":null,"categoria":null,"grade":null,"valor_item":null,"quantidade":2,"tipagem":null}] | 2025-07-08 17:53:43
[LISTAR-ENTRY] {"session_id":"5o4vg8nkvrskllleumb6v3h5tp","sessao_usuario":"2025-07-08-15:16:54-876","hora":"2025-07-08 17:53:43"}
[LISTAR-RESULT] {"sessao":"2025-07-08-15:16:54-876","result":[{"id":301,"sessao":"2025-07-08-15:16:54-876","cliente":0,"produto":71,"quantidade":2,"total_item":"30.00","obs":"","pedido":0,"data":"2025-07-08","id_sabor":null,"categoria":null,"item":null,"variacao":null,"mesa":null,"nome_cliente":null,"nome_produto":"X-BURGUER DE FIL\u00c9","sabores":null,"borda":null,"valor_unitario":"15.000000","status":null,"hora":"17:51:13","foto_produto":"24-12-2023-13-59-54-FILE.jpg"}],"hora":"2025-07-08 17:53:43"}
[SESSION-LISTAR] {"session_id":"5o4vg8nkvrskllleumb6v3h5tp","sessao_usuario":"2025-07-08-15:16:54-876","hora":"2025-07-08 17:53:43"}
[LISTAR-CARRINHO] {"sessao":"2025-07-08-15:16:54-876","itens":1,"hora":"2025-07-08 17:53:43"}
[ADICIONAIS-UPDATE] id_carrinho=301 | adicionais=[{"id":221,"sessao":"2025-07-08-15:16:54-876","tabela":"adicionais","id_item":355,"carrinho":301,"data":null,"categoria":null,"grade":null,"valor_item":null,"quantidade":2,"tipagem":null}] | 2025-07-08 17:53:49
[LISTAR-ENTRY] {"session_id":"5o4vg8nkvrskllleumb6v3h5tp","sessao_usuario":"2025-07-08-15:16:54-876","hora":"2025-07-08 17:53:49"}
[LISTAR-RESULT] {"sessao":"2025-07-08-15:16:54-876","result":[{"id":301,"sessao":"2025-07-08-15:16:54-876","cliente":0,"produto":71,"quantidade":3,"total_item":"45.00","obs":"","pedido":0,"data":"2025-07-08","id_sabor":null,"categoria":null,"item":null,"variacao":null,"mesa":null,"nome_cliente":null,"nome_produto":"X-BURGUER DE FIL\u00c9","sabores":null,"borda":null,"valor_unitario":"15.000000","status":null,"hora":"17:51:13","foto_produto":"24-12-2023-13-59-54-FILE.jpg"}],"hora":"2025-07-08 17:53:49"}
[SESSION-LISTAR] {"session_id":"5o4vg8nkvrskllleumb6v3h5tp","sessao_usuario":"2025-07-08-15:16:54-876","hora":"2025-07-08 17:53:49"}
[LISTAR-CARRINHO] {"sessao":"2025-07-08-15:16:54-876","itens":1,"hora":"2025-07-08 17:53:49"}
[LISTAR-ENTRY] {"session_id":"5o4vg8nkvrskllleumb6v3h5tp","sessao_usuario":"2025-07-08-15:16:54-876","hora":"2025-07-08 18:10:43"}
[LISTAR-RESULT] {"sessao":"2025-07-08-15:16:54-876","result":[{"id":301,"sessao":"2025-07-08-15:16:54-876","cliente":0,"produto":71,"quantidade":3,"total_item":"45.00","obs":"","pedido":0,"data":"2025-07-08","id_sabor":null,"categoria":null,"item":null,"variacao":null,"mesa":null,"nome_cliente":null,"nome_produto":"X-BURGUER DE FIL\u00c9","sabores":null,"borda":null,"valor_unitario":"15.000000","status":null,"hora":"17:51:13","foto_produto":"24-12-2023-13-59-54-FILE.jpg"}],"hora":"2025-07-08 18:10:43"}
[SESSION-LISTAR] {"session_id":"5o4vg8nkvrskllleumb6v3h5tp","sessao_usuario":"2025-07-08-15:16:54-876","hora":"2025-07-08 18:10:43"}
[LISTAR-CARRINHO] {"sessao":"2025-07-08-15:16:54-876","itens":1,"hora":"2025-07-08 18:10:43"}
[LISTAR-ENTRY] {"session_id":"5o4vg8nkvrskllleumb6v3h5tp","sessao_usuario":"2025-07-08-15:16:54-876","hora":"2025-07-08 18:10:43"}
[LISTAR-RESULT] {"sessao":"2025-07-08-15:16:54-876","result":[{"id":301,"sessao":"2025-07-08-15:16:54-876","cliente":0,"produto":71,"quantidade":3,"total_item":"45.00","obs":"","pedido":0,"data":"2025-07-08","id_sabor":null,"categoria":null,"item":null,"variacao":null,"mesa":null,"nome_cliente":null,"nome_produto":"X-BURGUER DE FIL\u00c9","sabores":null,"borda":null,"valor_unitario":"15.000000","status":null,"hora":"17:51:13","foto_produto":"24-12-2023-13-59-54-FILE.jpg"}],"hora":"2025-07-08 18:10:43"}
[SESSION-LISTAR] {"session_id":"5o4vg8nkvrskllleumb6v3h5tp","sessao_usuario":"2025-07-08-15:16:54-876","hora":"2025-07-08 18:10:43"}
[LISTAR-CARRINHO] {"sessao":"2025-07-08-15:16:54-876","itens":1,"hora":"2025-07-08 18:10:43"}
[LISTAR-ENTRY] {"session_id":"5o4vg8nkvrskllleumb6v3h5tp","sessao_usuario":"2025-07-08-15:16:54-876","hora":"2025-07-08 18:10:43"}
[LISTAR-RESULT] {"sessao":"2025-07-08-15:16:54-876","result":[{"id":301,"sessao":"2025-07-08-15:16:54-876","cliente":0,"produto":71,"quantidade":3,"total_item":"45.00","obs":"","pedido":0,"data":"2025-07-08","id_sabor":null,"categoria":null,"item":null,"variacao":null,"mesa":null,"nome_cliente":null,"nome_produto":"X-BURGUER DE FIL\u00c9","sabores":null,"borda":null,"valor_unitario":"15.000000","status":null,"hora":"17:51:13","foto_produto":"24-12-2023-13-59-54-FILE.jpg"}],"hora":"2025-07-08 18:10:43"}
[SESSION-LISTAR] {"session_id":"5o4vg8nkvrskllleumb6v3h5tp","sessao_usuario":"2025-07-08-15:16:54-876","hora":"2025-07-08 18:10:43"}
[LISTAR-CARRINHO] {"sessao":"2025-07-08-15:16:54-876","itens":1,"hora":"2025-07-08 18:10:43"}
[LISTAR-ENTRY] {"session_id":"5o4vg8nkvrskllleumb6v3h5tp","sessao_usuario":"2025-07-08-15:16:54-876","hora":"2025-07-08 18:10:49"}
[LISTAR-RESULT] {"sessao":"2025-07-08-15:16:54-876","result":[],"hora":"2025-07-08 18:10:49"}
[LISTAR-ENTRY] {"session_id":"5o4vg8nkvrskllleumb6v3h5tp","sessao_usuario":"2025-07-08-15:16:54-876","hora":"2025-07-08 18:11:00"}
[LISTAR-RESULT] {"sessao":"2025-07-08-15:16:54-876","result":[{"id":302,"sessao":"2025-07-08-15:16:54-876","cliente":0,"produto":216,"quantidade":1,"total_item":"20.00","obs":"","pedido":0,"data":"2025-07-08","id_sabor":null,"categoria":null,"item":null,"variacao":null,"mesa":null,"nome_cliente":null,"nome_produto":"ALASANHADO","sabores":null,"borda":null,"valor_unitario":"18.000000","status":null,"hora":"18:10:59","foto_produto":"15-01-2024-13-53-57-WhatsApp-Image-2024-01-02-at-12.20.06.jpeg"}],"hora":"2025-07-08 18:11:00"}
[SESSION-LISTAR] {"session_id":"5o4vg8nkvrskllleumb6v3h5tp","sessao_usuario":"2025-07-08-15:16:54-876","hora":"2025-07-08 18:11:00"}
[LISTAR-CARRINHO] {"sessao":"2025-07-08-15:16:54-876","itens":1,"hora":"2025-07-08 18:11:00"}
[LISTAR-ENTRY] {"session_id":"5o4vg8nkvrskllleumb6v3h5tp","sessao_usuario":"2025-07-08-15:16:54-876","hora":"2025-07-08 18:11:00"}
[LISTAR-RESULT] {"sessao":"2025-07-08-15:16:54-876","result":[{"id":302,"sessao":"2025-07-08-15:16:54-876","cliente":0,"produto":216,"quantidade":1,"total_item":"20.00","obs":"","pedido":0,"data":"2025-07-08","id_sabor":null,"categoria":null,"item":null,"variacao":null,"mesa":null,"nome_cliente":null,"nome_produto":"ALASANHADO","sabores":null,"borda":null,"valor_unitario":"18.000000","status":null,"hora":"18:10:59","foto_produto":"15-01-2024-13-53-57-WhatsApp-Image-2024-01-02-at-12.20.06.jpeg"}],"hora":"2025-07-08 18:11:00"}
[SESSION-LISTAR] {"session_id":"5o4vg8nkvrskllleumb6v3h5tp","sessao_usuario":"2025-07-08-15:16:54-876","hora":"2025-07-08 18:11:00"}
[LISTAR-CARRINHO] {"sessao":"2025-07-08-15:16:54-876","itens":1,"hora":"2025-07-08 18:11:00"}
[LISTAR-ENTRY] {"session_id":"5o4vg8nkvrskllleumb6v3h5tp","sessao_usuario":"2025-07-08-15:16:54-876","hora":"2025-07-08 18:11:00"}
[LISTAR-RESULT] {"sessao":"2025-07-08-15:16:54-876","result":[{"id":302,"sessao":"2025-07-08-15:16:54-876","cliente":0,"produto":216,"quantidade":1,"total_item":"20.00","obs":"","pedido":0,"data":"2025-07-08","id_sabor":null,"categoria":null,"item":null,"variacao":null,"mesa":null,"nome_cliente":null,"nome_produto":"ALASANHADO","sabores":null,"borda":null,"valor_unitario":"18.000000","status":null,"hora":"18:10:59","foto_produto":"15-01-2024-13-53-57-WhatsApp-Image-2024-01-02-at-12.20.06.jpeg"}],"hora":"2025-07-08 18:11:00"}
[SESSION-LISTAR] {"session_id":"5o4vg8nkvrskllleumb6v3h5tp","sessao_usuario":"2025-07-08-15:16:54-876","hora":"2025-07-08 18:11:00"}
[LISTAR-CARRINHO] {"sessao":"2025-07-08-15:16:54-876","itens":1,"hora":"2025-07-08 18:11:00"}
[LISTAR-ENTRY] {"session_id":"5o4vg8nkvrskllleumb6v3h5tp","sessao_usuario":"2025-07-08-15:16:54-876","hora":"2025-07-08 18:11:08"}
[LISTAR-RESULT] {"sessao":"2025-07-08-15:16:54-876","result":[{"id":302,"sessao":"2025-07-08-15:16:54-876","cliente":0,"produto":216,"quantidade":2,"total_item":"36.00","obs":"","pedido":0,"data":"2025-07-08","id_sabor":null,"categoria":null,"item":null,"variacao":null,"mesa":null,"nome_cliente":null,"nome_produto":"ALASANHADO","sabores":null,"borda":null,"valor_unitario":"18.000000","status":null,"hora":"18:10:59","foto_produto":"15-01-2024-13-53-57-WhatsApp-Image-2024-01-02-at-12.20.06.jpeg"}],"hora":"2025-07-08 18:11:08"}
[SESSION-LISTAR] {"session_id":"5o4vg8nkvrskllleumb6v3h5tp","sessao_usuario":"2025-07-08-15:16:54-876","hora":"2025-07-08 18:11:08"}
[LISTAR-CARRINHO] {"sessao":"2025-07-08-15:16:54-876","itens":1,"hora":"2025-07-08 18:11:08"}
[LISTAR-ENTRY] {"session_id":"5o4vg8nkvrskllleumb6v3h5tp","sessao_usuario":"2025-07-08-15:16:54-876","hora":"2025-07-08 18:15:35"}
[LISTAR-RESULT] {"sessao":"2025-07-08-15:16:54-876","result":[],"hora":"2025-07-08 18:15:35"}
[LISTAR-ENTRY] {"session_id":"5o4vg8nkvrskllleumb6v3h5tp","sessao_usuario":"2025-07-08-15:16:54-876","hora":"2025-07-08 18:40:05"}
[LISTAR-RESULT] {"sessao":"2025-07-08-15:16:54-876","result":[{"id":303,"sessao":"2025-07-08-15:16:54-876","cliente":0,"produto":16,"quantidade":1,"total_item":"20.00","obs":"","pedido":0,"data":"2025-07-08","id_sabor":null,"categoria":null,"item":null,"variacao":null,"mesa":null,"nome_cliente":null,"nome_produto":"MIX DRAG\u00c3O","sabores":null,"borda":null,"valor_unitario":"18.000000","status":null,"hora":"18:40:05","foto_produto":"24-12-2023-14-22-47-ESPECIAL.jpg"}],"hora":"2025-07-08 18:40:05"}
[SESSION-LISTAR] {"session_id":"5o4vg8nkvrskllleumb6v3h5tp","sessao_usuario":"2025-07-08-15:16:54-876","hora":"2025-07-08 18:40:05"}
[LISTAR-CARRINHO] {"sessao":"2025-07-08-15:16:54-876","itens":1,"hora":"2025-07-08 18:40:05"}
[LISTAR-ENTRY] {"session_id":"5o4vg8nkvrskllleumb6v3h5tp","sessao_usuario":"2025-07-08-15:16:54-876","hora":"2025-07-08 18:40:05"}
[LISTAR-RESULT] {"sessao":"2025-07-08-15:16:54-876","result":[{"id":303,"sessao":"2025-07-08-15:16:54-876","cliente":0,"produto":16,"quantidade":1,"total_item":"20.00","obs":"","pedido":0,"data":"2025-07-08","id_sabor":null,"categoria":null,"item":null,"variacao":null,"mesa":null,"nome_cliente":null,"nome_produto":"MIX DRAG\u00c3O","sabores":null,"borda":null,"valor_unitario":"18.000000","status":null,"hora":"18:40:05","foto_produto":"24-12-2023-14-22-47-ESPECIAL.jpg"}],"hora":"2025-07-08 18:40:05"}
[SESSION-LISTAR] {"session_id":"5o4vg8nkvrskllleumb6v3h5tp","sessao_usuario":"2025-07-08-15:16:54-876","hora":"2025-07-08 18:40:05"}
[LISTAR-CARRINHO] {"sessao":"2025-07-08-15:16:54-876","itens":1,"hora":"2025-07-08 18:40:05"}
[LISTAR-ENTRY] {"session_id":"5o4vg8nkvrskllleumb6v3h5tp","sessao_usuario":"2025-07-08-15:16:54-876","hora":"2025-07-08 18:40:05"}
[LISTAR-RESULT] {"sessao":"2025-07-08-15:16:54-876","result":[{"id":303,"sessao":"2025-07-08-15:16:54-876","cliente":0,"produto":16,"quantidade":1,"total_item":"20.00","obs":"","pedido":0,"data":"2025-07-08","id_sabor":null,"categoria":null,"item":null,"variacao":null,"mesa":null,"nome_cliente":null,"nome_produto":"MIX DRAG\u00c3O","sabores":null,"borda":null,"valor_unitario":"18.000000","status":null,"hora":"18:40:05","foto_produto":"24-12-2023-14-22-47-ESPECIAL.jpg"}],"hora":"2025-07-08 18:40:05"}
[SESSION-LISTAR] {"session_id":"5o4vg8nkvrskllleumb6v3h5tp","sessao_usuario":"2025-07-08-15:16:54-876","hora":"2025-07-08 18:40:05"}
[LISTAR-CARRINHO] {"sessao":"2025-07-08-15:16:54-876","itens":1,"hora":"2025-07-08 18:40:05"}
[LISTAR-ENTRY] {"session_id":"5o4vg8nkvrskllleumb6v3h5tp","sessao_usuario":"2025-07-08-15:16:54-876","hora":"2025-07-08 18:40:14"}
[LISTAR-RESULT] {"sessao":"2025-07-08-15:16:54-876","result":[{"id":303,"sessao":"2025-07-08-15:16:54-876","cliente":0,"produto":16,"quantidade":2,"total_item":"40.00","obs":"","pedido":0,"data":"2025-07-08","id_sabor":null,"categoria":null,"item":null,"variacao":null,"mesa":null,"nome_cliente":null,"nome_produto":"MIX DRAG\u00c3O","sabores":null,"borda":null,"valor_unitario":"18.000000","status":null,"hora":"18:40:05","foto_produto":"24-12-2023-14-22-47-ESPECIAL.jpg"}],"hora":"2025-07-08 18:40:14"}
[SESSION-LISTAR] {"session_id":"5o4vg8nkvrskllleumb6v3h5tp","sessao_usuario":"2025-07-08-15:16:54-876","hora":"2025-07-08 18:40:14"}
[LISTAR-CARRINHO] {"sessao":"2025-07-08-15:16:54-876","itens":1,"hora":"2025-07-08 18:40:14"}
[LISTAR-ENTRY] {"session_id":"5o4vg8nkvrskllleumb6v3h5tp","sessao_usuario":"2025-07-08-15:16:54-876","hora":"2025-07-08 18:40:21"}
[LISTAR-RESULT] {"sessao":"2025-07-08-15:16:54-876","result":[{"id":303,"sessao":"2025-07-08-15:16:54-876","cliente":0,"produto":16,"quantidade":3,"total_item":"60.00","obs":"","pedido":0,"data":"2025-07-08","id_sabor":null,"categoria":null,"item":null,"variacao":null,"mesa":null,"nome_cliente":null,"nome_produto":"MIX DRAG\u00c3O","sabores":null,"borda":null,"valor_unitario":"18.000000","status":null,"hora":"18:40:05","foto_produto":"24-12-2023-14-22-47-ESPECIAL.jpg"}],"hora":"2025-07-08 18:40:21"}
[SESSION-LISTAR] {"session_id":"5o4vg8nkvrskllleumb6v3h5tp","sessao_usuario":"2025-07-08-15:16:54-876","hora":"2025-07-08 18:40:21"}
[LISTAR-CARRINHO] {"sessao":"2025-07-08-15:16:54-876","itens":1,"hora":"2025-07-08 18:40:21"}
[LISTAR-ENTRY] {"session_id":"5o4vg8nkvrskllleumb6v3h5tp","sessao_usuario":"2025-07-08-15:16:54-876","hora":"2025-07-08 18:44:34"}
[LISTAR-RESULT] {"sessao":"2025-07-08-15:16:54-876","result":[{"id":304,"sessao":"2025-07-08-15:16:54-876","cliente":0,"produto":101,"quantidade":1,"total_item":"30.00","obs":"","pedido":0,"data":"2025-07-08","id_sabor":null,"categoria":null,"item":null,"variacao":null,"mesa":null,"nome_cliente":null,"nome_produto":"X-BACON COM CARNEIRO","sabores":null,"borda":null,"valor_unitario":"20.000000","status":null,"hora":"18:44:34","foto_produto":"15-01-2024-09-42-39-WhatsApp-Image-2023-12-25-at-19.16.05-(5).jpeg"},{"id":303,"sessao":"2025-07-08-15:16:54-876","cliente":0,"produto":16,"quantidade":3,"total_item":"60.00","obs":"","pedido":0,"data":"2025-07-08","id_sabor":null,"categoria":null,"item":null,"variacao":null,"mesa":null,"nome_cliente":null,"nome_produto":"MIX DRAG\u00c3O","sabores":null,"borda":null,"valor_unitario":"18.000000","status":null,"hora":"18:40:05","foto_produto":"24-12-2023-14-22-47-ESPECIAL.jpg"}],"hora":"2025-07-08 18:44:34"}
[SESSION-LISTAR] {"session_id":"5o4vg8nkvrskllleumb6v3h5tp","sessao_usuario":"2025-07-08-15:16:54-876","hora":"2025-07-08 18:44:34"}
[LISTAR-CARRINHO] {"sessao":"2025-07-08-15:16:54-876","itens":2,"hora":"2025-07-08 18:44:34"}
[LISTAR-ENTRY] {"session_id":"5o4vg8nkvrskllleumb6v3h5tp","sessao_usuario":"2025-07-08-15:16:54-876","hora":"2025-07-08 18:44:34"}
[LISTAR-RESULT] {"sessao":"2025-07-08-15:16:54-876","result":[{"id":304,"sessao":"2025-07-08-15:16:54-876","cliente":0,"produto":101,"quantidade":1,"total_item":"30.00","obs":"","pedido":0,"data":"2025-07-08","id_sabor":null,"categoria":null,"item":null,"variacao":null,"mesa":null,"nome_cliente":null,"nome_produto":"X-BACON COM CARNEIRO","sabores":null,"borda":null,"valor_unitario":"20.000000","status":null,"hora":"18:44:34","foto_produto":"15-01-2024-09-42-39-WhatsApp-Image-2023-12-25-at-19.16.05-(5).jpeg"},{"id":303,"sessao":"2025-07-08-15:16:54-876","cliente":0,"produto":16,"quantidade":3,"total_item":"60.00","obs":"","pedido":0,"data":"2025-07-08","id_sabor":null,"categoria":null,"item":null,"variacao":null,"mesa":null,"nome_cliente":null,"nome_produto":"MIX DRAG\u00c3O","sabores":null,"borda":null,"valor_unitario":"18.000000","status":null,"hora":"18:40:05","foto_produto":"24-12-2023-14-22-47-ESPECIAL.jpg"}],"hora":"2025-07-08 18:44:34"}
[SESSION-LISTAR] {"session_id":"5o4vg8nkvrskllleumb6v3h5tp","sessao_usuario":"2025-07-08-15:16:54-876","hora":"2025-07-08 18:44:34"}
[LISTAR-CARRINHO] {"sessao":"2025-07-08-15:16:54-876","itens":2,"hora":"2025-07-08 18:44:34"}
[LISTAR-ENTRY] {"session_id":"5o4vg8nkvrskllleumb6v3h5tp","sessao_usuario":"2025-07-08-15:16:54-876","hora":"2025-07-08 18:44:34"}
[LISTAR-RESULT] {"sessao":"2025-07-08-15:16:54-876","result":[{"id":304,"sessao":"2025-07-08-15:16:54-876","cliente":0,"produto":101,"quantidade":1,"total_item":"30.00","obs":"","pedido":0,"data":"2025-07-08","id_sabor":null,"categoria":null,"item":null,"variacao":null,"mesa":null,"nome_cliente":null,"nome_produto":"X-BACON COM CARNEIRO","sabores":null,"borda":null,"valor_unitario":"20.000000","status":null,"hora":"18:44:34","foto_produto":"15-01-2024-09-42-39-WhatsApp-Image-2023-12-25-at-19.16.05-(5).jpeg"},{"id":303,"sessao":"2025-07-08-15:16:54-876","cliente":0,"produto":16,"quantidade":3,"total_item":"60.00","obs":"","pedido":0,"data":"2025-07-08","id_sabor":null,"categoria":null,"item":null,"variacao":null,"mesa":null,"nome_cliente":null,"nome_produto":"MIX DRAG\u00c3O","sabores":null,"borda":null,"valor_unitario":"18.000000","status":null,"hora":"18:40:05","foto_produto":"24-12-2023-14-22-47-ESPECIAL.jpg"}],"hora":"2025-07-08 18:44:34"}
[SESSION-LISTAR] {"session_id":"5o4vg8nkvrskllleumb6v3h5tp","sessao_usuario":"2025-07-08-15:16:54-876","hora":"2025-07-08 18:44:34"}
[LISTAR-CARRINHO] {"sessao":"2025-07-08-15:16:54-876","itens":2,"hora":"2025-07-08 18:44:34"}
[LISTAR-ENTRY] {"session_id":"5o4vg8nkvrskllleumb6v3h5tp","sessao_usuario":"2025-07-08-15:16:54-876","hora":"2025-07-08 18:44:53"}
[LISTAR-RESULT] {"sessao":"2025-07-08-15:16:54-876","result":[{"id":304,"sessao":"2025-07-08-15:16:54-876","cliente":0,"produto":101,"quantidade":2,"total_item":"60.00","obs":"","pedido":0,"data":"2025-07-08","id_sabor":null,"categoria":null,"item":null,"variacao":null,"mesa":null,"nome_cliente":null,"nome_produto":"X-BACON COM CARNEIRO","sabores":null,"borda":null,"valor_unitario":"20.000000","status":null,"hora":"18:44:34","foto_produto":"15-01-2024-09-42-39-WhatsApp-Image-2023-12-25-at-19.16.05-(5).jpeg"},{"id":303,"sessao":"2025-07-08-15:16:54-876","cliente":0,"produto":16,"quantidade":3,"total_item":"60.00","obs":"","pedido":0,"data":"2025-07-08","id_sabor":null,"categoria":null,"item":null,"variacao":null,"mesa":null,"nome_cliente":null,"nome_produto":"MIX DRAG\u00c3O","sabores":null,"borda":null,"valor_unitario":"18.000000","status":null,"hora":"18:40:05","foto_produto":"24-12-2023-14-22-47-ESPECIAL.jpg"}],"hora":"2025-07-08 18:44:53"}
[SESSION-LISTAR] {"session_id":"5o4vg8nkvrskllleumb6v3h5tp","sessao_usuario":"2025-07-08-15:16:54-876","hora":"2025-07-08 18:44:53"}
[LISTAR-CARRINHO] {"sessao":"2025-07-08-15:16:54-876","itens":2,"hora":"2025-07-08 18:44:53"}
[LISTAR-ENTRY] {"session_id":"5o4vg8nkvrskllleumb6v3h5tp","sessao_usuario":"2025-07-08-15:16:54-876","hora":"2025-07-08 18:44:56"}
[LISTAR-RESULT] {"sessao":"2025-07-08-15:16:54-876","result":[{"id":304,"sessao":"2025-07-08-15:16:54-876","cliente":0,"produto":101,"quantidade":2,"total_item":"60.00","obs":"","pedido":0,"data":"2025-07-08","id_sabor":null,"categoria":null,"item":null,"variacao":null,"mesa":null,"nome_cliente":null,"nome_produto":"X-BACON COM CARNEIRO","sabores":null,"borda":null,"valor_unitario":"20.000000","status":null,"hora":"18:44:34","foto_produto":"15-01-2024-09-42-39-WhatsApp-Image-2023-12-25-at-19.16.05-(5).jpeg"},{"id":303,"sessao":"2025-07-08-15:16:54-876","cliente":0,"produto":16,"quantidade":4,"total_item":"80.00","obs":"","pedido":0,"data":"2025-07-08","id_sabor":null,"categoria":null,"item":null,"variacao":null,"mesa":null,"nome_cliente":null,"nome_produto":"MIX DRAG\u00c3O","sabores":null,"borda":null,"valor_unitario":"18.000000","status":null,"hora":"18:40:05","foto_produto":"24-12-2023-14-22-47-ESPECIAL.jpg"}],"hora":"2025-07-08 18:44:56"}
[SESSION-LISTAR] {"session_id":"5o4vg8nkvrskllleumb6v3h5tp","sessao_usuario":"2025-07-08-15:16:54-876","hora":"2025-07-08 18:44:56"}
[LISTAR-CARRINHO] {"sessao":"2025-07-08-15:16:54-876","itens":2,"hora":"2025-07-08 18:44:56"}
[LISTAR-ENTRY] {"session_id":"5o4vg8nkvrskllleumb6v3h5tp","sessao_usuario":"2025-07-08-15:16:54-876","hora":"2025-07-08 18:44:57"}
[LISTAR-RESULT] {"sessao":"2025-07-08-15:16:54-876","result":[{"id":304,"sessao":"2025-07-08-15:16:54-876","cliente":0,"produto":101,"quantidade":3,"total_item":"90.00","obs":"","pedido":0,"data":"2025-07-08","id_sabor":null,"categoria":null,"item":null,"variacao":null,"mesa":null,"nome_cliente":null,"nome_produto":"X-BACON COM CARNEIRO","sabores":null,"borda":null,"valor_unitario":"20.000000","status":null,"hora":"18:44:34","foto_produto":"15-01-2024-09-42-39-WhatsApp-Image-2023-12-25-at-19.16.05-(5).jpeg"},{"id":303,"sessao":"2025-07-08-15:16:54-876","cliente":0,"produto":16,"quantidade":4,"total_item":"80.00","obs":"","pedido":0,"data":"2025-07-08","id_sabor":null,"categoria":null,"item":null,"variacao":null,"mesa":null,"nome_cliente":null,"nome_produto":"MIX DRAG\u00c3O","sabores":null,"borda":null,"valor_unitario":"18.000000","status":null,"hora":"18:40:05","foto_produto":"24-12-2023-14-22-47-ESPECIAL.jpg"}],"hora":"2025-07-08 18:44:57"}
[SESSION-LISTAR] {"session_id":"5o4vg8nkvrskllleumb6v3h5tp","sessao_usuario":"2025-07-08-15:16:54-876","hora":"2025-07-08 18:44:57"}
[LISTAR-CARRINHO] {"sessao":"2025-07-08-15:16:54-876","itens":2,"hora":"2025-07-08 18:44:57"}
[LISTAR-ENTRY] {"session_id":"5o4vg8nkvrskllleumb6v3h5tp","sessao_usuario":"2025-07-08-15:16:54-876","hora":"2025-07-08 18:45:17"}
[LISTAR-RESULT] {"sessao":"2025-07-08-15:16:54-876","result":[{"id":304,"sessao":"2025-07-08-15:16:54-876","cliente":0,"produto":101,"quantidade":3,"total_item":"90.00","obs":"","pedido":0,"data":"2025-07-08","id_sabor":null,"categoria":null,"item":null,"variacao":null,"mesa":null,"nome_cliente":null,"nome_produto":"X-BACON COM CARNEIRO","sabores":null,"borda":null,"valor_unitario":"20.000000","status":null,"hora":"18:44:34","foto_produto":"15-01-2024-09-42-39-WhatsApp-Image-2023-12-25-at-19.16.05-(5).jpeg"},{"id":303,"sessao":"2025-07-08-15:16:54-876","cliente":0,"produto":16,"quantidade":4,"total_item":"80.00","obs":"","pedido":0,"data":"2025-07-08","id_sabor":null,"categoria":null,"item":null,"variacao":null,"mesa":null,"nome_cliente":null,"nome_produto":"MIX DRAG\u00c3O","sabores":null,"borda":null,"valor_unitario":"18.000000","status":null,"hora":"18:40:05","foto_produto":"24-12-2023-14-22-47-ESPECIAL.jpg"}],"hora":"2025-07-08 18:45:17"}
[SESSION-LISTAR] {"session_id":"5o4vg8nkvrskllleumb6v3h5tp","sessao_usuario":"2025-07-08-15:16:54-876","hora":"2025-07-08 18:45:17"}
[LISTAR-CARRINHO] {"sessao":"2025-07-08-15:16:54-876","itens":2,"hora":"2025-07-08 18:45:17"}
[LISTAR-ENTRY] {"session_id":"5o4vg8nkvrskllleumb6v3h5tp","sessao_usuario":"2025-07-08-15:16:54-876","hora":"2025-07-08 18:45:17"}
[LISTAR-RESULT] {"sessao":"2025-07-08-15:16:54-876","result":[{"id":304,"sessao":"2025-07-08-15:16:54-876","cliente":0,"produto":101,"quantidade":3,"total_item":"90.00","obs":"","pedido":0,"data":"2025-07-08","id_sabor":null,"categoria":null,"item":null,"variacao":null,"mesa":null,"nome_cliente":null,"nome_produto":"X-BACON COM CARNEIRO","sabores":null,"borda":null,"valor_unitario":"20.000000","status":null,"hora":"18:44:34","foto_produto":"15-01-2024-09-42-39-WhatsApp-Image-2023-12-25-at-19.16.05-(5).jpeg"},{"id":303,"sessao":"2025-07-08-15:16:54-876","cliente":0,"produto":16,"quantidade":4,"total_item":"80.00","obs":"","pedido":0,"data":"2025-07-08","id_sabor":null,"categoria":null,"item":null,"variacao":null,"mesa":null,"nome_cliente":null,"nome_produto":"MIX DRAG\u00c3O","sabores":null,"borda":null,"valor_unitario":"18.000000","status":null,"hora":"18:40:05","foto_produto":"24-12-2023-14-22-47-ESPECIAL.jpg"}],"hora":"2025-07-08 18:45:17"}
[SESSION-LISTAR] {"session_id":"5o4vg8nkvrskllleumb6v3h5tp","sessao_usuario":"2025-07-08-15:16:54-876","hora":"2025-07-08 18:45:17"}
[LISTAR-CARRINHO] {"sessao":"2025-07-08-15:16:54-876","itens":2,"hora":"2025-07-08 18:45:17"}
[LISTAR-ENTRY] {"session_id":"5o4vg8nkvrskllleumb6v3h5tp","sessao_usuario":"2025-07-08-15:16:54-876","hora":"2025-07-08 18:45:17"}
[LISTAR-RESULT] {"sessao":"2025-07-08-15:16:54-876","result":[{"id":304,"sessao":"2025-07-08-15:16:54-876","cliente":0,"produto":101,"quantidade":3,"total_item":"90.00","obs":"","pedido":0,"data":"2025-07-08","id_sabor":null,"categoria":null,"item":null,"variacao":null,"mesa":null,"nome_cliente":null,"nome_produto":"X-BACON COM CARNEIRO","sabores":null,"borda":null,"valor_unitario":"20.000000","status":null,"hora":"18:44:34","foto_produto":"15-01-2024-09-42-39-WhatsApp-Image-2023-12-25-at-19.16.05-(5).jpeg"},{"id":303,"sessao":"2025-07-08-15:16:54-876","cliente":0,"produto":16,"quantidade":4,"total_item":"80.00","obs":"","pedido":0,"data":"2025-07-08","id_sabor":null,"categoria":null,"item":null,"variacao":null,"mesa":null,"nome_cliente":null,"nome_produto":"MIX DRAG\u00c3O","sabores":null,"borda":null,"valor_unitario":"18.000000","status":null,"hora":"18:40:05","foto_produto":"24-12-2023-14-22-47-ESPECIAL.jpg"}],"hora":"2025-07-08 18:45:17"}
[SESSION-LISTAR] {"session_id":"5o4vg8nkvrskllleumb6v3h5tp","sessao_usuario":"2025-07-08-15:16:54-876","hora":"2025-07-08 18:45:17"}
[LISTAR-CARRINHO] {"sessao":"2025-07-08-15:16:54-876","itens":2,"hora":"2025-07-08 18:45:17"}
[LISTAR-ENTRY] {"session_id":"5o4vg8nkvrskllleumb6v3h5tp","sessao_usuario":"2025-07-08-15:16:54-876","hora":"2025-07-08 19:06:15"}
[LISTAR-RESULT] {"sessao":"2025-07-08-15:16:54-876","result":[{"id":304,"sessao":"2025-07-08-15:16:54-876","cliente":0,"produto":101,"quantidade":3,"total_item":"90.00","obs":"","pedido":0,"data":"2025-07-08","id_sabor":null,"categoria":null,"item":null,"variacao":null,"mesa":null,"nome_cliente":null,"nome_produto":"X-BACON COM CARNEIRO","sabores":null,"borda":null,"valor_unitario":"20.000000","status":null,"hora":"18:44:34","foto_produto":"15-01-2024-09-42-39-WhatsApp-Image-2023-12-25-at-19.16.05-(5).jpeg"},{"id":303,"sessao":"2025-07-08-15:16:54-876","cliente":0,"produto":16,"quantidade":4,"total_item":"80.00","obs":"","pedido":0,"data":"2025-07-08","id_sabor":null,"categoria":null,"item":null,"variacao":null,"mesa":null,"nome_cliente":null,"nome_produto":"MIX DRAG\u00c3O","sabores":null,"borda":null,"valor_unitario":"18.000000","status":null,"hora":"18:40:05","foto_produto":"24-12-2023-14-22-47-ESPECIAL.jpg"}],"hora":"2025-07-08 19:06:15"}
[SESSION-LISTAR] {"session_id":"5o4vg8nkvrskllleumb6v3h5tp","sessao_usuario":"2025-07-08-15:16:54-876","hora":"2025-07-08 19:06:15"}
[LISTAR-CARRINHO] {"sessao":"2025-07-08-15:16:54-876","itens":2,"hora":"2025-07-08 19:06:15"}
[LISTAR-ENTRY] {"session_id":"5o4vg8nkvrskllleumb6v3h5tp","sessao_usuario":"2025-07-08-15:16:54-876","hora":"2025-07-08 19:06:15"}
[LISTAR-RESULT] {"sessao":"2025-07-08-15:16:54-876","result":[{"id":304,"sessao":"2025-07-08-15:16:54-876","cliente":0,"produto":101,"quantidade":3,"total_item":"90.00","obs":"","pedido":0,"data":"2025-07-08","id_sabor":null,"categoria":null,"item":null,"variacao":null,"mesa":null,"nome_cliente":null,"nome_produto":"X-BACON COM CARNEIRO","sabores":null,"borda":null,"valor_unitario":"20.000000","status":null,"hora":"18:44:34","foto_produto":"15-01-2024-09-42-39-WhatsApp-Image-2023-12-25-at-19.16.05-(5).jpeg"},{"id":303,"sessao":"2025-07-08-15:16:54-876","cliente":0,"produto":16,"quantidade":4,"total_item":"80.00","obs":"","pedido":0,"data":"2025-07-08","id_sabor":null,"categoria":null,"item":null,"variacao":null,"mesa":null,"nome_cliente":null,"nome_produto":"MIX DRAG\u00c3O","sabores":null,"borda":null,"valor_unitario":"18.000000","status":null,"hora":"18:40:05","foto_produto":"24-12-2023-14-22-47-ESPECIAL.jpg"}],"hora":"2025-07-08 19:06:15"}
[SESSION-LISTAR] {"session_id":"5o4vg8nkvrskllleumb6v3h5tp","sessao_usuario":"2025-07-08-15:16:54-876","hora":"2025-07-08 19:06:15"}
[LISTAR-CARRINHO] {"sessao":"2025-07-08-15:16:54-876","itens":2,"hora":"2025-07-08 19:06:15"}
[LISTAR-ENTRY] {"session_id":"5o4vg8nkvrskllleumb6v3h5tp","sessao_usuario":"2025-07-08-15:16:54-876","hora":"2025-07-08 19:06:15"}
[LISTAR-RESULT] {"sessao":"2025-07-08-15:16:54-876","result":[{"id":304,"sessao":"2025-07-08-15:16:54-876","cliente":0,"produto":101,"quantidade":3,"total_item":"90.00","obs":"","pedido":0,"data":"2025-07-08","id_sabor":null,"categoria":null,"item":null,"variacao":null,"mesa":null,"nome_cliente":null,"nome_produto":"X-BACON COM CARNEIRO","sabores":null,"borda":null,"valor_unitario":"20.000000","status":null,"hora":"18:44:34","foto_produto":"15-01-2024-09-42-39-WhatsApp-Image-2023-12-25-at-19.16.05-(5).jpeg"},{"id":303,"sessao":"2025-07-08-15:16:54-876","cliente":0,"produto":16,"quantidade":4,"total_item":"80.00","obs":"","pedido":0,"data":"2025-07-08","id_sabor":null,"categoria":null,"item":null,"variacao":null,"mesa":null,"nome_cliente":null,"nome_produto":"MIX DRAG\u00c3O","sabores":null,"borda":null,"valor_unitario":"18.000000","status":null,"hora":"18:40:05","foto_produto":"24-12-2023-14-22-47-ESPECIAL.jpg"}],"hora":"2025-07-08 19:06:15"}
[SESSION-LISTAR] {"session_id":"5o4vg8nkvrskllleumb6v3h5tp","sessao_usuario":"2025-07-08-15:16:54-876","hora":"2025-07-08 19:06:15"}
[LISTAR-CARRINHO] {"sessao":"2025-07-08-15:16:54-876","itens":2,"hora":"2025-07-08 19:06:15"}
[LISTAR-ENTRY] {"session_id":"5o4vg8nkvrskllleumb6v3h5tp","sessao_usuario":"2025-07-08-15:16:54-876","hora":"2025-07-08 19:06:18"}
[LISTAR-RESULT] {"sessao":"2025-07-08-15:16:54-876","result":[{"id":304,"sessao":"2025-07-08-15:16:54-876","cliente":0,"produto":101,"quantidade":3,"total_item":"90.00","obs":"","pedido":0,"data":"2025-07-08","id_sabor":null,"categoria":null,"item":null,"variacao":null,"mesa":null,"nome_cliente":null,"nome_produto":"X-BACON COM CARNEIRO","sabores":null,"borda":null,"valor_unitario":"20.000000","status":null,"hora":"18:44:34","foto_produto":"15-01-2024-09-42-39-WhatsApp-Image-2023-12-25-at-19.16.05-(5).jpeg"},{"id":303,"sessao":"2025-07-08-15:16:54-876","cliente":0,"produto":16,"quantidade":4,"total_item":"80.00","obs":"","pedido":0,"data":"2025-07-08","id_sabor":null,"categoria":null,"item":null,"variacao":null,"mesa":null,"nome_cliente":null,"nome_produto":"MIX DRAG\u00c3O","sabores":null,"borda":null,"valor_unitario":"18.000000","status":null,"hora":"18:40:05","foto_produto":"24-12-2023-14-22-47-ESPECIAL.jpg"}],"hora":"2025-07-08 19:06:18"}
[SESSION-LISTAR] {"session_id":"5o4vg8nkvrskllleumb6v3h5tp","sessao_usuario":"2025-07-08-15:16:54-876","hora":"2025-07-08 19:06:18"}
[LISTAR-CARRINHO] {"sessao":"2025-07-08-15:16:54-876","itens":2,"hora":"2025-07-08 19:06:18"}
[LISTAR-ENTRY] {"session_id":"5o4vg8nkvrskllleumb6v3h5tp","sessao_usuario":"2025-07-08-15:16:54-876","hora":"2025-07-08 19:06:18"}
[LISTAR-RESULT] {"sessao":"2025-07-08-15:16:54-876","result":[{"id":304,"sessao":"2025-07-08-15:16:54-876","cliente":0,"produto":101,"quantidade":3,"total_item":"90.00","obs":"","pedido":0,"data":"2025-07-08","id_sabor":null,"categoria":null,"item":null,"variacao":null,"mesa":null,"nome_cliente":null,"nome_produto":"X-BACON COM CARNEIRO","sabores":null,"borda":null,"valor_unitario":"20.000000","status":null,"hora":"18:44:34","foto_produto":"15-01-2024-09-42-39-WhatsApp-Image-2023-12-25-at-19.16.05-(5).jpeg"},{"id":303,"sessao":"2025-07-08-15:16:54-876","cliente":0,"produto":16,"quantidade":4,"total_item":"80.00","obs":"","pedido":0,"data":"2025-07-08","id_sabor":null,"categoria":null,"item":null,"variacao":null,"mesa":null,"nome_cliente":null,"nome_produto":"MIX DRAG\u00c3O","sabores":null,"borda":null,"valor_unitario":"18.000000","status":null,"hora":"18:40:05","foto_produto":"24-12-2023-14-22-47-ESPECIAL.jpg"}],"hora":"2025-07-08 19:06:18"}
[SESSION-LISTAR] {"session_id":"5o4vg8nkvrskllleumb6v3h5tp","sessao_usuario":"2025-07-08-15:16:54-876","hora":"2025-07-08 19:06:18"}
[LISTAR-CARRINHO] {"sessao":"2025-07-08-15:16:54-876","itens":2,"hora":"2025-07-08 19:06:18"}
[LISTAR-ENTRY] {"session_id":"5o4vg8nkvrskllleumb6v3h5tp","sessao_usuario":"2025-07-08-15:16:54-876","hora":"2025-07-08 19:06:18"}
[LISTAR-RESULT] {"sessao":"2025-07-08-15:16:54-876","result":[{"id":304,"sessao":"2025-07-08-15:16:54-876","cliente":0,"produto":101,"quantidade":3,"total_item":"90.00","obs":"","pedido":0,"data":"2025-07-08","id_sabor":null,"categoria":null,"item":null,"variacao":null,"mesa":null,"nome_cliente":null,"nome_produto":"X-BACON COM CARNEIRO","sabores":null,"borda":null,"valor_unitario":"20.000000","status":null,"hora":"18:44:34","foto_produto":"15-01-2024-09-42-39-WhatsApp-Image-2023-12-25-at-19.16.05-(5).jpeg"},{"id":303,"sessao":"2025-07-08-15:16:54-876","cliente":0,"produto":16,"quantidade":4,"total_item":"80.00","obs":"","pedido":0,"data":"2025-07-08","id_sabor":null,"categoria":null,"item":null,"variacao":null,"mesa":null,"nome_cliente":null,"nome_produto":"MIX DRAG\u00c3O","sabores":null,"borda":null,"valor_unitario":"18.000000","status":null,"hora":"18:40:05","foto_produto":"24-12-2023-14-22-47-ESPECIAL.jpg"}],"hora":"2025-07-08 19:06:18"}
[SESSION-LISTAR] {"session_id":"5o4vg8nkvrskllleumb6v3h5tp","sessao_usuario":"2025-07-08-15:16:54-876","hora":"2025-07-08 19:06:18"}
[LISTAR-CARRINHO] {"sessao":"2025-07-08-15:16:54-876","itens":2,"hora":"2025-07-08 19:06:18"}
[LISTAR-ENTRY] {"session_id":"5o4vg8nkvrskllleumb6v3h5tp","sessao_usuario":"2025-07-08-15:16:54-876","hora":"2025-07-08 19:23:34"}
[LISTAR-RESULT] {"sessao":"2025-07-08-15:16:54-876","result":[{"id":304,"sessao":"2025-07-08-15:16:54-876","cliente":0,"produto":101,"quantidade":3,"total_item":"90.00","obs":"","pedido":0,"data":"2025-07-08","id_sabor":null,"categoria":null,"item":null,"variacao":null,"mesa":null,"nome_cliente":null,"nome_produto":"X-BACON COM CARNEIRO","sabores":null,"borda":null,"valor_unitario":"20.000000","status":null,"hora":"18:44:34","foto_produto":"15-01-2024-09-42-39-WhatsApp-Image-2023-12-25-at-19.16.05-(5).jpeg"},{"id":303,"sessao":"2025-07-08-15:16:54-876","cliente":0,"produto":16,"quantidade":4,"total_item":"80.00","obs":"","pedido":0,"data":"2025-07-08","id_sabor":null,"categoria":null,"item":null,"variacao":null,"mesa":null,"nome_cliente":null,"nome_produto":"MIX DRAG\u00c3O","sabores":null,"borda":null,"valor_unitario":"18.000000","status":null,"hora":"18:40:05","foto_produto":"24-12-2023-14-22-47-ESPECIAL.jpg"}],"hora":"2025-07-08 19:23:34"}
[SESSION-LISTAR] {"session_id":"5o4vg8nkvrskllleumb6v3h5tp","sessao_usuario":"2025-07-08-15:16:54-876","hora":"2025-07-08 19:23:34"}
[LISTAR-CARRINHO] {"sessao":"2025-07-08-15:16:54-876","itens":2,"hora":"2025-07-08 19:23:34"}
[LISTAR-ENTRY] {"session_id":"5o4vg8nkvrskllleumb6v3h5tp","sessao_usuario":"2025-07-08-15:16:54-876","hora":"2025-07-08 19:23:34"}
[LISTAR-RESULT] {"sessao":"2025-07-08-15:16:54-876","result":[{"id":304,"sessao":"2025-07-08-15:16:54-876","cliente":0,"produto":101,"quantidade":3,"total_item":"90.00","obs":"","pedido":0,"data":"2025-07-08","id_sabor":null,"categoria":null,"item":null,"variacao":null,"mesa":null,"nome_cliente":null,"nome_produto":"X-BACON COM CARNEIRO","sabores":null,"borda":null,"valor_unitario":"20.000000","status":null,"hora":"18:44:34","foto_produto":"15-01-2024-09-42-39-WhatsApp-Image-2023-12-25-at-19.16.05-(5).jpeg"},{"id":303,"sessao":"2025-07-08-15:16:54-876","cliente":0,"produto":16,"quantidade":4,"total_item":"80.00","obs":"","pedido":0,"data":"2025-07-08","id_sabor":null,"categoria":null,"item":null,"variacao":null,"mesa":null,"nome_cliente":null,"nome_produto":"MIX DRAG\u00c3O","sabores":null,"borda":null,"valor_unitario":"18.000000","status":null,"hora":"18:40:05","foto_produto":"24-12-2023-14-22-47-ESPECIAL.jpg"}],"hora":"2025-07-08 19:23:34"}
[SESSION-LISTAR] {"session_id":"5o4vg8nkvrskllleumb6v3h5tp","sessao_usuario":"2025-07-08-15:16:54-876","hora":"2025-07-08 19:23:34"}
[LISTAR-CARRINHO] {"sessao":"2025-07-08-15:16:54-876","itens":2,"hora":"2025-07-08 19:23:34"}
[LISTAR-ENTRY] {"session_id":"5o4vg8nkvrskllleumb6v3h5tp","sessao_usuario":"2025-07-08-15:16:54-876","hora":"2025-07-08 19:23:34"}
[LISTAR-RESULT] {"sessao":"2025-07-08-15:16:54-876","result":[{"id":304,"sessao":"2025-07-08-15:16:54-876","cliente":0,"produto":101,"quantidade":3,"total_item":"90.00","obs":"","pedido":0,"data":"2025-07-08","id_sabor":null,"categoria":null,"item":null,"variacao":null,"mesa":null,"nome_cliente":null,"nome_produto":"X-BACON COM CARNEIRO","sabores":null,"borda":null,"valor_unitario":"20.000000","status":null,"hora":"18:44:34","foto_produto":"15-01-2024-09-42-39-WhatsApp-Image-2023-12-25-at-19.16.05-(5).jpeg"},{"id":303,"sessao":"2025-07-08-15:16:54-876","cliente":0,"produto":16,"quantidade":4,"total_item":"80.00","obs":"","pedido":0,"data":"2025-07-08","id_sabor":null,"categoria":null,"item":null,"variacao":null,"mesa":null,"nome_cliente":null,"nome_produto":"MIX DRAG\u00c3O","sabores":null,"borda":null,"valor_unitario":"18.000000","status":null,"hora":"18:40:05","foto_produto":"24-12-2023-14-22-47-ESPECIAL.jpg"}],"hora":"2025-07-08 19:23:34"}
[SESSION-LISTAR] {"session_id":"5o4vg8nkvrskllleumb6v3h5tp","sessao_usuario":"2025-07-08-15:16:54-876","hora":"2025-07-08 19:23:34"}
[LISTAR-CARRINHO] {"sessao":"2025-07-08-15:16:54-876","itens":2,"hora":"2025-07-08 19:23:34"}
[LISTAR-ENTRY] {"session_id":"5o4vg8nkvrskllleumb6v3h5tp","sessao_usuario":"2025-07-08-15:16:54-876","hora":"2025-07-08 19:56:13"}
[LISTAR-RESULT] {"sessao":"2025-07-08-15:16:54-876","result":[{"id":304,"sessao":"2025-07-08-15:16:54-876","cliente":0,"produto":101,"quantidade":3,"total_item":"90.00","obs":"","pedido":0,"data":"2025-07-08","id_sabor":null,"categoria":null,"item":null,"variacao":null,"mesa":null,"nome_cliente":null,"nome_produto":"X-BACON COM CARNEIRO","sabores":null,"borda":null,"valor_unitario":"20.000000","status":null,"hora":"18:44:34","foto_produto":"15-01-2024-09-42-39-WhatsApp-Image-2023-12-25-at-19.16.05-(5).jpeg"},{"id":303,"sessao":"2025-07-08-15:16:54-876","cliente":0,"produto":16,"quantidade":4,"total_item":"80.00","obs":"","pedido":0,"data":"2025-07-08","id_sabor":null,"categoria":null,"item":null,"variacao":null,"mesa":null,"nome_cliente":null,"nome_produto":"MIX DRAG\u00c3O","sabores":null,"borda":null,"valor_unitario":"18.000000","status":null,"hora":"18:40:05","foto_produto":"24-12-2023-14-22-47-ESPECIAL.jpg"}],"hora":"2025-07-08 19:56:13"}
[SESSION-LISTAR] {"session_id":"5o4vg8nkvrskllleumb6v3h5tp","sessao_usuario":"2025-07-08-15:16:54-876","hora":"2025-07-08 19:56:13"}
[LISTAR-CARRINHO] {"sessao":"2025-07-08-15:16:54-876","itens":2,"hora":"2025-07-08 19:56:13"}
[LISTAR-ENTRY] {"session_id":"5o4vg8nkvrskllleumb6v3h5tp","sessao_usuario":"2025-07-08-15:16:54-876","hora":"2025-07-08 19:56:13"}
[LISTAR-RESULT] {"sessao":"2025-07-08-15:16:54-876","result":[{"id":304,"sessao":"2025-07-08-15:16:54-876","cliente":0,"produto":101,"quantidade":3,"total_item":"90.00","obs":"","pedido":0,"data":"2025-07-08","id_sabor":null,"categoria":null,"item":null,"variacao":null,"mesa":null,"nome_cliente":null,"nome_produto":"X-BACON COM CARNEIRO","sabores":null,"borda":null,"valor_unitario":"20.000000","status":null,"hora":"18:44:34","foto_produto":"15-01-2024-09-42-39-WhatsApp-Image-2023-12-25-at-19.16.05-(5).jpeg"},{"id":303,"sessao":"2025-07-08-15:16:54-876","cliente":0,"produto":16,"quantidade":4,"total_item":"80.00","obs":"","pedido":0,"data":"2025-07-08","id_sabor":null,"categoria":null,"item":null,"variacao":null,"mesa":null,"nome_cliente":null,"nome_produto":"MIX DRAG\u00c3O","sabores":null,"borda":null,"valor_unitario":"18.000000","status":null,"hora":"18:40:05","foto_produto":"24-12-2023-14-22-47-ESPECIAL.jpg"}],"hora":"2025-07-08 19:56:13"}
[SESSION-LISTAR] {"session_id":"5o4vg8nkvrskllleumb6v3h5tp","sessao_usuario":"2025-07-08-15:16:54-876","hora":"2025-07-08 19:56:13"}
[LISTAR-CARRINHO] {"sessao":"2025-07-08-15:16:54-876","itens":2,"hora":"2025-07-08 19:56:13"}
[LISTAR-ENTRY] {"session_id":"5o4vg8nkvrskllleumb6v3h5tp","sessao_usuario":"2025-07-08-15:16:54-876","hora":"2025-07-08 19:56:13"}
[LISTAR-RESULT] {"sessao":"2025-07-08-15:16:54-876","result":[{"id":304,"sessao":"2025-07-08-15:16:54-876","cliente":0,"produto":101,"quantidade":3,"total_item":"90.00","obs":"","pedido":0,"data":"2025-07-08","id_sabor":null,"categoria":null,"item":null,"variacao":null,"mesa":null,"nome_cliente":null,"nome_produto":"X-BACON COM CARNEIRO","sabores":null,"borda":null,"valor_unitario":"20.000000","status":null,"hora":"18:44:34","foto_produto":"15-01-2024-09-42-39-WhatsApp-Image-2023-12-25-at-19.16.05-(5).jpeg"},{"id":303,"sessao":"2025-07-08-15:16:54-876","cliente":0,"produto":16,"quantidade":4,"total_item":"80.00","obs":"","pedido":0,"data":"2025-07-08","id_sabor":null,"categoria":null,"item":null,"variacao":null,"mesa":null,"nome_cliente":null,"nome_produto":"MIX DRAG\u00c3O","sabores":null,"borda":null,"valor_unitario":"18.000000","status":null,"hora":"18:40:05","foto_produto":"24-12-2023-14-22-47-ESPECIAL.jpg"}],"hora":"2025-07-08 19:56:13"}
[SESSION-LISTAR] {"session_id":"5o4vg8nkvrskllleumb6v3h5tp","sessao_usuario":"2025-07-08-15:16:54-876","hora":"2025-07-08 19:56:13"}
[LISTAR-CARRINHO] {"sessao":"2025-07-08-15:16:54-876","itens":2,"hora":"2025-07-08 19:56:13"}
[LISTAR-ENTRY] {"session_id":"5o4vg8nkvrskllleumb6v3h5tp","sessao_usuario":"2025-07-08-15:16:54-876","hora":"2025-07-08 20:00:15"}
[LISTAR-RESULT] {"sessao":"2025-07-08-15:16:54-876","result":[{"id":304,"sessao":"2025-07-08-15:16:54-876","cliente":0,"produto":101,"quantidade":3,"total_item":"30.00","obs":"","pedido":0,"data":"2025-07-08","id_sabor":null,"categoria":null,"item":null,"variacao":null,"mesa":null,"nome_cliente":null,"nome_produto":"X-BACON COM CARNEIRO","sabores":null,"borda":null,"valor_unitario":"20.000000","status":null,"hora":"18:44:34","foto_produto":"15-01-2024-09-42-39-WhatsApp-Image-2023-12-25-at-19.16.05-(5).jpeg"},{"id":303,"sessao":"2025-07-08-15:16:54-876","cliente":0,"produto":16,"quantidade":4,"total_item":"72.00","obs":"","pedido":0,"data":"2025-07-08","id_sabor":null,"categoria":null,"item":null,"variacao":null,"mesa":null,"nome_cliente":null,"nome_produto":"MIX DRAG\u00c3O","sabores":null,"borda":null,"valor_unitario":"18.000000","status":null,"hora":"18:40:05","foto_produto":"24-12-2023-14-22-47-ESPECIAL.jpg"}],"hora":"2025-07-08 20:00:15"}
[SESSION-LISTAR] {"session_id":"5o4vg8nkvrskllleumb6v3h5tp","sessao_usuario":"2025-07-08-15:16:54-876","hora":"2025-07-08 20:00:15"}
[LISTAR-CARRINHO] {"sessao":"2025-07-08-15:16:54-876","itens":2,"hora":"2025-07-08 20:00:15"}
[LISTAR-ENTRY] {"session_id":"5o4vg8nkvrskllleumb6v3h5tp","sessao_usuario":"2025-07-08-15:16:54-876","hora":"2025-07-08 20:00:15"}
[LISTAR-RESULT] {"sessao":"2025-07-08-15:16:54-876","result":[{"id":304,"sessao":"2025-07-08-15:16:54-876","cliente":0,"produto":101,"quantidade":3,"total_item":"30.00","obs":"","pedido":0,"data":"2025-07-08","id_sabor":null,"categoria":null,"item":null,"variacao":null,"mesa":null,"nome_cliente":null,"nome_produto":"X-BACON COM CARNEIRO","sabores":null,"borda":null,"valor_unitario":"20.000000","status":null,"hora":"18:44:34","foto_produto":"15-01-2024-09-42-39-WhatsApp-Image-2023-12-25-at-19.16.05-(5).jpeg"},{"id":303,"sessao":"2025-07-08-15:16:54-876","cliente":0,"produto":16,"quantidade":4,"total_item":"72.00","obs":"","pedido":0,"data":"2025-07-08","id_sabor":null,"categoria":null,"item":null,"variacao":null,"mesa":null,"nome_cliente":null,"nome_produto":"MIX DRAG\u00c3O","sabores":null,"borda":null,"valor_unitario":"18.000000","status":null,"hora":"18:40:05","foto_produto":"24-12-2023-14-22-47-ESPECIAL.jpg"}],"hora":"2025-07-08 20:00:15"}
[SESSION-LISTAR] {"session_id":"5o4vg8nkvrskllleumb6v3h5tp","sessao_usuario":"2025-07-08-15:16:54-876","hora":"2025-07-08 20:00:15"}
[LISTAR-CARRINHO] {"sessao":"2025-07-08-15:16:54-876","itens":2,"hora":"2025-07-08 20:00:15"}
[LISTAR-ENTRY] {"session_id":"5o4vg8nkvrskllleumb6v3h5tp","sessao_usuario":"2025-07-08-15:16:54-876","hora":"2025-07-08 20:00:15"}
[LISTAR-RESULT] {"sessao":"2025-07-08-15:16:54-876","result":[{"id":304,"sessao":"2025-07-08-15:16:54-876","cliente":0,"produto":101,"quantidade":3,"total_item":"30.00","obs":"","pedido":0,"data":"2025-07-08","id_sabor":null,"categoria":null,"item":null,"variacao":null,"mesa":null,"nome_cliente":null,"nome_produto":"X-BACON COM CARNEIRO","sabores":null,"borda":null,"valor_unitario":"20.000000","status":null,"hora":"18:44:34","foto_produto":"15-01-2024-09-42-39-WhatsApp-Image-2023-12-25-at-19.16.05-(5).jpeg"},{"id":303,"sessao":"2025-07-08-15:16:54-876","cliente":0,"produto":16,"quantidade":4,"total_item":"72.00","obs":"","pedido":0,"data":"2025-07-08","id_sabor":null,"categoria":null,"item":null,"variacao":null,"mesa":null,"nome_cliente":null,"nome_produto":"MIX DRAG\u00c3O","sabores":null,"borda":null,"valor_unitario":"18.000000","status":null,"hora":"18:40:05","foto_produto":"24-12-2023-14-22-47-ESPECIAL.jpg"}],"hora":"2025-07-08 20:00:15"}
[SESSION-LISTAR] {"session_id":"5o4vg8nkvrskllleumb6v3h5tp","sessao_usuario":"2025-07-08-15:16:54-876","hora":"2025-07-08 20:00:15"}
[LISTAR-CARRINHO] {"sessao":"2025-07-08-15:16:54-876","itens":2,"hora":"2025-07-08 20:00:15"}
[LISTAR-ENTRY] {"session_id":"5o4vg8nkvrskllleumb6v3h5tp","sessao_usuario":"2025-07-08-15:16:54-876","hora":"2025-07-08 20:00:24"}
[LISTAR-RESULT] {"sessao":"2025-07-08-15:16:54-876","result":[{"id":303,"sessao":"2025-07-08-15:16:54-876","cliente":0,"produto":16,"quantidade":4,"total_item":"72.00","obs":"","pedido":0,"data":"2025-07-08","id_sabor":null,"categoria":null,"item":null,"variacao":null,"mesa":null,"nome_cliente":null,"nome_produto":"MIX DRAG\u00c3O","sabores":null,"borda":null,"valor_unitario":"18.000000","status":null,"hora":"18:40:05","foto_produto":"24-12-2023-14-22-47-ESPECIAL.jpg"}],"hora":"2025-07-08 20:00:24"}
[SESSION-LISTAR] {"session_id":"5o4vg8nkvrskllleumb6v3h5tp","sessao_usuario":"2025-07-08-15:16:54-876","hora":"2025-07-08 20:00:24"}
[LISTAR-CARRINHO] {"sessao":"2025-07-08-15:16:54-876","itens":1,"hora":"2025-07-08 20:00:24"}
[LISTAR-ENTRY] {"session_id":"5o4vg8nkvrskllleumb6v3h5tp","sessao_usuario":"2025-07-08-15:16:54-876","hora":"2025-07-08 20:00:29"}
[LISTAR-RESULT] {"sessao":"2025-07-08-15:16:54-876","result":[],"hora":"2025-07-08 20:00:29"}
[LISTAR-ENTRY] {"session_id":"5o4vg8nkvrskllleumb6v3h5tp","sessao_usuario":"2025-07-08-15:16:54-876","hora":"2025-07-08 20:01:03"}
[LISTAR-RESULT] {"sessao":"2025-07-08-15:16:54-876","result":[{"id":305,"sessao":"2025-07-08-15:16:54-876","cliente":0,"produto":14,"quantidade":1,"total_item":"30.00","obs":"","pedido":0,"data":"2025-07-08","id_sabor":null,"categoria":null,"item":null,"variacao":null,"mesa":null,"nome_cliente":null,"nome_produto":"DRAG\u00c3O PICANHA","sabores":null,"borda":null,"valor_unitario":"20.000000","status":null,"hora":"20:01:02","foto_produto":"24-12-2023-14-23-40-ESPECIAL.jpg"}],"hora":"2025-07-08 20:01:03"}
[SESSION-LISTAR] {"session_id":"5o4vg8nkvrskllleumb6v3h5tp","sessao_usuario":"2025-07-08-15:16:54-876","hora":"2025-07-08 20:01:03"}
[LISTAR-CARRINHO] {"sessao":"2025-07-08-15:16:54-876","itens":1,"hora":"2025-07-08 20:01:03"}
[LISTAR-ENTRY] {"session_id":"5o4vg8nkvrskllleumb6v3h5tp","sessao_usuario":"2025-07-08-15:16:54-876","hora":"2025-07-08 20:01:03"}
[LISTAR-RESULT] {"sessao":"2025-07-08-15:16:54-876","result":[{"id":305,"sessao":"2025-07-08-15:16:54-876","cliente":0,"produto":14,"quantidade":1,"total_item":"30.00","obs":"","pedido":0,"data":"2025-07-08","id_sabor":null,"categoria":null,"item":null,"variacao":null,"mesa":null,"nome_cliente":null,"nome_produto":"DRAG\u00c3O PICANHA","sabores":null,"borda":null,"valor_unitario":"20.000000","status":null,"hora":"20:01:02","foto_produto":"24-12-2023-14-23-40-ESPECIAL.jpg"}],"hora":"2025-07-08 20:01:03"}
[SESSION-LISTAR] {"session_id":"5o4vg8nkvrskllleumb6v3h5tp","sessao_usuario":"2025-07-08-15:16:54-876","hora":"2025-07-08 20:01:03"}
[LISTAR-CARRINHO] {"sessao":"2025-07-08-15:16:54-876","itens":1,"hora":"2025-07-08 20:01:03"}
[LISTAR-ENTRY] {"session_id":"5o4vg8nkvrskllleumb6v3h5tp","sessao_usuario":"2025-07-08-15:16:54-876","hora":"2025-07-08 20:01:03"}
[LISTAR-RESULT] {"sessao":"2025-07-08-15:16:54-876","result":[{"id":305,"sessao":"2025-07-08-15:16:54-876","cliente":0,"produto":14,"quantidade":1,"total_item":"30.00","obs":"","pedido":0,"data":"2025-07-08","id_sabor":null,"categoria":null,"item":null,"variacao":null,"mesa":null,"nome_cliente":null,"nome_produto":"DRAG\u00c3O PICANHA","sabores":null,"borda":null,"valor_unitario":"20.000000","status":null,"hora":"20:01:02","foto_produto":"24-12-2023-14-23-40-ESPECIAL.jpg"}],"hora":"2025-07-08 20:01:03"}
[SESSION-LISTAR] {"session_id":"5o4vg8nkvrskllleumb6v3h5tp","sessao_usuario":"2025-07-08-15:16:54-876","hora":"2025-07-08 20:01:03"}
[LISTAR-CARRINHO] {"sessao":"2025-07-08-15:16:54-876","itens":1,"hora":"2025-07-08 20:01:03"}
[LISTAR-ENTRY] {"session_id":"5o4vg8nkvrskllleumb6v3h5tp","sessao_usuario":"2025-07-08-15:16:54-876","hora":"2025-07-08 20:01:12"}
[LISTAR-RESULT] {"sessao":"2025-07-08-15:16:54-876","result":[{"id":305,"sessao":"2025-07-08-15:16:54-876","cliente":0,"produto":14,"quantidade":1,"total_item":"25.00","obs":"","pedido":0,"data":"2025-07-08","id_sabor":null,"categoria":null,"item":null,"variacao":null,"mesa":null,"nome_cliente":null,"nome_produto":"DRAG\u00c3O PICANHA","sabores":null,"borda":null,"valor_unitario":"20.000000","status":null,"hora":"20:01:02","foto_produto":"24-12-2023-14-23-40-ESPECIAL.jpg"}],"hora":"2025-07-08 20:01:12"}
[SESSION-LISTAR] {"session_id":"5o4vg8nkvrskllleumb6v3h5tp","sessao_usuario":"2025-07-08-15:16:54-876","hora":"2025-07-08 20:01:12"}
[LISTAR-CARRINHO] {"sessao":"2025-07-08-15:16:54-876","itens":1,"hora":"2025-07-08 20:01:12"}
[LISTAR-ENTRY] {"session_id":"5o4vg8nkvrskllleumb6v3h5tp","sessao_usuario":"2025-07-08-15:16:54-876","hora":"2025-07-08 20:01:34"}
[LISTAR-RESULT] {"sessao":"2025-07-08-15:16:54-876","result":[{"id":305,"sessao":"2025-07-08-15:16:54-876","cliente":0,"produto":14,"quantidade":1,"total_item":"25.00","obs":"","pedido":0,"data":"2025-07-08","id_sabor":null,"categoria":null,"item":null,"variacao":null,"mesa":null,"nome_cliente":null,"nome_produto":"DRAG\u00c3O PICANHA","sabores":null,"borda":null,"valor_unitario":"20.000000","status":null,"hora":"20:01:02","foto_produto":"24-12-2023-14-23-40-ESPECIAL.jpg"}],"hora":"2025-07-08 20:01:34"}
[SESSION-LISTAR] {"session_id":"5o4vg8nkvrskllleumb6v3h5tp","sessao_usuario":"2025-07-08-15:16:54-876","hora":"2025-07-08 20:01:34"}
[LISTAR-CARRINHO] {"sessao":"2025-07-08-15:16:54-876","itens":1,"hora":"2025-07-08 20:01:34"}
[LISTAR-ENTRY] {"session_id":"5o4vg8nkvrskllleumb6v3h5tp","sessao_usuario":"2025-07-08-15:16:54-876","hora":"2025-07-08 20:01:34"}
[LISTAR-RESULT] {"sessao":"2025-07-08-15:16:54-876","result":[{"id":305,"sessao":"2025-07-08-15:16:54-876","cliente":0,"produto":14,"quantidade":1,"total_item":"25.00","obs":"","pedido":0,"data":"2025-07-08","id_sabor":null,"categoria":null,"item":null,"variacao":null,"mesa":null,"nome_cliente":null,"nome_produto":"DRAG\u00c3O PICANHA","sabores":null,"borda":null,"valor_unitario":"20.000000","status":null,"hora":"20:01:02","foto_produto":"24-12-2023-14-23-40-ESPECIAL.jpg"}],"hora":"2025-07-08 20:01:34"}
[SESSION-LISTAR] {"session_id":"5o4vg8nkvrskllleumb6v3h5tp","sessao_usuario":"2025-07-08-15:16:54-876","hora":"2025-07-08 20:01:34"}
[LISTAR-CARRINHO] {"sessao":"2025-07-08-15:16:54-876","itens":1,"hora":"2025-07-08 20:01:34"}
[LISTAR-ENTRY] {"session_id":"5o4vg8nkvrskllleumb6v3h5tp","sessao_usuario":"2025-07-08-15:16:54-876","hora":"2025-07-08 20:01:34"}
[LISTAR-RESULT] {"sessao":"2025-07-08-15:16:54-876","result":[{"id":305,"sessao":"2025-07-08-15:16:54-876","cliente":0,"produto":14,"quantidade":1,"total_item":"25.00","obs":"","pedido":0,"data":"2025-07-08","id_sabor":null,"categoria":null,"item":null,"variacao":null,"mesa":null,"nome_cliente":null,"nome_produto":"DRAG\u00c3O PICANHA","sabores":null,"borda":null,"valor_unitario":"20.000000","status":null,"hora":"20:01:02","foto_produto":"24-12-2023-14-23-40-ESPECIAL.jpg"}],"hora":"2025-07-08 20:01:34"}
[SESSION-LISTAR] {"session_id":"5o4vg8nkvrskllleumb6v3h5tp","sessao_usuario":"2025-07-08-15:16:54-876","hora":"2025-07-08 20:01:34"}
[LISTAR-CARRINHO] {"sessao":"2025-07-08-15:16:54-876","itens":1,"hora":"2025-07-08 20:01:34"}
[LISTAR-ENTRY] {"session_id":"5o4vg8nkvrskllleumb6v3h5tp","sessao_usuario":"2025-07-08-15:16:54-876","hora":"2025-07-08 20:01:37"}
[LISTAR-RESULT] {"sessao":"2025-07-08-15:16:54-876","result":[{"id":305,"sessao":"2025-07-08-15:16:54-876","cliente":0,"produto":14,"quantidade":1,"total_item":"20.00","obs":"","pedido":0,"data":"2025-07-08","id_sabor":null,"categoria":null,"item":null,"variacao":null,"mesa":null,"nome_cliente":null,"nome_produto":"DRAG\u00c3O PICANHA","sabores":null,"borda":null,"valor_unitario":"20.000000","status":null,"hora":"20:01:02","foto_produto":"24-12-2023-14-23-40-ESPECIAL.jpg"}],"hora":"2025-07-08 20:01:37"}
[SESSION-LISTAR] {"session_id":"5o4vg8nkvrskllleumb6v3h5tp","sessao_usuario":"2025-07-08-15:16:54-876","hora":"2025-07-08 20:01:37"}
[LISTAR-CARRINHO] {"sessao":"2025-07-08-15:16:54-876","itens":1,"hora":"2025-07-08 20:01:37"}
[LISTAR-ENTRY] {"session_id":"5o4vg8nkvrskllleumb6v3h5tp","sessao_usuario":"2025-07-08-15:16:54-876","hora":"2025-07-08 20:02:29"}
[LISTAR-RESULT] {"sessao":"2025-07-08-15:16:54-876","result":[{"id":305,"sessao":"2025-07-08-15:16:54-876","cliente":0,"produto":14,"quantidade":1,"total_item":"20.00","obs":"","pedido":0,"data":"2025-07-08","id_sabor":null,"categoria":null,"item":null,"variacao":null,"mesa":null,"nome_cliente":null,"nome_produto":"DRAG\u00c3O PICANHA","sabores":null,"borda":null,"valor_unitario":"20.000000","status":null,"hora":"20:01:02","foto_produto":"24-12-2023-14-23-40-ESPECIAL.jpg"}],"hora":"2025-07-08 20:02:29"}
[SESSION-LISTAR] {"session_id":"5o4vg8nkvrskllleumb6v3h5tp","sessao_usuario":"2025-07-08-15:16:54-876","hora":"2025-07-08 20:02:29"}
[LISTAR-CARRINHO] {"sessao":"2025-07-08-15:16:54-876","itens":1,"hora":"2025-07-08 20:02:29"}
[LISTAR-ENTRY] {"session_id":"5o4vg8nkvrskllleumb6v3h5tp","sessao_usuario":"2025-07-08-15:16:54-876","hora":"2025-07-08 20:02:29"}
[LISTAR-RESULT] {"sessao":"2025-07-08-15:16:54-876","result":[{"id":305,"sessao":"2025-07-08-15:16:54-876","cliente":0,"produto":14,"quantidade":1,"total_item":"20.00","obs":"","pedido":0,"data":"2025-07-08","id_sabor":null,"categoria":null,"item":null,"variacao":null,"mesa":null,"nome_cliente":null,"nome_produto":"DRAG\u00c3O PICANHA","sabores":null,"borda":null,"valor_unitario":"20.000000","status":null,"hora":"20:01:02","foto_produto":"24-12-2023-14-23-40-ESPECIAL.jpg"}],"hora":"2025-07-08 20:02:29"}
[SESSION-LISTAR] {"session_id":"5o4vg8nkvrskllleumb6v3h5tp","sessao_usuario":"2025-07-08-15:16:54-876","hora":"2025-07-08 20:02:29"}
[LISTAR-CARRINHO] {"sessao":"2025-07-08-15:16:54-876","itens":1,"hora":"2025-07-08 20:02:29"}
[LISTAR-ENTRY] {"session_id":"5o4vg8nkvrskllleumb6v3h5tp","sessao_usuario":"2025-07-08-15:16:54-876","hora":"2025-07-08 20:02:29"}
[LISTAR-RESULT] {"sessao":"2025-07-08-15:16:54-876","result":[{"id":305,"sessao":"2025-07-08-15:16:54-876","cliente":0,"produto":14,"quantidade":1,"total_item":"20.00","obs":"","pedido":0,"data":"2025-07-08","id_sabor":null,"categoria":null,"item":null,"variacao":null,"mesa":null,"nome_cliente":null,"nome_produto":"DRAG\u00c3O PICANHA","sabores":null,"borda":null,"valor_unitario":"20.000000","status":null,"hora":"20:01:02","foto_produto":"24-12-2023-14-23-40-ESPECIAL.jpg"}],"hora":"2025-07-08 20:02:29"}
[SESSION-LISTAR] {"session_id":"5o4vg8nkvrskllleumb6v3h5tp","sessao_usuario":"2025-07-08-15:16:54-876","hora":"2025-07-08 20:02:29"}
[LISTAR-CARRINHO] {"sessao":"2025-07-08-15:16:54-876","itens":1,"hora":"2025-07-08 20:02:29"}
[LISTAR-ENTRY] {"session_id":"5o4vg8nkvrskllleumb6v3h5tp","sessao_usuario":"2025-07-08-15:16:54-876","hora":"2025-07-08 20:02:34"}
[LISTAR-RESULT] {"sessao":"2025-07-08-15:16:54-876","result":[{"id":305,"sessao":"2025-07-08-15:16:54-876","cliente":0,"produto":14,"quantidade":1,"total_item":"20.00","obs":"","pedido":0,"data":"2025-07-08","id_sabor":null,"categoria":null,"item":null,"variacao":null,"mesa":null,"nome_cliente":null,"nome_produto":"DRAG\u00c3O PICANHA","sabores":null,"borda":null,"valor_unitario":"20.000000","status":null,"hora":"20:01:02","foto_produto":"24-12-2023-14-23-40-ESPECIAL.jpg"}],"hora":"2025-07-08 20:02:34"}
[SESSION-LISTAR] {"session_id":"5o4vg8nkvrskllleumb6v3h5tp","sessao_usuario":"2025-07-08-15:16:54-876","hora":"2025-07-08 20:02:34"}
[LISTAR-CARRINHO] {"sessao":"2025-07-08-15:16:54-876","itens":1,"hora":"2025-07-08 20:02:34"}
[LISTAR-ENTRY] {"session_id":"5o4vg8nkvrskllleumb6v3h5tp","sessao_usuario":"2025-07-08-15:16:54-876","hora":"2025-07-08 20:02:41"}
[LISTAR-RESULT] {"sessao":"2025-07-08-15:16:54-876","result":[{"id":305,"sessao":"2025-07-08-15:16:54-876","cliente":0,"produto":14,"quantidade":1,"total_item":"20.00","obs":"ola mundo","pedido":0,"data":"2025-07-08","id_sabor":null,"categoria":null,"item":null,"variacao":null,"mesa":null,"nome_cliente":null,"nome_produto":"DRAG\u00c3O PICANHA","sabores":null,"borda":null,"valor_unitario":"20.000000","status":null,"hora":"20:01:02","foto_produto":"24-12-2023-14-23-40-ESPECIAL.jpg"}],"hora":"2025-07-08 20:02:41"}
[SESSION-LISTAR] {"session_id":"5o4vg8nkvrskllleumb6v3h5tp","sessao_usuario":"2025-07-08-15:16:54-876","hora":"2025-07-08 20:02:41"}
[LISTAR-CARRINHO] {"sessao":"2025-07-08-15:16:54-876","itens":1,"hora":"2025-07-08 20:02:41"}
[LISTAR-ENTRY] {"session_id":"5o4vg8nkvrskllleumb6v3h5tp","sessao_usuario":"2025-07-08-15:16:54-876","hora":"2025-07-08 20:02:44"}
[LISTAR-RESULT] {"sessao":"2025-07-08-15:16:54-876","result":[{"id":305,"sessao":"2025-07-08-15:16:54-876","cliente":0,"produto":14,"quantidade":2,"total_item":"40.00","obs":"ola mundo","pedido":0,"data":"2025-07-08","id_sabor":null,"categoria":null,"item":null,"variacao":null,"mesa":null,"nome_cliente":null,"nome_produto":"DRAG\u00c3O PICANHA","sabores":null,"borda":null,"valor_unitario":"20.000000","status":null,"hora":"20:01:02","foto_produto":"24-12-2023-14-23-40-ESPECIAL.jpg"}],"hora":"2025-07-08 20:02:44"}
[SESSION-LISTAR] {"session_id":"5o4vg8nkvrskllleumb6v3h5tp","sessao_usuario":"2025-07-08-15:16:54-876","hora":"2025-07-08 20:02:44"}
[LISTAR-CARRINHO] {"sessao":"2025-07-08-15:16:54-876","itens":1,"hora":"2025-07-08 20:02:44"}
[LISTAR-ENTRY] {"session_id":"5o4vg8nkvrskllleumb6v3h5tp","sessao_usuario":"2025-07-08-15:16:54-876","hora":"2025-07-08 20:02:45"}
[LISTAR-RESULT] {"sessao":"2025-07-08-15:16:54-876","result":[{"id":305,"sessao":"2025-07-08-15:16:54-876","cliente":0,"produto":14,"quantidade":3,"total_item":"60.00","obs":"ola mundo","pedido":0,"data":"2025-07-08","id_sabor":null,"categoria":null,"item":null,"variacao":null,"mesa":null,"nome_cliente":null,"nome_produto":"DRAG\u00c3O PICANHA","sabores":null,"borda":null,"valor_unitario":"20.000000","status":null,"hora":"20:01:02","foto_produto":"24-12-2023-14-23-40-ESPECIAL.jpg"}],"hora":"2025-07-08 20:02:45"}
[SESSION-LISTAR] {"session_id":"5o4vg8nkvrskllleumb6v3h5tp","sessao_usuario":"2025-07-08-15:16:54-876","hora":"2025-07-08 20:02:45"}
[LISTAR-CARRINHO] {"sessao":"2025-07-08-15:16:54-876","itens":1,"hora":"2025-07-08 20:02:45"}
[LISTAR-ENTRY] {"session_id":"5o4vg8nkvrskllleumb6v3h5tp","sessao_usuario":"2025-07-08-15:16:54-876","hora":"2025-07-08 20:03:00"}
[LISTAR-RESULT] {"sessao":"2025-07-08-15:16:54-876","result":[{"id":306,"sessao":"2025-07-08-15:16:54-876","cliente":0,"produto":14,"quantidade":1,"total_item":"35.00","obs":"","pedido":0,"data":"2025-07-08","id_sabor":null,"categoria":null,"item":null,"variacao":null,"mesa":null,"nome_cliente":null,"nome_produto":"DRAG\u00c3O PICANHA","sabores":null,"borda":null,"valor_unitario":"20.000000","status":null,"hora":"20:02:56","foto_produto":"24-12-2023-14-23-40-ESPECIAL.jpg"},{"id":305,"sessao":"2025-07-08-15:16:54-876","cliente":0,"produto":14,"quantidade":3,"total_item":"60.00","obs":"ola mundo","pedido":0,"data":"2025-07-08","id_sabor":null,"categoria":null,"item":null,"variacao":null,"mesa":null,"nome_cliente":null,"nome_produto":"DRAG\u00c3O PICANHA","sabores":null,"borda":null,"valor_unitario":"20.000000","status":null,"hora":"20:01:02","foto_produto":"24-12-2023-14-23-40-ESPECIAL.jpg"}],"hora":"2025-07-08 20:03:00"}
[SESSION-LISTAR] {"session_id":"5o4vg8nkvrskllleumb6v3h5tp","sessao_usuario":"2025-07-08-15:16:54-876","hora":"2025-07-08 20:03:00"}
[LISTAR-CARRINHO] {"sessao":"2025-07-08-15:16:54-876","itens":2,"hora":"2025-07-08 20:03:00"}
[LISTAR-ENTRY] {"session_id":"5o4vg8nkvrskllleumb6v3h5tp","sessao_usuario":"2025-07-08-15:16:54-876","hora":"2025-07-08 20:03:00"}
[LISTAR-RESULT] {"sessao":"2025-07-08-15:16:54-876","result":[{"id":306,"sessao":"2025-07-08-15:16:54-876","cliente":0,"produto":14,"quantidade":1,"total_item":"35.00","obs":"","pedido":0,"data":"2025-07-08","id_sabor":null,"categoria":null,"item":null,"variacao":null,"mesa":null,"nome_cliente":null,"nome_produto":"DRAG\u00c3O PICANHA","sabores":null,"borda":null,"valor_unitario":"20.000000","status":null,"hora":"20:02:56","foto_produto":"24-12-2023-14-23-40-ESPECIAL.jpg"},{"id":305,"sessao":"2025-07-08-15:16:54-876","cliente":0,"produto":14,"quantidade":3,"total_item":"60.00","obs":"ola mundo","pedido":0,"data":"2025-07-08","id_sabor":null,"categoria":null,"item":null,"variacao":null,"mesa":null,"nome_cliente":null,"nome_produto":"DRAG\u00c3O PICANHA","sabores":null,"borda":null,"valor_unitario":"20.000000","status":null,"hora":"20:01:02","foto_produto":"24-12-2023-14-23-40-ESPECIAL.jpg"}],"hora":"2025-07-08 20:03:00"}
[SESSION-LISTAR] {"session_id":"5o4vg8nkvrskllleumb6v3h5tp","sessao_usuario":"2025-07-08-15:16:54-876","hora":"2025-07-08 20:03:00"}
[LISTAR-CARRINHO] {"sessao":"2025-07-08-15:16:54-876","itens":2,"hora":"2025-07-08 20:03:00"}
[LISTAR-ENTRY] {"session_id":"5o4vg8nkvrskllleumb6v3h5tp","sessao_usuario":"2025-07-08-15:16:54-876","hora":"2025-07-08 20:03:00"}
[LISTAR-RESULT] {"sessao":"2025-07-08-15:16:54-876","result":[{"id":306,"sessao":"2025-07-08-15:16:54-876","cliente":0,"produto":14,"quantidade":1,"total_item":"35.00","obs":"","pedido":0,"data":"2025-07-08","id_sabor":null,"categoria":null,"item":null,"variacao":null,"mesa":null,"nome_cliente":null,"nome_produto":"DRAG\u00c3O PICANHA","sabores":null,"borda":null,"valor_unitario":"20.000000","status":null,"hora":"20:02:56","foto_produto":"24-12-2023-14-23-40-ESPECIAL.jpg"},{"id":305,"sessao":"2025-07-08-15:16:54-876","cliente":0,"produto":14,"quantidade":3,"total_item":"60.00","obs":"ola mundo","pedido":0,"data":"2025-07-08","id_sabor":null,"categoria":null,"item":null,"variacao":null,"mesa":null,"nome_cliente":null,"nome_produto":"DRAG\u00c3O PICANHA","sabores":null,"borda":null,"valor_unitario":"20.000000","status":null,"hora":"20:01:02","foto_produto":"24-12-2023-14-23-40-ESPECIAL.jpg"}],"hora":"2025-07-08 20:03:00"}
[SESSION-LISTAR] {"session_id":"5o4vg8nkvrskllleumb6v3h5tp","sessao_usuario":"2025-07-08-15:16:54-876","hora":"2025-07-08 20:03:00"}
[LISTAR-CARRINHO] {"sessao":"2025-07-08-15:16:54-876","itens":2,"hora":"2025-07-08 20:03:00"}
[LISTAR-ENTRY] {"session_id":"5o4vg8nkvrskllleumb6v3h5tp","sessao_usuario":"2025-07-08-15:16:54-876","hora":"2025-07-08 20:03:15"}
[LISTAR-RESULT] {"sessao":"2025-07-08-15:16:54-876","result":[{"id":306,"sessao":"2025-07-08-15:16:54-876","cliente":0,"produto":14,"quantidade":1,"total_item":"35.00","obs":"ola mundo","pedido":0,"data":"2025-07-08","id_sabor":null,"categoria":null,"item":null,"variacao":null,"mesa":null,"nome_cliente":null,"nome_produto":"DRAG\u00c3O PICANHA","sabores":null,"borda":null,"valor_unitario":"20.000000","status":null,"hora":"20:02:56","foto_produto":"24-12-2023-14-23-40-ESPECIAL.jpg"},{"id":305,"sessao":"2025-07-08-15:16:54-876","cliente":0,"produto":14,"quantidade":3,"total_item":"60.00","obs":"ola mundo","pedido":0,"data":"2025-07-08","id_sabor":null,"categoria":null,"item":null,"variacao":null,"mesa":null,"nome_cliente":null,"nome_produto":"DRAG\u00c3O PICANHA","sabores":null,"borda":null,"valor_unitario":"20.000000","status":null,"hora":"20:01:02","foto_produto":"24-12-2023-14-23-40-ESPECIAL.jpg"}],"hora":"2025-07-08 20:03:15"}
[SESSION-LISTAR] {"session_id":"5o4vg8nkvrskllleumb6v3h5tp","sessao_usuario":"2025-07-08-15:16:54-876","hora":"2025-07-08 20:03:15"}
[LISTAR-CARRINHO] {"sessao":"2025-07-08-15:16:54-876","itens":2,"hora":"2025-07-08 20:03:15"}
[LISTAR-ENTRY] {"session_id":"5o4vg8nkvrskllleumb6v3h5tp","sessao_usuario":"2025-07-08-15:16:54-876","hora":"2025-07-08 20:03:22"}
[LISTAR-RESULT] {"sessao":"2025-07-08-15:16:54-876","result":[{"id":306,"sessao":"2025-07-08-15:16:54-876","cliente":0,"produto":14,"quantidade":1,"total_item":"30.00","obs":"ola mundo","pedido":0,"data":"2025-07-08","id_sabor":null,"categoria":null,"item":null,"variacao":null,"mesa":null,"nome_cliente":null,"nome_produto":"DRAG\u00c3O PICANHA","sabores":null,"borda":null,"valor_unitario":"20.000000","status":null,"hora":"20:02:56","foto_produto":"24-12-2023-14-23-40-ESPECIAL.jpg"},{"id":305,"sessao":"2025-07-08-15:16:54-876","cliente":0,"produto":14,"quantidade":3,"total_item":"60.00","obs":"ola mundo","pedido":0,"data":"2025-07-08","id_sabor":null,"categoria":null,"item":null,"variacao":null,"mesa":null,"nome_cliente":null,"nome_produto":"DRAG\u00c3O PICANHA","sabores":null,"borda":null,"valor_unitario":"20.000000","status":null,"hora":"20:01:02","foto_produto":"24-12-2023-14-23-40-ESPECIAL.jpg"}],"hora":"2025-07-08 20:03:22"}
[SESSION-LISTAR] {"session_id":"5o4vg8nkvrskllleumb6v3h5tp","sessao_usuario":"2025-07-08-15:16:54-876","hora":"2025-07-08 20:03:22"}
[LISTAR-CARRINHO] {"sessao":"2025-07-08-15:16:54-876","itens":2,"hora":"2025-07-08 20:03:22"}
[LISTAR-ENTRY] {"session_id":"5o4vg8nkvrskllleumb6v3h5tp","sessao_usuario":"2025-07-08-15:16:54-876","hora":"2025-07-08 20:03:38"}
[LISTAR-RESULT] {"sessao":"2025-07-08-15:16:54-876","result":[{"id":306,"sessao":"2025-07-08-15:16:54-876","cliente":0,"produto":14,"quantidade":1,"total_item":"30.00","obs":"ola mundo","pedido":0,"data":"2025-07-08","id_sabor":null,"categoria":null,"item":null,"variacao":null,"mesa":null,"nome_cliente":null,"nome_produto":"DRAG\u00c3O PICANHA","sabores":null,"borda":null,"valor_unitario":"20.000000","status":null,"hora":"20:02:56","foto_produto":"24-12-2023-14-23-40-ESPECIAL.jpg"},{"id":305,"sessao":"2025-07-08-15:16:54-876","cliente":0,"produto":14,"quantidade":3,"total_item":"60.00","obs":"ola mundo","pedido":0,"data":"2025-07-08","id_sabor":null,"categoria":null,"item":null,"variacao":null,"mesa":null,"nome_cliente":null,"nome_produto":"DRAG\u00c3O PICANHA","sabores":null,"borda":null,"valor_unitario":"20.000000","status":null,"hora":"20:01:02","foto_produto":"24-12-2023-14-23-40-ESPECIAL.jpg"}],"hora":"2025-07-08 20:03:38"}
[SESSION-LISTAR] {"session_id":"5o4vg8nkvrskllleumb6v3h5tp","sessao_usuario":"2025-07-08-15:16:54-876","hora":"2025-07-08 20:03:38"}
[LISTAR-CARRINHO] {"sessao":"2025-07-08-15:16:54-876","itens":2,"hora":"2025-07-08 20:03:38"}
[LISTAR-ENTRY] {"session_id":"5o4vg8nkvrskllleumb6v3h5tp","sessao_usuario":"2025-07-08-15:16:54-876","hora":"2025-07-08 20:03:38"}
[LISTAR-RESULT] {"sessao":"2025-07-08-15:16:54-876","result":[{"id":306,"sessao":"2025-07-08-15:16:54-876","cliente":0,"produto":14,"quantidade":1,"total_item":"30.00","obs":"ola mundo","pedido":0,"data":"2025-07-08","id_sabor":null,"categoria":null,"item":null,"variacao":null,"mesa":null,"nome_cliente":null,"nome_produto":"DRAG\u00c3O PICANHA","sabores":null,"borda":null,"valor_unitario":"20.000000","status":null,"hora":"20:02:56","foto_produto":"24-12-2023-14-23-40-ESPECIAL.jpg"},{"id":305,"sessao":"2025-07-08-15:16:54-876","cliente":0,"produto":14,"quantidade":3,"total_item":"60.00","obs":"ola mundo","pedido":0,"data":"2025-07-08","id_sabor":null,"categoria":null,"item":null,"variacao":null,"mesa":null,"nome_cliente":null,"nome_produto":"DRAG\u00c3O PICANHA","sabores":null,"borda":null,"valor_unitario":"20.000000","status":null,"hora":"20:01:02","foto_produto":"24-12-2023-14-23-40-ESPECIAL.jpg"}],"hora":"2025-07-08 20:03:38"}
[SESSION-LISTAR] {"session_id":"5o4vg8nkvrskllleumb6v3h5tp","sessao_usuario":"2025-07-08-15:16:54-876","hora":"2025-07-08 20:03:38"}
[LISTAR-CARRINHO] {"sessao":"2025-07-08-15:16:54-876","itens":2,"hora":"2025-07-08 20:03:38"}
[LISTAR-ENTRY] {"session_id":"5o4vg8nkvrskllleumb6v3h5tp","sessao_usuario":"2025-07-08-15:16:54-876","hora":"2025-07-08 20:03:38"}
[LISTAR-RESULT] {"sessao":"2025-07-08-15:16:54-876","result":[{"id":306,"sessao":"2025-07-08-15:16:54-876","cliente":0,"produto":14,"quantidade":1,"total_item":"30.00","obs":"ola mundo","pedido":0,"data":"2025-07-08","id_sabor":null,"categoria":null,"item":null,"variacao":null,"mesa":null,"nome_cliente":null,"nome_produto":"DRAG\u00c3O PICANHA","sabores":null,"borda":null,"valor_unitario":"20.000000","status":null,"hora":"20:02:56","foto_produto":"24-12-2023-14-23-40-ESPECIAL.jpg"},{"id":305,"sessao":"2025-07-08-15:16:54-876","cliente":0,"produto":14,"quantidade":3,"total_item":"60.00","obs":"ola mundo","pedido":0,"data":"2025-07-08","id_sabor":null,"categoria":null,"item":null,"variacao":null,"mesa":null,"nome_cliente":null,"nome_produto":"DRAG\u00c3O PICANHA","sabores":null,"borda":null,"valor_unitario":"20.000000","status":null,"hora":"20:01:02","foto_produto":"24-12-2023-14-23-40-ESPECIAL.jpg"}],"hora":"2025-07-08 20:03:38"}
[SESSION-LISTAR] {"session_id":"5o4vg8nkvrskllleumb6v3h5tp","sessao_usuario":"2025-07-08-15:16:54-876","hora":"2025-07-08 20:03:38"}
[LISTAR-CARRINHO] {"sessao":"2025-07-08-15:16:54-876","itens":2,"hora":"2025-07-08 20:03:38"}
[LISTAR-ENTRY] {"session_id":"5o4vg8nkvrskllleumb6v3h5tp","sessao_usuario":"2025-07-08-15:16:54-876","hora":"2025-07-08 20:03:44"}
[LISTAR-RESULT] {"sessao":"2025-07-08-15:16:54-876","result":[{"id":306,"sessao":"2025-07-08-15:16:54-876","cliente":0,"produto":14,"quantidade":1,"total_item":"20.00","obs":"ola mundo","pedido":0,"data":"2025-07-08","id_sabor":null,"categoria":null,"item":null,"variacao":null,"mesa":null,"nome_cliente":null,"nome_produto":"DRAG\u00c3O PICANHA","sabores":null,"borda":null,"valor_unitario":"20.000000","status":null,"hora":"20:02:56","foto_produto":"24-12-2023-14-23-40-ESPECIAL.jpg"},{"id":305,"sessao":"2025-07-08-15:16:54-876","cliente":0,"produto":14,"quantidade":3,"total_item":"60.00","obs":"ola mundo","pedido":0,"data":"2025-07-08","id_sabor":null,"categoria":null,"item":null,"variacao":null,"mesa":null,"nome_cliente":null,"nome_produto":"DRAG\u00c3O PICANHA","sabores":null,"borda":null,"valor_unitario":"20.000000","status":null,"hora":"20:01:02","foto_produto":"24-12-2023-14-23-40-ESPECIAL.jpg"}],"hora":"2025-07-08 20:03:44"}
[SESSION-LISTAR] {"session_id":"5o4vg8nkvrskllleumb6v3h5tp","sessao_usuario":"2025-07-08-15:16:54-876","hora":"2025-07-08 20:03:44"}
[LISTAR-CARRINHO] {"sessao":"2025-07-08-15:16:54-876","itens":2,"hora":"2025-07-08 20:03:44"}
[LISTAR-ENTRY] {"session_id":"5o4vg8nkvrskllleumb6v3h5tp","sessao_usuario":"2025-07-08-15:16:54-876","hora":"2025-07-08 20:03:48"}
[LISTAR-RESULT] {"sessao":"2025-07-08-15:16:54-876","result":[{"id":306,"sessao":"2025-07-08-15:16:54-876","cliente":0,"produto":14,"quantidade":1,"total_item":"20.00","obs":"ola mundo","pedido":0,"data":"2025-07-08","id_sabor":null,"categoria":null,"item":null,"variacao":null,"mesa":null,"nome_cliente":null,"nome_produto":"DRAG\u00c3O PICANHA","sabores":null,"borda":null,"valor_unitario":"20.000000","status":null,"hora":"20:02:56","foto_produto":"24-12-2023-14-23-40-ESPECIAL.jpg"},{"id":305,"sessao":"2025-07-08-15:16:54-876","cliente":0,"produto":14,"quantidade":3,"total_item":"60.00","obs":"ola mundo","pedido":0,"data":"2025-07-08","id_sabor":null,"categoria":null,"item":null,"variacao":null,"mesa":null,"nome_cliente":null,"nome_produto":"DRAG\u00c3O PICANHA","sabores":null,"borda":null,"valor_unitario":"20.000000","status":null,"hora":"20:01:02","foto_produto":"24-12-2023-14-23-40-ESPECIAL.jpg"}],"hora":"2025-07-08 20:03:48"}
[SESSION-LISTAR] {"session_id":"5o4vg8nkvrskllleumb6v3h5tp","sessao_usuario":"2025-07-08-15:16:54-876","hora":"2025-07-08 20:03:48"}
[LISTAR-CARRINHO] {"sessao":"2025-07-08-15:16:54-876","itens":2,"hora":"2025-07-08 20:03:48"}
[LISTAR-ENTRY] {"session_id":"5o4vg8nkvrskllleumb6v3h5tp","sessao_usuario":"2025-07-08-15:16:54-876","hora":"2025-07-08 20:03:48"}
[LISTAR-RESULT] {"sessao":"2025-07-08-15:16:54-876","result":[{"id":306,"sessao":"2025-07-08-15:16:54-876","cliente":0,"produto":14,"quantidade":1,"total_item":"20.00","obs":"ola mundo","pedido":0,"data":"2025-07-08","id_sabor":null,"categoria":null,"item":null,"variacao":null,"mesa":null,"nome_cliente":null,"nome_produto":"DRAG\u00c3O PICANHA","sabores":null,"borda":null,"valor_unitario":"20.000000","status":null,"hora":"20:02:56","foto_produto":"24-12-2023-14-23-40-ESPECIAL.jpg"},{"id":305,"sessao":"2025-07-08-15:16:54-876","cliente":0,"produto":14,"quantidade":3,"total_item":"60.00","obs":"ola mundo","pedido":0,"data":"2025-07-08","id_sabor":null,"categoria":null,"item":null,"variacao":null,"mesa":null,"nome_cliente":null,"nome_produto":"DRAG\u00c3O PICANHA","sabores":null,"borda":null,"valor_unitario":"20.000000","status":null,"hora":"20:01:02","foto_produto":"24-12-2023-14-23-40-ESPECIAL.jpg"}],"hora":"2025-07-08 20:03:48"}
[SESSION-LISTAR] {"session_id":"5o4vg8nkvrskllleumb6v3h5tp","sessao_usuario":"2025-07-08-15:16:54-876","hora":"2025-07-08 20:03:48"}
[LISTAR-CARRINHO] {"sessao":"2025-07-08-15:16:54-876","itens":2,"hora":"2025-07-08 20:03:48"}
[LISTAR-ENTRY] {"session_id":"5o4vg8nkvrskllleumb6v3h5tp","sessao_usuario":"2025-07-08-15:16:54-876","hora":"2025-07-08 20:03:48"}
[LISTAR-RESULT] {"sessao":"2025-07-08-15:16:54-876","result":[{"id":306,"sessao":"2025-07-08-15:16:54-876","cliente":0,"produto":14,"quantidade":1,"total_item":"20.00","obs":"ola mundo","pedido":0,"data":"2025-07-08","id_sabor":null,"categoria":null,"item":null,"variacao":null,"mesa":null,"nome_cliente":null,"nome_produto":"DRAG\u00c3O PICANHA","sabores":null,"borda":null,"valor_unitario":"20.000000","status":null,"hora":"20:02:56","foto_produto":"24-12-2023-14-23-40-ESPECIAL.jpg"},{"id":305,"sessao":"2025-07-08-15:16:54-876","cliente":0,"produto":14,"quantidade":3,"total_item":"60.00","obs":"ola mundo","pedido":0,"data":"2025-07-08","id_sabor":null,"categoria":null,"item":null,"variacao":null,"mesa":null,"nome_cliente":null,"nome_produto":"DRAG\u00c3O PICANHA","sabores":null,"borda":null,"valor_unitario":"20.000000","status":null,"hora":"20:01:02","foto_produto":"24-12-2023-14-23-40-ESPECIAL.jpg"}],"hora":"2025-07-08 20:03:48"}
[SESSION-LISTAR] {"session_id":"5o4vg8nkvrskllleumb6v3h5tp","sessao_usuario":"2025-07-08-15:16:54-876","hora":"2025-07-08 20:03:48"}
[LISTAR-CARRINHO] {"sessao":"2025-07-08-15:16:54-876","itens":2,"hora":"2025-07-08 20:03:48"}
[LISTAR-ENTRY] {"session_id":"5o4vg8nkvrskllleumb6v3h5tp","sessao_usuario":"2025-07-08-15:16:54-876","hora":"2025-07-08 20:03:53"}
[LISTAR-RESULT] {"sessao":"2025-07-08-15:16:54-876","result":[{"id":306,"sessao":"2025-07-08-15:16:54-876","cliente":0,"produto":14,"quantidade":1,"total_item":"20.00","obs":"ola mundo","pedido":0,"data":"2025-07-08","id_sabor":null,"categoria":null,"item":null,"variacao":null,"mesa":null,"nome_cliente":null,"nome_produto":"DRAG\u00c3O PICANHA","sabores":null,"borda":null,"valor_unitario":"20.000000","status":null,"hora":"20:02:56","foto_produto":"24-12-2023-14-23-40-ESPECIAL.jpg"}],"hora":"2025-07-08 20:03:53"}
[SESSION-LISTAR] {"session_id":"5o4vg8nkvrskllleumb6v3h5tp","sessao_usuario":"2025-07-08-15:16:54-876","hora":"2025-07-08 20:03:53"}
[LISTAR-CARRINHO] {"sessao":"2025-07-08-15:16:54-876","itens":1,"hora":"2025-07-08 20:03:53"}
[LISTAR-ENTRY] {"session_id":"5o4vg8nkvrskllleumb6v3h5tp","sessao_usuario":"2025-07-08-15:16:54-876","hora":"2025-07-08 20:03:56"}
[LISTAR-RESULT] {"sessao":"2025-07-08-15:16:54-876","result":[],"hora":"2025-07-08 20:03:56"}
[LISTAR-ENTRY] {"session_id":"5o4vg8nkvrskllleumb6v3h5tp","sessao_usuario":"2025-07-08-15:16:54-876","hora":"2025-07-08 20:04:14"}
[LISTAR-RESULT] {"sessao":"2025-07-08-15:16:54-876","result":[{"id":307,"sessao":"2025-07-08-15:16:54-876","cliente":0,"produto":101,"quantidade":1,"total_item":"35.00","obs":"","pedido":0,"data":"2025-07-08","id_sabor":null,"categoria":null,"item":null,"variacao":null,"mesa":null,"nome_cliente":null,"nome_produto":"X-BACON COM CARNEIRO","sabores":null,"borda":null,"valor_unitario":"20.000000","status":null,"hora":"20:04:14","foto_produto":"15-01-2024-09-42-39-WhatsApp-Image-2023-12-25-at-19.16.05-(5).jpeg"}],"hora":"2025-07-08 20:04:14"}
[SESSION-LISTAR] {"session_id":"5o4vg8nkvrskllleumb6v3h5tp","sessao_usuario":"2025-07-08-15:16:54-876","hora":"2025-07-08 20:04:14"}
[LISTAR-CARRINHO] {"sessao":"2025-07-08-15:16:54-876","itens":1,"hora":"2025-07-08 20:04:14"}
[LISTAR-ENTRY] {"session_id":"5o4vg8nkvrskllleumb6v3h5tp","sessao_usuario":"2025-07-08-15:16:54-876","hora":"2025-07-08 20:04:14"}
[LISTAR-RESULT] {"sessao":"2025-07-08-15:16:54-876","result":[{"id":307,"sessao":"2025-07-08-15:16:54-876","cliente":0,"produto":101,"quantidade":1,"total_item":"35.00","obs":"","pedido":0,"data":"2025-07-08","id_sabor":null,"categoria":null,"item":null,"variacao":null,"mesa":null,"nome_cliente":null,"nome_produto":"X-BACON COM CARNEIRO","sabores":null,"borda":null,"valor_unitario":"20.000000","status":null,"hora":"20:04:14","foto_produto":"15-01-2024-09-42-39-WhatsApp-Image-2023-12-25-at-19.16.05-(5).jpeg"}],"hora":"2025-07-08 20:04:14"}
[SESSION-LISTAR] {"session_id":"5o4vg8nkvrskllleumb6v3h5tp","sessao_usuario":"2025-07-08-15:16:54-876","hora":"2025-07-08 20:04:14"}
[LISTAR-CARRINHO] {"sessao":"2025-07-08-15:16:54-876","itens":1,"hora":"2025-07-08 20:04:14"}
[LISTAR-ENTRY] {"session_id":"5o4vg8nkvrskllleumb6v3h5tp","sessao_usuario":"2025-07-08-15:16:54-876","hora":"2025-07-08 20:04:14"}
[LISTAR-RESULT] {"sessao":"2025-07-08-15:16:54-876","result":[{"id":307,"sessao":"2025-07-08-15:16:54-876","cliente":0,"produto":101,"quantidade":1,"total_item":"35.00","obs":"","pedido":0,"data":"2025-07-08","id_sabor":null,"categoria":null,"item":null,"variacao":null,"mesa":null,"nome_cliente":null,"nome_produto":"X-BACON COM CARNEIRO","sabores":null,"borda":null,"valor_unitario":"20.000000","status":null,"hora":"20:04:14","foto_produto":"15-01-2024-09-42-39-WhatsApp-Image-2023-12-25-at-19.16.05-(5).jpeg"}],"hora":"2025-07-08 20:04:14"}
[SESSION-LISTAR] {"session_id":"5o4vg8nkvrskllleumb6v3h5tp","sessao_usuario":"2025-07-08-15:16:54-876","hora":"2025-07-08 20:04:14"}
[LISTAR-CARRINHO] {"sessao":"2025-07-08-15:16:54-876","itens":1,"hora":"2025-07-08 20:04:14"}
[LISTAR-ENTRY] {"session_id":"5o4vg8nkvrskllleumb6v3h5tp","sessao_usuario":"2025-07-08-15:16:54-876","hora":"2025-07-08 20:04:17"}
[LISTAR-RESULT] {"sessao":"2025-07-08-15:16:54-876","result":[{"id":307,"sessao":"2025-07-08-15:16:54-876","cliente":0,"produto":101,"quantidade":1,"total_item":"30.00","obs":"","pedido":0,"data":"2025-07-08","id_sabor":null,"categoria":null,"item":null,"variacao":null,"mesa":null,"nome_cliente":null,"nome_produto":"X-BACON COM CARNEIRO","sabores":null,"borda":null,"valor_unitario":"20.000000","status":null,"hora":"20:04:14","foto_produto":"15-01-2024-09-42-39-WhatsApp-Image-2023-12-25-at-19.16.05-(5).jpeg"}],"hora":"2025-07-08 20:04:17"}
[SESSION-LISTAR] {"session_id":"5o4vg8nkvrskllleumb6v3h5tp","sessao_usuario":"2025-07-08-15:16:54-876","hora":"2025-07-08 20:04:17"}
[LISTAR-CARRINHO] {"sessao":"2025-07-08-15:16:54-876","itens":1,"hora":"2025-07-08 20:04:17"}
[LISTAR-ENTRY] {"session_id":"5o4vg8nkvrskllleumb6v3h5tp","sessao_usuario":"2025-07-08-15:16:54-876","hora":"2025-07-08 20:08:16"}
[LISTAR-RESULT] {"sessao":"2025-07-08-15:16:54-876","result":[{"id":307,"sessao":"2025-07-08-15:16:54-876","cliente":0,"produto":101,"quantidade":1,"total_item":"30.00","obs":"","pedido":0,"data":"2025-07-08","id_sabor":null,"categoria":null,"item":null,"variacao":null,"mesa":null,"nome_cliente":null,"nome_produto":"X-BACON COM CARNEIRO","sabores":null,"borda":null,"valor_unitario":"20.000000","status":null,"hora":"20:04:14","foto_produto":"15-01-2024-09-42-39-WhatsApp-Image-2023-12-25-at-19.16.05-(5).jpeg"}],"hora":"2025-07-08 20:08:16"}
[SESSION-LISTAR] {"session_id":"5o4vg8nkvrskllleumb6v3h5tp","sessao_usuario":"2025-07-08-15:16:54-876","hora":"2025-07-08 20:08:16"}
[LISTAR-CARRINHO] {"sessao":"2025-07-08-15:16:54-876","itens":1,"hora":"2025-07-08 20:08:16"}
[LISTAR-ENTRY] {"session_id":"5o4vg8nkvrskllleumb6v3h5tp","sessao_usuario":"2025-07-08-15:16:54-876","hora":"2025-07-08 20:08:16"}
[LISTAR-RESULT] {"sessao":"2025-07-08-15:16:54-876","result":[{"id":307,"sessao":"2025-07-08-15:16:54-876","cliente":0,"produto":101,"quantidade":1,"total_item":"30.00","obs":"","pedido":0,"data":"2025-07-08","id_sabor":null,"categoria":null,"item":null,"variacao":null,"mesa":null,"nome_cliente":null,"nome_produto":"X-BACON COM CARNEIRO","sabores":null,"borda":null,"valor_unitario":"20.000000","status":null,"hora":"20:04:14","foto_produto":"15-01-2024-09-42-39-WhatsApp-Image-2023-12-25-at-19.16.05-(5).jpeg"}],"hora":"2025-07-08 20:08:16"}
[SESSION-LISTAR] {"session_id":"5o4vg8nkvrskllleumb6v3h5tp","sessao_usuario":"2025-07-08-15:16:54-876","hora":"2025-07-08 20:08:16"}
[LISTAR-CARRINHO] {"sessao":"2025-07-08-15:16:54-876","itens":1,"hora":"2025-07-08 20:08:16"}
[LISTAR-ENTRY] {"session_id":"5o4vg8nkvrskllleumb6v3h5tp","sessao_usuario":"2025-07-08-15:16:54-876","hora":"2025-07-08 20:08:16"}
[LISTAR-RESULT] {"sessao":"2025-07-08-15:16:54-876","result":[{"id":307,"sessao":"2025-07-08-15:16:54-876","cliente":0,"produto":101,"quantidade":1,"total_item":"30.00","obs":"","pedido":0,"data":"2025-07-08","id_sabor":null,"categoria":null,"item":null,"variacao":null,"mesa":null,"nome_cliente":null,"nome_produto":"X-BACON COM CARNEIRO","sabores":null,"borda":null,"valor_unitario":"20.000000","status":null,"hora":"20:04:14","foto_produto":"15-01-2024-09-42-39-WhatsApp-Image-2023-12-25-at-19.16.05-(5).jpeg"}],"hora":"2025-07-08 20:08:16"}
[SESSION-LISTAR] {"session_id":"5o4vg8nkvrskllleumb6v3h5tp","sessao_usuario":"2025-07-08-15:16:54-876","hora":"2025-07-08 20:08:16"}
[LISTAR-CARRINHO] {"sessao":"2025-07-08-15:16:54-876","itens":1,"hora":"2025-07-08 20:08:16"}
[LISTAR-ENTRY] {"session_id":"5o4vg8nkvrskllleumb6v3h5tp","sessao_usuario":"2025-07-08-15:16:54-876","hora":"2025-07-08 20:08:26"}
[LISTAR-RESULT] {"sessao":"2025-07-08-15:16:54-876","result":[{"id":307,"sessao":"2025-07-08-15:16:54-876","cliente":0,"produto":101,"quantidade":1,"total_item":"20.00","obs":"","pedido":0,"data":"2025-07-08","id_sabor":null,"categoria":null,"item":null,"variacao":null,"mesa":null,"nome_cliente":null,"nome_produto":"X-BACON COM CARNEIRO","sabores":null,"borda":null,"valor_unitario":"20.000000","status":null,"hora":"20:04:14","foto_produto":"15-01-2024-09-42-39-WhatsApp-Image-2023-12-25-at-19.16.05-(5).jpeg"}],"hora":"2025-07-08 20:08:26"}
[SESSION-LISTAR] {"session_id":"5o4vg8nkvrskllleumb6v3h5tp","sessao_usuario":"2025-07-08-15:16:54-876","hora":"2025-07-08 20:08:26"}
[LISTAR-CARRINHO] {"sessao":"2025-07-08-15:16:54-876","itens":1,"hora":"2025-07-08 20:08:26"}
[LISTAR-ENTRY] {"session_id":"5o4vg8nkvrskllleumb6v3h5tp","sessao_usuario":"2025-07-08-15:16:54-876","hora":"2025-07-08 20:08:43"}
[LISTAR-RESULT] {"sessao":"2025-07-08-15:16:54-876","result":[{"id":307,"sessao":"2025-07-08-15:16:54-876","cliente":0,"produto":101,"quantidade":1,"total_item":"20.00","obs":"","pedido":0,"data":"2025-07-08","id_sabor":null,"categoria":null,"item":null,"variacao":null,"mesa":null,"nome_cliente":null,"nome_produto":"X-BACON COM CARNEIRO","sabores":null,"borda":null,"valor_unitario":"20.000000","status":null,"hora":"20:04:14","foto_produto":"15-01-2024-09-42-39-WhatsApp-Image-2023-12-25-at-19.16.05-(5).jpeg"}],"hora":"2025-07-08 20:08:43"}
[SESSION-LISTAR] {"session_id":"5o4vg8nkvrskllleumb6v3h5tp","sessao_usuario":"2025-07-08-15:16:54-876","hora":"2025-07-08 20:08:43"}
[LISTAR-CARRINHO] {"sessao":"2025-07-08-15:16:54-876","itens":1,"hora":"2025-07-08 20:08:43"}
[LISTAR-ENTRY] {"session_id":"5o4vg8nkvrskllleumb6v3h5tp","sessao_usuario":"2025-07-08-15:16:54-876","hora":"2025-07-08 20:08:43"}
[LISTAR-RESULT] {"sessao":"2025-07-08-15:16:54-876","result":[{"id":307,"sessao":"2025-07-08-15:16:54-876","cliente":0,"produto":101,"quantidade":1,"total_item":"20.00","obs":"","pedido":0,"data":"2025-07-08","id_sabor":null,"categoria":null,"item":null,"variacao":null,"mesa":null,"nome_cliente":null,"nome_produto":"X-BACON COM CARNEIRO","sabores":null,"borda":null,"valor_unitario":"20.000000","status":null,"hora":"20:04:14","foto_produto":"15-01-2024-09-42-39-WhatsApp-Image-2023-12-25-at-19.16.05-(5).jpeg"}],"hora":"2025-07-08 20:08:43"}
[SESSION-LISTAR] {"session_id":"5o4vg8nkvrskllleumb6v3h5tp","sessao_usuario":"2025-07-08-15:16:54-876","hora":"2025-07-08 20:08:43"}
[LISTAR-CARRINHO] {"sessao":"2025-07-08-15:16:54-876","itens":1,"hora":"2025-07-08 20:08:43"}
[LISTAR-ENTRY] {"session_id":"5o4vg8nkvrskllleumb6v3h5tp","sessao_usuario":"2025-07-08-15:16:54-876","hora":"2025-07-08 20:08:43"}
[LISTAR-RESULT] {"sessao":"2025-07-08-15:16:54-876","result":[{"id":307,"sessao":"2025-07-08-15:16:54-876","cliente":0,"produto":101,"quantidade":1,"total_item":"20.00","obs":"","pedido":0,"data":"2025-07-08","id_sabor":null,"categoria":null,"item":null,"variacao":null,"mesa":null,"nome_cliente":null,"nome_produto":"X-BACON COM CARNEIRO","sabores":null,"borda":null,"valor_unitario":"20.000000","status":null,"hora":"20:04:14","foto_produto":"15-01-2024-09-42-39-WhatsApp-Image-2023-12-25-at-19.16.05-(5).jpeg"}],"hora":"2025-07-08 20:08:43"}
[SESSION-LISTAR] {"session_id":"5o4vg8nkvrskllleumb6v3h5tp","sessao_usuario":"2025-07-08-15:16:54-876","hora":"2025-07-08 20:08:43"}
[LISTAR-CARRINHO] {"sessao":"2025-07-08-15:16:54-876","itens":1,"hora":"2025-07-08 20:08:43"}
[LISTAR-ENTRY] {"session_id":"5o4vg8nkvrskllleumb6v3h5tp","sessao_usuario":"2025-07-08-15:16:54-876","hora":"2025-07-08 20:08:48"}
[LISTAR-RESULT] {"sessao":"2025-07-08-15:16:54-876","result":[],"hora":"2025-07-08 20:08:48"}
[LISTAR-ENTRY] {"session_id":"5o4vg8nkvrskllleumb6v3h5tp","sessao_usuario":"2025-07-08-15:16:54-876","hora":"2025-07-08 20:09:03"}
[LISTAR-RESULT] {"sessao":"2025-07-08-15:16:54-876","result":[{"id":308,"sessao":"2025-07-08-15:16:54-876","cliente":0,"produto":103,"quantidade":1,"total_item":"25.00","obs":"","pedido":0,"data":"2025-07-08","id_sabor":null,"categoria":null,"item":null,"variacao":null,"mesa":null,"nome_cliente":null,"nome_produto":"HAMB\u00daRGUERR DE PICANHA COM CARNEIRO","sabores":null,"borda":null,"valor_unitario":"15.000000","status":null,"hora":"20:09:03","foto_produto":"15-01-2024-09-45-02-WhatsApp-Image-2023-12-25-at-19.16.05-(5).jpeg"}],"hora":"2025-07-08 20:09:03"}
[SESSION-LISTAR] {"session_id":"5o4vg8nkvrskllleumb6v3h5tp","sessao_usuario":"2025-07-08-15:16:54-876","hora":"2025-07-08 20:09:03"}
[LISTAR-CARRINHO] {"sessao":"2025-07-08-15:16:54-876","itens":1,"hora":"2025-07-08 20:09:03"}
[LISTAR-ENTRY] {"session_id":"5o4vg8nkvrskllleumb6v3h5tp","sessao_usuario":"2025-07-08-15:16:54-876","hora":"2025-07-08 20:09:03"}
[LISTAR-RESULT] {"sessao":"2025-07-08-15:16:54-876","result":[{"id":308,"sessao":"2025-07-08-15:16:54-876","cliente":0,"produto":103,"quantidade":1,"total_item":"25.00","obs":"","pedido":0,"data":"2025-07-08","id_sabor":null,"categoria":null,"item":null,"variacao":null,"mesa":null,"nome_cliente":null,"nome_produto":"HAMB\u00daRGUERR DE PICANHA COM CARNEIRO","sabores":null,"borda":null,"valor_unitario":"15.000000","status":null,"hora":"20:09:03","foto_produto":"15-01-2024-09-45-02-WhatsApp-Image-2023-12-25-at-19.16.05-(5).jpeg"}],"hora":"2025-07-08 20:09:03"}
[SESSION-LISTAR] {"session_id":"5o4vg8nkvrskllleumb6v3h5tp","sessao_usuario":"2025-07-08-15:16:54-876","hora":"2025-07-08 20:09:03"}
[LISTAR-CARRINHO] {"sessao":"2025-07-08-15:16:54-876","itens":1,"hora":"2025-07-08 20:09:03"}
[LISTAR-ENTRY] {"session_id":"5o4vg8nkvrskllleumb6v3h5tp","sessao_usuario":"2025-07-08-15:16:54-876","hora":"2025-07-08 20:09:03"}
[LISTAR-RESULT] {"sessao":"2025-07-08-15:16:54-876","result":[{"id":308,"sessao":"2025-07-08-15:16:54-876","cliente":0,"produto":103,"quantidade":1,"total_item":"25.00","obs":"","pedido":0,"data":"2025-07-08","id_sabor":null,"categoria":null,"item":null,"variacao":null,"mesa":null,"nome_cliente":null,"nome_produto":"HAMB\u00daRGUERR DE PICANHA COM CARNEIRO","sabores":null,"borda":null,"valor_unitario":"15.000000","status":null,"hora":"20:09:03","foto_produto":"15-01-2024-09-45-02-WhatsApp-Image-2023-12-25-at-19.16.05-(5).jpeg"}],"hora":"2025-07-08 20:09:03"}
[SESSION-LISTAR] {"session_id":"5o4vg8nkvrskllleumb6v3h5tp","sessao_usuario":"2025-07-08-15:16:54-876","hora":"2025-07-08 20:09:03"}
[LISTAR-CARRINHO] {"sessao":"2025-07-08-15:16:54-876","itens":1,"hora":"2025-07-08 20:09:03"}
[LISTAR-ENTRY] {"session_id":"5o4vg8nkvrskllleumb6v3h5tp","sessao_usuario":"2025-07-08-15:16:54-876","hora":"2025-07-08 20:09:10"}
[LISTAR-RESULT] {"sessao":"2025-07-08-15:16:54-876","result":[{"id":308,"sessao":"2025-07-08-15:16:54-876","cliente":0,"produto":103,"quantidade":1,"total_item":"20.00","obs":"","pedido":0,"data":"2025-07-08","id_sabor":null,"categoria":null,"item":null,"variacao":null,"mesa":null,"nome_cliente":null,"nome_produto":"HAMB\u00daRGUERR DE PICANHA COM CARNEIRO","sabores":null,"borda":null,"valor_unitario":"15.000000","status":null,"hora":"20:09:03","foto_produto":"15-01-2024-09-45-02-WhatsApp-Image-2023-12-25-at-19.16.05-(5).jpeg"}],"hora":"2025-07-08 20:09:10"}
[SESSION-LISTAR] {"session_id":"5o4vg8nkvrskllleumb6v3h5tp","sessao_usuario":"2025-07-08-15:16:54-876","hora":"2025-07-08 20:09:10"}
[LISTAR-CARRINHO] {"sessao":"2025-07-08-15:16:54-876","itens":1,"hora":"2025-07-08 20:09:10"}
[LISTAR-ENTRY] {"session_id":"5o4vg8nkvrskllleumb6v3h5tp","sessao_usuario":"2025-07-08-15:16:54-876","hora":"2025-07-08 20:11:59"}
[LISTAR-RESULT] {"sessao":"2025-07-08-15:16:54-876","result":[{"id":308,"sessao":"2025-07-08-15:16:54-876","cliente":0,"produto":103,"quantidade":1,"total_item":"20.00","obs":"","pedido":0,"data":"2025-07-08","id_sabor":null,"categoria":null,"item":null,"variacao":null,"mesa":null,"nome_cliente":null,"nome_produto":"HAMB\u00daRGUERR DE PICANHA COM CARNEIRO","sabores":null,"borda":null,"valor_unitario":"15.000000","status":null,"hora":"20:09:03","foto_produto":"15-01-2024-09-45-02-WhatsApp-Image-2023-12-25-at-19.16.05-(5).jpeg"}],"hora":"2025-07-08 20:11:59"}
[SESSION-LISTAR] {"session_id":"5o4vg8nkvrskllleumb6v3h5tp","sessao_usuario":"2025-07-08-15:16:54-876","hora":"2025-07-08 20:11:59"}
[LISTAR-CARRINHO] {"sessao":"2025-07-08-15:16:54-876","itens":1,"hora":"2025-07-08 20:11:59"}
[LISTAR-ENTRY] {"session_id":"5o4vg8nkvrskllleumb6v3h5tp","sessao_usuario":"2025-07-08-15:16:54-876","hora":"2025-07-08 20:11:59"}
[LISTAR-RESULT] {"sessao":"2025-07-08-15:16:54-876","result":[{"id":308,"sessao":"2025-07-08-15:16:54-876","cliente":0,"produto":103,"quantidade":1,"total_item":"20.00","obs":"","pedido":0,"data":"2025-07-08","id_sabor":null,"categoria":null,"item":null,"variacao":null,"mesa":null,"nome_cliente":null,"nome_produto":"HAMB\u00daRGUERR DE PICANHA COM CARNEIRO","sabores":null,"borda":null,"valor_unitario":"15.000000","status":null,"hora":"20:09:03","foto_produto":"15-01-2024-09-45-02-WhatsApp-Image-2023-12-25-at-19.16.05-(5).jpeg"}],"hora":"2025-07-08 20:11:59"}
[SESSION-LISTAR] {"session_id":"5o4vg8nkvrskllleumb6v3h5tp","sessao_usuario":"2025-07-08-15:16:54-876","hora":"2025-07-08 20:11:59"}
[LISTAR-CARRINHO] {"sessao":"2025-07-08-15:16:54-876","itens":1,"hora":"2025-07-08 20:11:59"}
[LISTAR-ENTRY] {"session_id":"5o4vg8nkvrskllleumb6v3h5tp","sessao_usuario":"2025-07-08-15:16:54-876","hora":"2025-07-08 20:12:00"}
[LISTAR-RESULT] {"sessao":"2025-07-08-15:16:54-876","result":[{"id":308,"sessao":"2025-07-08-15:16:54-876","cliente":0,"produto":103,"quantidade":1,"total_item":"20.00","obs":"","pedido":0,"data":"2025-07-08","id_sabor":null,"categoria":null,"item":null,"variacao":null,"mesa":null,"nome_cliente":null,"nome_produto":"HAMB\u00daRGUERR DE PICANHA COM CARNEIRO","sabores":null,"borda":null,"valor_unitario":"15.000000","status":null,"hora":"20:09:03","foto_produto":"15-01-2024-09-45-02-WhatsApp-Image-2023-12-25-at-19.16.05-(5).jpeg"}],"hora":"2025-07-08 20:12:00"}
[SESSION-LISTAR] {"session_id":"5o4vg8nkvrskllleumb6v3h5tp","sessao_usuario":"2025-07-08-15:16:54-876","hora":"2025-07-08 20:12:00"}
[LISTAR-CARRINHO] {"sessao":"2025-07-08-15:16:54-876","itens":1,"hora":"2025-07-08 20:12:00"}
[LISTAR-ENTRY] {"session_id":"5o4vg8nkvrskllleumb6v3h5tp","sessao_usuario":"2025-07-08-15:16:54-876","hora":"2025-07-08 20:12:05"}
[LISTAR-RESULT] {"sessao":"2025-07-08-15:16:54-876","result":[{"id":308,"sessao":"2025-07-08-15:16:54-876","cliente":0,"produto":103,"quantidade":1,"total_item":"15.00","obs":"","pedido":0,"data":"2025-07-08","id_sabor":null,"categoria":null,"item":null,"variacao":null,"mesa":null,"nome_cliente":null,"nome_produto":"HAMB\u00daRGUERR DE PICANHA COM CARNEIRO","sabores":null,"borda":null,"valor_unitario":"15.000000","status":null,"hora":"20:09:03","foto_produto":"15-01-2024-09-45-02-WhatsApp-Image-2023-12-25-at-19.16.05-(5).jpeg"}],"hora":"2025-07-08 20:12:05"}
[SESSION-LISTAR] {"session_id":"5o4vg8nkvrskllleumb6v3h5tp","sessao_usuario":"2025-07-08-15:16:54-876","hora":"2025-07-08 20:12:05"}
[LISTAR-CARRINHO] {"sessao":"2025-07-08-15:16:54-876","itens":1,"hora":"2025-07-08 20:12:05"}
[LISTAR-ENTRY] {"session_id":"5o4vg8nkvrskllleumb6v3h5tp","sessao_usuario":"2025-07-08-15:16:54-876","hora":"2025-07-08 20:12:20"}
[LISTAR-RESULT] {"sessao":"2025-07-08-15:16:54-876","result":[{"id":308,"sessao":"2025-07-08-15:16:54-876","cliente":0,"produto":103,"quantidade":1,"total_item":"15.00","obs":"","pedido":0,"data":"2025-07-08","id_sabor":null,"categoria":null,"item":null,"variacao":null,"mesa":null,"nome_cliente":null,"nome_produto":"HAMB\u00daRGUERR DE PICANHA COM CARNEIRO","sabores":null,"borda":null,"valor_unitario":"15.000000","status":null,"hora":"20:09:03","foto_produto":"15-01-2024-09-45-02-WhatsApp-Image-2023-12-25-at-19.16.05-(5).jpeg"}],"hora":"2025-07-08 20:12:20"}
[SESSION-LISTAR] {"session_id":"5o4vg8nkvrskllleumb6v3h5tp","sessao_usuario":"2025-07-08-15:16:54-876","hora":"2025-07-08 20:12:20"}
[LISTAR-CARRINHO] {"sessao":"2025-07-08-15:16:54-876","itens":1,"hora":"2025-07-08 20:12:20"}
[LISTAR-ENTRY] {"session_id":"5o4vg8nkvrskllleumb6v3h5tp","sessao_usuario":"2025-07-08-15:16:54-876","hora":"2025-07-08 20:12:20"}
[LISTAR-RESULT] {"sessao":"2025-07-08-15:16:54-876","result":[{"id":308,"sessao":"2025-07-08-15:16:54-876","cliente":0,"produto":103,"quantidade":1,"total_item":"15.00","obs":"","pedido":0,"data":"2025-07-08","id_sabor":null,"categoria":null,"item":null,"variacao":null,"mesa":null,"nome_cliente":null,"nome_produto":"HAMB\u00daRGUERR DE PICANHA COM CARNEIRO","sabores":null,"borda":null,"valor_unitario":"15.000000","status":null,"hora":"20:09:03","foto_produto":"15-01-2024-09-45-02-WhatsApp-Image-2023-12-25-at-19.16.05-(5).jpeg"}],"hora":"2025-07-08 20:12:20"}
[SESSION-LISTAR] {"session_id":"5o4vg8nkvrskllleumb6v3h5tp","sessao_usuario":"2025-07-08-15:16:54-876","hora":"2025-07-08 20:12:20"}
[LISTAR-CARRINHO] {"sessao":"2025-07-08-15:16:54-876","itens":1,"hora":"2025-07-08 20:12:20"}
[LISTAR-ENTRY] {"session_id":"5o4vg8nkvrskllleumb6v3h5tp","sessao_usuario":"2025-07-08-15:16:54-876","hora":"2025-07-08 20:12:20"}
[LISTAR-RESULT] {"sessao":"2025-07-08-15:16:54-876","result":[{"id":308,"sessao":"2025-07-08-15:16:54-876","cliente":0,"produto":103,"quantidade":1,"total_item":"15.00","obs":"","pedido":0,"data":"2025-07-08","id_sabor":null,"categoria":null,"item":null,"variacao":null,"mesa":null,"nome_cliente":null,"nome_produto":"HAMB\u00daRGUERR DE PICANHA COM CARNEIRO","sabores":null,"borda":null,"valor_unitario":"15.000000","status":null,"hora":"20:09:03","foto_produto":"15-01-2024-09-45-02-WhatsApp-Image-2023-12-25-at-19.16.05-(5).jpeg"}],"hora":"2025-07-08 20:12:20"}
[SESSION-LISTAR] {"session_id":"5o4vg8nkvrskllleumb6v3h5tp","sessao_usuario":"2025-07-08-15:16:54-876","hora":"2025-07-08 20:12:20"}
[LISTAR-CARRINHO] {"sessao":"2025-07-08-15:16:54-876","itens":1,"hora":"2025-07-08 20:12:20"}
[LISTAR-ENTRY] {"session_id":"5o4vg8nkvrskllleumb6v3h5tp","sessao_usuario":"2025-07-08-15:16:54-876","hora":"2025-07-08 20:12:24"}
[LISTAR-RESULT] {"sessao":"2025-07-08-15:16:54-876","result":[],"hora":"2025-07-08 20:12:24"}
[LISTAR-ENTRY] {"session_id":"5o4vg8nkvrskllleumb6v3h5tp","sessao_usuario":"2025-07-08-15:16:54-876","hora":"2025-07-08 20:12:52"}
[LISTAR-RESULT] {"sessao":"2025-07-08-15:16:54-876","result":[{"id":309,"sessao":"2025-07-08-15:16:54-876","cliente":0,"produto":17,"quantidade":1,"total_item":"35.00","obs":"","pedido":0,"data":"2025-07-08","id_sabor":null,"categoria":null,"item":null,"variacao":null,"mesa":null,"nome_cliente":null,"nome_produto":"DRAG\u00c3O BACON","sabores":null,"borda":null,"valor_unitario":"20.000000","status":null,"hora":"20:12:52","foto_produto":"24-12-2023-14-22-10-ESPECIAL.jpg"}],"hora":"2025-07-08 20:12:52"}
[SESSION-LISTAR] {"session_id":"5o4vg8nkvrskllleumb6v3h5tp","sessao_usuario":"2025-07-08-15:16:54-876","hora":"2025-07-08 20:12:52"}
[LISTAR-CARRINHO] {"sessao":"2025-07-08-15:16:54-876","itens":1,"hora":"2025-07-08 20:12:52"}
[LISTAR-ENTRY] {"session_id":"5o4vg8nkvrskllleumb6v3h5tp","sessao_usuario":"2025-07-08-15:16:54-876","hora":"2025-07-08 20:12:52"}
[LISTAR-RESULT] {"sessao":"2025-07-08-15:16:54-876","result":[{"id":309,"sessao":"2025-07-08-15:16:54-876","cliente":0,"produto":17,"quantidade":1,"total_item":"35.00","obs":"","pedido":0,"data":"2025-07-08","id_sabor":null,"categoria":null,"item":null,"variacao":null,"mesa":null,"nome_cliente":null,"nome_produto":"DRAG\u00c3O BACON","sabores":null,"borda":null,"valor_unitario":"20.000000","status":null,"hora":"20:12:52","foto_produto":"24-12-2023-14-22-10-ESPECIAL.jpg"}],"hora":"2025-07-08 20:12:52"}
[SESSION-LISTAR] {"session_id":"5o4vg8nkvrskllleumb6v3h5tp","sessao_usuario":"2025-07-08-15:16:54-876","hora":"2025-07-08 20:12:52"}
[LISTAR-CARRINHO] {"sessao":"2025-07-08-15:16:54-876","itens":1,"hora":"2025-07-08 20:12:52"}
[LISTAR-ENTRY] {"session_id":"5o4vg8nkvrskllleumb6v3h5tp","sessao_usuario":"2025-07-08-15:16:54-876","hora":"2025-07-08 20:12:52"}
[LISTAR-RESULT] {"sessao":"2025-07-08-15:16:54-876","result":[{"id":309,"sessao":"2025-07-08-15:16:54-876","cliente":0,"produto":17,"quantidade":1,"total_item":"35.00","obs":"","pedido":0,"data":"2025-07-08","id_sabor":null,"categoria":null,"item":null,"variacao":null,"mesa":null,"nome_cliente":null,"nome_produto":"DRAG\u00c3O BACON","sabores":null,"borda":null,"valor_unitario":"20.000000","status":null,"hora":"20:12:52","foto_produto":"24-12-2023-14-22-10-ESPECIAL.jpg"}],"hora":"2025-07-08 20:12:52"}
[SESSION-LISTAR] {"session_id":"5o4vg8nkvrskllleumb6v3h5tp","sessao_usuario":"2025-07-08-15:16:54-876","hora":"2025-07-08 20:12:52"}
[LISTAR-CARRINHO] {"sessao":"2025-07-08-15:16:54-876","itens":1,"hora":"2025-07-08 20:12:52"}
[LISTAR-ENTRY] {"session_id":"5o4vg8nkvrskllleumb6v3h5tp","sessao_usuario":"2025-07-08-15:16:54-876","hora":"2025-07-08 20:12:56"}
[LISTAR-RESULT] {"sessao":"2025-07-08-15:16:54-876","result":[{"id":309,"sessao":"2025-07-08-15:16:54-876","cliente":0,"produto":17,"quantidade":1,"total_item":"25.00","obs":"","pedido":0,"data":"2025-07-08","id_sabor":null,"categoria":null,"item":null,"variacao":null,"mesa":null,"nome_cliente":null,"nome_produto":"DRAG\u00c3O BACON","sabores":null,"borda":null,"valor_unitario":"20.000000","status":null,"hora":"20:12:52","foto_produto":"24-12-2023-14-22-10-ESPECIAL.jpg"}],"hora":"2025-07-08 20:12:56"}
[SESSION-LISTAR] {"session_id":"5o4vg8nkvrskllleumb6v3h5tp","sessao_usuario":"2025-07-08-15:16:54-876","hora":"2025-07-08 20:12:56"}
[LISTAR-CARRINHO] {"sessao":"2025-07-08-15:16:54-876","itens":1,"hora":"2025-07-08 20:12:56"}
[LISTAR-ENTRY] {"session_id":"5o4vg8nkvrskllleumb6v3h5tp","sessao_usuario":"2025-07-08-15:16:54-876","hora":"2025-07-08 20:16:12"}
[LISTAR-RESULT] {"sessao":"2025-07-08-15:16:54-876","result":[{"id":309,"sessao":"2025-07-08-15:16:54-876","cliente":0,"produto":17,"quantidade":1,"total_item":"25.00","obs":"","pedido":0,"data":"2025-07-08","id_sabor":null,"categoria":null,"item":null,"variacao":null,"mesa":null,"nome_cliente":null,"nome_produto":"DRAG\u00c3O BACON","sabores":null,"borda":null,"valor_unitario":"20.000000","status":null,"hora":"20:12:52","foto_produto":"24-12-2023-14-22-10-ESPECIAL.jpg"}],"hora":"2025-07-08 20:16:12"}
[SESSION-LISTAR] {"session_id":"5o4vg8nkvrskllleumb6v3h5tp","sessao_usuario":"2025-07-08-15:16:54-876","hora":"2025-07-08 20:16:12"}
[LISTAR-CARRINHO] {"sessao":"2025-07-08-15:16:54-876","itens":1,"hora":"2025-07-08 20:16:12"}
[LISTAR-ENTRY] {"session_id":"5o4vg8nkvrskllleumb6v3h5tp","sessao_usuario":"2025-07-08-15:16:54-876","hora":"2025-07-08 20:16:12"}
[LISTAR-RESULT] {"sessao":"2025-07-08-15:16:54-876","result":[{"id":309,"sessao":"2025-07-08-15:16:54-876","cliente":0,"produto":17,"quantidade":1,"total_item":"25.00","obs":"","pedido":0,"data":"2025-07-08","id_sabor":null,"categoria":null,"item":null,"variacao":null,"mesa":null,"nome_cliente":null,"nome_produto":"DRAG\u00c3O BACON","sabores":null,"borda":null,"valor_unitario":"20.000000","status":null,"hora":"20:12:52","foto_produto":"24-12-2023-14-22-10-ESPECIAL.jpg"}],"hora":"2025-07-08 20:16:12"}
[SESSION-LISTAR] {"session_id":"5o4vg8nkvrskllleumb6v3h5tp","sessao_usuario":"2025-07-08-15:16:54-876","hora":"2025-07-08 20:16:12"}
[LISTAR-CARRINHO] {"sessao":"2025-07-08-15:16:54-876","itens":1,"hora":"2025-07-08 20:16:12"}
[LISTAR-ENTRY] {"session_id":"5o4vg8nkvrskllleumb6v3h5tp","sessao_usuario":"2025-07-08-15:16:54-876","hora":"2025-07-08 20:16:12"}
[LISTAR-RESULT] {"sessao":"2025-07-08-15:16:54-876","result":[{"id":309,"sessao":"2025-07-08-15:16:54-876","cliente":0,"produto":17,"quantidade":1,"total_item":"25.00","obs":"","pedido":0,"data":"2025-07-08","id_sabor":null,"categoria":null,"item":null,"variacao":null,"mesa":null,"nome_cliente":null,"nome_produto":"DRAG\u00c3O BACON","sabores":null,"borda":null,"valor_unitario":"20.000000","status":null,"hora":"20:12:52","foto_produto":"24-12-2023-14-22-10-ESPECIAL.jpg"}],"hora":"2025-07-08 20:16:12"}
[SESSION-LISTAR] {"session_id":"5o4vg8nkvrskllleumb6v3h5tp","sessao_usuario":"2025-07-08-15:16:54-876","hora":"2025-07-08 20:16:12"}
[LISTAR-CARRINHO] {"sessao":"2025-07-08-15:16:54-876","itens":1,"hora":"2025-07-08 20:16:12"}
[LISTAR-ENTRY] {"session_id":"5o4vg8nkvrskllleumb6v3h5tp","sessao_usuario":"2025-07-08-15:16:54-876","hora":"2025-07-08 20:16:16"}
[LISTAR-RESULT] {"sessao":"2025-07-08-15:16:54-876","result":[{"id":309,"sessao":"2025-07-08-15:16:54-876","cliente":0,"produto":17,"quantidade":1,"total_item":"20.00","obs":"","pedido":0,"data":"2025-07-08","id_sabor":null,"categoria":null,"item":null,"variacao":null,"mesa":null,"nome_cliente":null,"nome_produto":"DRAG\u00c3O BACON","sabores":null,"borda":null,"valor_unitario":"20.000000","status":null,"hora":"20:12:52","foto_produto":"24-12-2023-14-22-10-ESPECIAL.jpg"}],"hora":"2025-07-08 20:16:16"}
[SESSION-LISTAR] {"session_id":"5o4vg8nkvrskllleumb6v3h5tp","sessao_usuario":"2025-07-08-15:16:54-876","hora":"2025-07-08 20:16:16"}
[LISTAR-CARRINHO] {"sessao":"2025-07-08-15:16:54-876","itens":1,"hora":"2025-07-08 20:16:16"}
[LISTAR-ENTRY] {"session_id":"5o4vg8nkvrskllleumb6v3h5tp","sessao_usuario":"2025-07-08-15:16:54-876","hora":"2025-07-08 20:16:33"}
[LISTAR-RESULT] {"sessao":"2025-07-08-15:16:54-876","result":[{"id":310,"sessao":"2025-07-08-15:16:54-876","cliente":0,"produto":14,"quantidade":1,"total_item":"104.00","obs":"","pedido":0,"data":"2025-07-08","id_sabor":null,"categoria":null,"item":null,"variacao":null,"mesa":null,"nome_cliente":null,"nome_produto":"DRAG\u00c3O PICANHA","sabores":null,"borda":null,"valor_unitario":"20.000000","status":null,"hora":"20:16:33","foto_produto":"24-12-2023-14-23-40-ESPECIAL.jpg"},{"id":309,"sessao":"2025-07-08-15:16:54-876","cliente":0,"produto":17,"quantidade":1,"total_item":"20.00","obs":"","pedido":0,"data":"2025-07-08","id_sabor":null,"categoria":null,"item":null,"variacao":null,"mesa":null,"nome_cliente":null,"nome_produto":"DRAG\u00c3O BACON","sabores":null,"borda":null,"valor_unitario":"20.000000","status":null,"hora":"20:12:52","foto_produto":"24-12-2023-14-22-10-ESPECIAL.jpg"}],"hora":"2025-07-08 20:16:33"}
[SESSION-LISTAR] {"session_id":"5o4vg8nkvrskllleumb6v3h5tp","sessao_usuario":"2025-07-08-15:16:54-876","hora":"2025-07-08 20:16:33"}
[LISTAR-CARRINHO] {"sessao":"2025-07-08-15:16:54-876","itens":2,"hora":"2025-07-08 20:16:33"}
[LISTAR-ENTRY] {"session_id":"5o4vg8nkvrskllleumb6v3h5tp","sessao_usuario":"2025-07-08-15:16:54-876","hora":"2025-07-08 20:16:33"}
[LISTAR-RESULT] {"sessao":"2025-07-08-15:16:54-876","result":[{"id":310,"sessao":"2025-07-08-15:16:54-876","cliente":0,"produto":14,"quantidade":1,"total_item":"104.00","obs":"","pedido":0,"data":"2025-07-08","id_sabor":null,"categoria":null,"item":null,"variacao":null,"mesa":null,"nome_cliente":null,"nome_produto":"DRAG\u00c3O PICANHA","sabores":null,"borda":null,"valor_unitario":"20.000000","status":null,"hora":"20:16:33","foto_produto":"24-12-2023-14-23-40-ESPECIAL.jpg"},{"id":309,"sessao":"2025-07-08-15:16:54-876","cliente":0,"produto":17,"quantidade":1,"total_item":"20.00","obs":"","pedido":0,"data":"2025-07-08","id_sabor":null,"categoria":null,"item":null,"variacao":null,"mesa":null,"nome_cliente":null,"nome_produto":"DRAG\u00c3O BACON","sabores":null,"borda":null,"valor_unitario":"20.000000","status":null,"hora":"20:12:52","foto_produto":"24-12-2023-14-22-10-ESPECIAL.jpg"}],"hora":"2025-07-08 20:16:33"}
[SESSION-LISTAR] {"session_id":"5o4vg8nkvrskllleumb6v3h5tp","sessao_usuario":"2025-07-08-15:16:54-876","hora":"2025-07-08 20:16:33"}
[LISTAR-CARRINHO] {"sessao":"2025-07-08-15:16:54-876","itens":2,"hora":"2025-07-08 20:16:33"}
[LISTAR-ENTRY] {"session_id":"5o4vg8nkvrskllleumb6v3h5tp","sessao_usuario":"2025-07-08-15:16:54-876","hora":"2025-07-08 20:16:33"}
[LISTAR-RESULT] {"sessao":"2025-07-08-15:16:54-876","result":[{"id":310,"sessao":"2025-07-08-15:16:54-876","cliente":0,"produto":14,"quantidade":1,"total_item":"104.00","obs":"","pedido":0,"data":"2025-07-08","id_sabor":null,"categoria":null,"item":null,"variacao":null,"mesa":null,"nome_cliente":null,"nome_produto":"DRAG\u00c3O PICANHA","sabores":null,"borda":null,"valor_unitario":"20.000000","status":null,"hora":"20:16:33","foto_produto":"24-12-2023-14-23-40-ESPECIAL.jpg"},{"id":309,"sessao":"2025-07-08-15:16:54-876","cliente":0,"produto":17,"quantidade":1,"total_item":"20.00","obs":"","pedido":0,"data":"2025-07-08","id_sabor":null,"categoria":null,"item":null,"variacao":null,"mesa":null,"nome_cliente":null,"nome_produto":"DRAG\u00c3O BACON","sabores":null,"borda":null,"valor_unitario":"20.000000","status":null,"hora":"20:12:52","foto_produto":"24-12-2023-14-22-10-ESPECIAL.jpg"}],"hora":"2025-07-08 20:16:33"}
[SESSION-LISTAR] {"session_id":"5o4vg8nkvrskllleumb6v3h5tp","sessao_usuario":"2025-07-08-15:16:54-876","hora":"2025-07-08 20:16:33"}
[LISTAR-CARRINHO] {"sessao":"2025-07-08-15:16:54-876","itens":2,"hora":"2025-07-08 20:16:33"}
[LISTAR-ENTRY] {"session_id":"5o4vg8nkvrskllleumb6v3h5tp","sessao_usuario":"2025-07-08-15:16:54-876","hora":"2025-07-08 20:16:36"}
[LISTAR-RESULT] {"sessao":"2025-07-08-15:16:54-876","result":[{"id":310,"sessao":"2025-07-08-15:16:54-876","cliente":0,"produto":14,"quantidade":1,"total_item":"92.00","obs":"","pedido":0,"data":"2025-07-08","id_sabor":null,"categoria":null,"item":null,"variacao":null,"mesa":null,"nome_cliente":null,"nome_produto":"DRAG\u00c3O PICANHA","sabores":null,"borda":null,"valor_unitario":"20.000000","status":null,"hora":"20:16:33","foto_produto":"24-12-2023-14-23-40-ESPECIAL.jpg"},{"id":309,"sessao":"2025-07-08-15:16:54-876","cliente":0,"produto":17,"quantidade":1,"total_item":"20.00","obs":"","pedido":0,"data":"2025-07-08","id_sabor":null,"categoria":null,"item":null,"variacao":null,"mesa":null,"nome_cliente":null,"nome_produto":"DRAG\u00c3O BACON","sabores":null,"borda":null,"valor_unitario":"20.000000","status":null,"hora":"20:12:52","foto_produto":"24-12-2023-14-22-10-ESPECIAL.jpg"}],"hora":"2025-07-08 20:16:36"}
[SESSION-LISTAR] {"session_id":"5o4vg8nkvrskllleumb6v3h5tp","sessao_usuario":"2025-07-08-15:16:54-876","hora":"2025-07-08 20:16:36"}
[LISTAR-CARRINHO] {"sessao":"2025-07-08-15:16:54-876","itens":2,"hora":"2025-07-08 20:16:36"}
[LISTAR-ENTRY] {"session_id":"5o4vg8nkvrskllleumb6v3h5tp","sessao_usuario":"2025-07-08-15:16:54-876","hora":"2025-07-08 20:16:38"}
[LISTAR-RESULT] {"sessao":"2025-07-08-15:16:54-876","result":[{"id":310,"sessao":"2025-07-08-15:16:54-876","cliente":0,"produto":14,"quantidade":1,"total_item":"80.00","obs":"","pedido":0,"data":"2025-07-08","id_sabor":null,"categoria":null,"item":null,"variacao":null,"mesa":null,"nome_cliente":null,"nome_produto":"DRAG\u00c3O PICANHA","sabores":null,"borda":null,"valor_unitario":"20.000000","status":null,"hora":"20:16:33","foto_produto":"24-12-2023-14-23-40-ESPECIAL.jpg"},{"id":309,"sessao":"2025-07-08-15:16:54-876","cliente":0,"produto":17,"quantidade":1,"total_item":"20.00","obs":"","pedido":0,"data":"2025-07-08","id_sabor":null,"categoria":null,"item":null,"variacao":null,"mesa":null,"nome_cliente":null,"nome_produto":"DRAG\u00c3O BACON","sabores":null,"borda":null,"valor_unitario":"20.000000","status":null,"hora":"20:12:52","foto_produto":"24-12-2023-14-22-10-ESPECIAL.jpg"}],"hora":"2025-07-08 20:16:38"}
[SESSION-LISTAR] {"session_id":"5o4vg8nkvrskllleumb6v3h5tp","sessao_usuario":"2025-07-08-15:16:54-876","hora":"2025-07-08 20:16:38"}
[LISTAR-CARRINHO] {"sessao":"2025-07-08-15:16:54-876","itens":2,"hora":"2025-07-08 20:16:38"}
[LISTAR-ENTRY] {"session_id":"5o4vg8nkvrskllleumb6v3h5tp","sessao_usuario":"2025-07-08-15:16:54-876","hora":"2025-07-08 20:16:41"}
[LISTAR-RESULT] {"sessao":"2025-07-08-15:16:54-876","result":[{"id":310,"sessao":"2025-07-08-15:16:54-876","cliente":0,"produto":14,"quantidade":1,"total_item":"76.00","obs":"","pedido":0,"data":"2025-07-08","id_sabor":null,"categoria":null,"item":null,"variacao":null,"mesa":null,"nome_cliente":null,"nome_produto":"DRAG\u00c3O PICANHA","sabores":null,"borda":null,"valor_unitario":"20.000000","status":null,"hora":"20:16:33","foto_produto":"24-12-2023-14-23-40-ESPECIAL.jpg"},{"id":309,"sessao":"2025-07-08-15:16:54-876","cliente":0,"produto":17,"quantidade":1,"total_item":"20.00","obs":"","pedido":0,"data":"2025-07-08","id_sabor":null,"categoria":null,"item":null,"variacao":null,"mesa":null,"nome_cliente":null,"nome_produto":"DRAG\u00c3O BACON","sabores":null,"borda":null,"valor_unitario":"20.000000","status":null,"hora":"20:12:52","foto_produto":"24-12-2023-14-22-10-ESPECIAL.jpg"}],"hora":"2025-07-08 20:16:41"}
[SESSION-LISTAR] {"session_id":"5o4vg8nkvrskllleumb6v3h5tp","sessao_usuario":"2025-07-08-15:16:54-876","hora":"2025-07-08 20:16:41"}
[LISTAR-CARRINHO] {"sessao":"2025-07-08-15:16:54-876","itens":2,"hora":"2025-07-08 20:16:41"}
[LISTAR-ENTRY] {"session_id":"5o4vg8nkvrskllleumb6v3h5tp","sessao_usuario":"2025-07-08-20:30:07-306","hora":"2025-07-08 20:30:26"}
[LISTAR-RESULT] {"sessao":"2025-07-08-20:30:07-306","result":[{"id":311,"sessao":"2025-07-08-20:30:07-306","cliente":0,"produto":17,"quantidade":2,"total_item":"70.00","obs":"","pedido":0,"data":"2025-07-08","id_sabor":null,"categoria":null,"item":null,"variacao":null,"mesa":null,"nome_cliente":null,"nome_produto":"DRAG\u00c3O BACON","sabores":null,"borda":null,"valor_unitario":"20.000000","status":null,"hora":"20:30:24","foto_produto":"24-12-2023-14-22-10-ESPECIAL.jpg"}],"hora":"2025-07-08 20:30:26"}
[SESSION-LISTAR] {"session_id":"5o4vg8nkvrskllleumb6v3h5tp","sessao_usuario":"2025-07-08-20:30:07-306","hora":"2025-07-08 20:30:26"}
[LISTAR-CARRINHO] {"sessao":"2025-07-08-20:30:07-306","itens":1,"hora":"2025-07-08 20:30:26"}
[LISTAR-ENTRY] {"session_id":"5o4vg8nkvrskllleumb6v3h5tp","sessao_usuario":"2025-07-08-20:30:07-306","hora":"2025-07-08 20:30:26"}
[LISTAR-RESULT] {"sessao":"2025-07-08-20:30:07-306","result":[{"id":311,"sessao":"2025-07-08-20:30:07-306","cliente":0,"produto":17,"quantidade":2,"total_item":"70.00","obs":"","pedido":0,"data":"2025-07-08","id_sabor":null,"categoria":null,"item":null,"variacao":null,"mesa":null,"nome_cliente":null,"nome_produto":"DRAG\u00c3O BACON","sabores":null,"borda":null,"valor_unitario":"20.000000","status":null,"hora":"20:30:24","foto_produto":"24-12-2023-14-22-10-ESPECIAL.jpg"}],"hora":"2025-07-08 20:30:26"}
[SESSION-LISTAR] {"session_id":"5o4vg8nkvrskllleumb6v3h5tp","sessao_usuario":"2025-07-08-20:30:07-306","hora":"2025-07-08 20:30:26"}
[LISTAR-CARRINHO] {"sessao":"2025-07-08-20:30:07-306","itens":1,"hora":"2025-07-08 20:30:26"}
[LISTAR-ENTRY] {"session_id":"5o4vg8nkvrskllleumb6v3h5tp","sessao_usuario":"2025-07-08-20:30:07-306","hora":"2025-07-08 20:30:26"}
[LISTAR-RESULT] {"sessao":"2025-07-08-20:30:07-306","result":[{"id":311,"sessao":"2025-07-08-20:30:07-306","cliente":0,"produto":17,"quantidade":2,"total_item":"70.00","obs":"","pedido":0,"data":"2025-07-08","id_sabor":null,"categoria":null,"item":null,"variacao":null,"mesa":null,"nome_cliente":null,"nome_produto":"DRAG\u00c3O BACON","sabores":null,"borda":null,"valor_unitario":"20.000000","status":null,"hora":"20:30:24","foto_produto":"24-12-2023-14-22-10-ESPECIAL.jpg"}],"hora":"2025-07-08 20:30:26"}
[SESSION-LISTAR] {"session_id":"5o4vg8nkvrskllleumb6v3h5tp","sessao_usuario":"2025-07-08-20:30:07-306","hora":"2025-07-08 20:30:26"}
[LISTAR-CARRINHO] {"sessao":"2025-07-08-20:30:07-306","itens":1,"hora":"2025-07-08 20:30:26"}
[LISTAR-ENTRY] {"session_id":"5o4vg8nkvrskllleumb6v3h5tp","sessao_usuario":"2025-07-08-20:36:56-230","hora":"2025-07-08 20:37:11"}
[LISTAR-RESULT] {"sessao":"2025-07-08-20:36:56-230","result":[{"id":312,"sessao":"2025-07-08-20:36:56-230","cliente":0,"produto":101,"quantidade":1,"total_item":"230.00","obs":"","pedido":0,"data":"2025-07-08","id_sabor":null,"categoria":null,"item":null,"variacao":null,"mesa":null,"nome_cliente":null,"nome_produto":"X-BACON COM CARNEIRO","sabores":null,"borda":null,"valor_unitario":"20.000000","status":null,"hora":"20:37:11","foto_produto":"15-01-2024-09-42-39-WhatsApp-Image-2023-12-25-at-19.16.05-(5).jpeg"}],"hora":"2025-07-08 20:37:11"}
[SESSION-LISTAR] {"session_id":"5o4vg8nkvrskllleumb6v3h5tp","sessao_usuario":"2025-07-08-20:36:56-230","hora":"2025-07-08 20:37:11"}
[LISTAR-CARRINHO] {"sessao":"2025-07-08-20:36:56-230","itens":1,"hora":"2025-07-08 20:37:11"}
[LISTAR-ENTRY] {"session_id":"5o4vg8nkvrskllleumb6v3h5tp","sessao_usuario":"2025-07-08-20:36:56-230","hora":"2025-07-08 20:37:11"}
[LISTAR-RESULT] {"sessao":"2025-07-08-20:36:56-230","result":[{"id":312,"sessao":"2025-07-08-20:36:56-230","cliente":0,"produto":101,"quantidade":1,"total_item":"230.00","obs":"","pedido":0,"data":"2025-07-08","id_sabor":null,"categoria":null,"item":null,"variacao":null,"mesa":null,"nome_cliente":null,"nome_produto":"X-BACON COM CARNEIRO","sabores":null,"borda":null,"valor_unitario":"20.000000","status":null,"hora":"20:37:11","foto_produto":"15-01-2024-09-42-39-WhatsApp-Image-2023-12-25-at-19.16.05-(5).jpeg"}],"hora":"2025-07-08 20:37:11"}
[SESSION-LISTAR] {"session_id":"5o4vg8nkvrskllleumb6v3h5tp","sessao_usuario":"2025-07-08-20:36:56-230","hora":"2025-07-08 20:37:11"}
[LISTAR-CARRINHO] {"sessao":"2025-07-08-20:36:56-230","itens":1,"hora":"2025-07-08 20:37:11"}
[LISTAR-ENTRY] {"session_id":"5o4vg8nkvrskllleumb6v3h5tp","sessao_usuario":"2025-07-08-20:36:56-230","hora":"2025-07-08 20:37:11"}
[LISTAR-RESULT] {"sessao":"2025-07-08-20:36:56-230","result":[{"id":312,"sessao":"2025-07-08-20:36:56-230","cliente":0,"produto":101,"quantidade":1,"total_item":"230.00","obs":"","pedido":0,"data":"2025-07-08","id_sabor":null,"categoria":null,"item":null,"variacao":null,"mesa":null,"nome_cliente":null,"nome_produto":"X-BACON COM CARNEIRO","sabores":null,"borda":null,"valor_unitario":"20.000000","status":null,"hora":"20:37:11","foto_produto":"15-01-2024-09-42-39-WhatsApp-Image-2023-12-25-at-19.16.05-(5).jpeg"}],"hora":"2025-07-08 20:37:11"}
[SESSION-LISTAR] {"session_id":"5o4vg8nkvrskllleumb6v3h5tp","sessao_usuario":"2025-07-08-20:36:56-230","hora":"2025-07-08 20:37:11"}
[LISTAR-CARRINHO] {"sessao":"2025-07-08-20:36:56-230","itens":1,"hora":"2025-07-08 20:37:11"}
[LISTAR-ENTRY] {"session_id":"5o4vg8nkvrskllleumb6v3h5tp","sessao_usuario":"2025-07-08-20:36:56-230","hora":"2025-07-08 20:37:17"}
[LISTAR-RESULT] {"sessao":"2025-07-08-20:36:56-230","result":[{"id":312,"sessao":"2025-07-08-20:36:56-230","cliente":0,"produto":101,"quantidade":1,"total_item":"220.00","obs":"","pedido":0,"data":"2025-07-08","id_sabor":null,"categoria":null,"item":null,"variacao":null,"mesa":null,"nome_cliente":null,"nome_produto":"X-BACON COM CARNEIRO","sabores":null,"borda":null,"valor_unitario":"20.000000","status":null,"hora":"20:37:11","foto_produto":"15-01-2024-09-42-39-WhatsApp-Image-2023-12-25-at-19.16.05-(5).jpeg"}],"hora":"2025-07-08 20:37:17"}
[SESSION-LISTAR] {"session_id":"5o4vg8nkvrskllleumb6v3h5tp","sessao_usuario":"2025-07-08-20:36:56-230","hora":"2025-07-08 20:37:17"}
[LISTAR-CARRINHO] {"sessao":"2025-07-08-20:36:56-230","itens":1,"hora":"2025-07-08 20:37:17"}
[LISTAR-ENTRY] {"session_id":"5o4vg8nkvrskllleumb6v3h5tp","sessao_usuario":"2025-07-08-20:40:05-1273","hora":"2025-07-08 20:40:08"}
[LISTAR-RESULT] {"sessao":"2025-07-08-20:40:05-1273","result":[{"id":313,"sessao":"2025-07-08-20:40:05-1273","cliente":0,"produto":101,"quantidade":1,"total_item":"25.00","obs":"","pedido":0,"data":"2025-07-08","id_sabor":null,"categoria":null,"item":null,"variacao":null,"mesa":null,"nome_cliente":null,"nome_produto":"X-BACON COM CARNEIRO","sabores":null,"borda":null,"valor_unitario":"20.000000","status":null,"hora":"20:40:08","foto_produto":"15-01-2024-09-42-39-WhatsApp-Image-2023-12-25-at-19.16.05-(5).jpeg"}],"hora":"2025-07-08 20:40:08"}
[SESSION-LISTAR] {"session_id":"5o4vg8nkvrskllleumb6v3h5tp","sessao_usuario":"2025-07-08-20:40:05-1273","hora":"2025-07-08 20:40:08"}
[LISTAR-CARRINHO] {"sessao":"2025-07-08-20:40:05-1273","itens":1,"hora":"2025-07-08 20:40:08"}
[LISTAR-ENTRY] {"session_id":"5o4vg8nkvrskllleumb6v3h5tp","sessao_usuario":"2025-07-08-20:40:05-1273","hora":"2025-07-08 20:40:08"}
[LISTAR-RESULT] {"sessao":"2025-07-08-20:40:05-1273","result":[{"id":313,"sessao":"2025-07-08-20:40:05-1273","cliente":0,"produto":101,"quantidade":1,"total_item":"25.00","obs":"","pedido":0,"data":"2025-07-08","id_sabor":null,"categoria":null,"item":null,"variacao":null,"mesa":null,"nome_cliente":null,"nome_produto":"X-BACON COM CARNEIRO","sabores":null,"borda":null,"valor_unitario":"20.000000","status":null,"hora":"20:40:08","foto_produto":"15-01-2024-09-42-39-WhatsApp-Image-2023-12-25-at-19.16.05-(5).jpeg"}],"hora":"2025-07-08 20:40:08"}
[SESSION-LISTAR] {"session_id":"5o4vg8nkvrskllleumb6v3h5tp","sessao_usuario":"2025-07-08-20:40:05-1273","hora":"2025-07-08 20:40:08"}
[LISTAR-CARRINHO] {"sessao":"2025-07-08-20:40:05-1273","itens":1,"hora":"2025-07-08 20:40:08"}
[LISTAR-ENTRY] {"session_id":"5o4vg8nkvrskllleumb6v3h5tp","sessao_usuario":"2025-07-08-20:40:05-1273","hora":"2025-07-08 20:40:08"}
[LISTAR-RESULT] {"sessao":"2025-07-08-20:40:05-1273","result":[{"id":313,"sessao":"2025-07-08-20:40:05-1273","cliente":0,"produto":101,"quantidade":1,"total_item":"25.00","obs":"","pedido":0,"data":"2025-07-08","id_sabor":null,"categoria":null,"item":null,"variacao":null,"mesa":null,"nome_cliente":null,"nome_produto":"X-BACON COM CARNEIRO","sabores":null,"borda":null,"valor_unitario":"20.000000","status":null,"hora":"20:40:08","foto_produto":"15-01-2024-09-42-39-WhatsApp-Image-2023-12-25-at-19.16.05-(5).jpeg"}],"hora":"2025-07-08 20:40:08"}
[SESSION-LISTAR] {"session_id":"5o4vg8nkvrskllleumb6v3h5tp","sessao_usuario":"2025-07-08-20:40:05-1273","hora":"2025-07-08 20:40:08"}
[LISTAR-CARRINHO] {"sessao":"2025-07-08-20:40:05-1273","itens":1,"hora":"2025-07-08 20:40:08"}
[LISTAR-ENTRY] {"session_id":"5o4vg8nkvrskllleumb6v3h5tp","sessao_usuario":"2025-07-08-20:52:26-1391","hora":"2025-07-08 20:52:30"}
[LISTAR-RESULT] {"sessao":"2025-07-08-20:52:26-1391","result":[{"id":314,"sessao":"2025-07-08-20:52:26-1391","cliente":0,"produto":16,"quantidade":1,"total_item":"20.00","obs":"","pedido":0,"data":"2025-07-08","id_sabor":null,"categoria":null,"item":null,"variacao":null,"mesa":null,"nome_cliente":null,"nome_produto":"MIX DRAG\u00c3O","sabores":null,"borda":null,"valor_unitario":"18.000000","status":null,"hora":"20:52:30","foto_produto":"24-12-2023-14-22-47-ESPECIAL.jpg"}],"hora":"2025-07-08 20:52:30"}
[SESSION-LISTAR] {"session_id":"5o4vg8nkvrskllleumb6v3h5tp","sessao_usuario":"2025-07-08-20:52:26-1391","hora":"2025-07-08 20:52:30"}
[LISTAR-CARRINHO] {"sessao":"2025-07-08-20:52:26-1391","itens":1,"hora":"2025-07-08 20:52:30"}
[LISTAR-ENTRY] {"session_id":"5o4vg8nkvrskllleumb6v3h5tp","sessao_usuario":"2025-07-08-20:52:26-1391","hora":"2025-07-08 20:52:30"}
[LISTAR-RESULT] {"sessao":"2025-07-08-20:52:26-1391","result":[{"id":314,"sessao":"2025-07-08-20:52:26-1391","cliente":0,"produto":16,"quantidade":1,"total_item":"20.00","obs":"","pedido":0,"data":"2025-07-08","id_sabor":null,"categoria":null,"item":null,"variacao":null,"mesa":null,"nome_cliente":null,"nome_produto":"MIX DRAG\u00c3O","sabores":null,"borda":null,"valor_unitario":"18.000000","status":null,"hora":"20:52:30","foto_produto":"24-12-2023-14-22-47-ESPECIAL.jpg"}],"hora":"2025-07-08 20:52:30"}
[SESSION-LISTAR] {"session_id":"5o4vg8nkvrskllleumb6v3h5tp","sessao_usuario":"2025-07-08-20:52:26-1391","hora":"2025-07-08 20:52:30"}
[LISTAR-CARRINHO] {"sessao":"2025-07-08-20:52:26-1391","itens":1,"hora":"2025-07-08 20:52:30"}
[LISTAR-ENTRY] {"session_id":"5o4vg8nkvrskllleumb6v3h5tp","sessao_usuario":"2025-07-08-20:52:26-1391","hora":"2025-07-08 20:52:30"}
[LISTAR-RESULT] {"sessao":"2025-07-08-20:52:26-1391","result":[{"id":314,"sessao":"2025-07-08-20:52:26-1391","cliente":0,"produto":16,"quantidade":1,"total_item":"20.00","obs":"","pedido":0,"data":"2025-07-08","id_sabor":null,"categoria":null,"item":null,"variacao":null,"mesa":null,"nome_cliente":null,"nome_produto":"MIX DRAG\u00c3O","sabores":null,"borda":null,"valor_unitario":"18.000000","status":null,"hora":"20:52:30","foto_produto":"24-12-2023-14-22-47-ESPECIAL.jpg"}],"hora":"2025-07-08 20:52:30"}
[SESSION-LISTAR] {"session_id":"5o4vg8nkvrskllleumb6v3h5tp","sessao_usuario":"2025-07-08-20:52:26-1391","hora":"2025-07-08 20:52:30"}
[LISTAR-CARRINHO] {"sessao":"2025-07-08-20:52:26-1391","itens":1,"hora":"2025-07-08 20:52:30"}
[LISTAR-ENTRY] {"session_id":"fpipsj3jonapm2pmgnahevbvlm","sessao_usuario":"2025-07-08-22:19:30-908","hora":"2025-07-08 22:19:35"}
[LISTAR-RESULT] {"sessao":"2025-07-08-22:19:30-908","result":[{"id":315,"sessao":"2025-07-08-22:19:30-908","cliente":0,"produto":14,"quantidade":1,"total_item":"65.00","obs":"","pedido":0,"data":"2025-07-08","id_sabor":null,"categoria":null,"item":null,"variacao":null,"mesa":null,"nome_cliente":null,"nome_produto":"DRAG\u00c3O PICANHA","sabores":null,"borda":null,"valor_unitario":"20.000000","status":null,"hora":"22:19:35","foto_produto":"24-12-2023-14-23-40-ESPECIAL.jpg"}],"hora":"2025-07-08 22:19:35"}
[SESSION-LISTAR] {"session_id":"fpipsj3jonapm2pmgnahevbvlm","sessao_usuario":"2025-07-08-22:19:30-908","hora":"2025-07-08 22:19:35"}
[LISTAR-CARRINHO] {"sessao":"2025-07-08-22:19:30-908","itens":1,"hora":"2025-07-08 22:19:35"}
[LISTAR-ENTRY] {"session_id":"fpipsj3jonapm2pmgnahevbvlm","sessao_usuario":"2025-07-08-22:19:30-908","hora":"2025-07-08 22:19:35"}
[LISTAR-RESULT] {"sessao":"2025-07-08-22:19:30-908","result":[{"id":315,"sessao":"2025-07-08-22:19:30-908","cliente":0,"produto":14,"quantidade":1,"total_item":"65.00","obs":"","pedido":0,"data":"2025-07-08","id_sabor":null,"categoria":null,"item":null,"variacao":null,"mesa":null,"nome_cliente":null,"nome_produto":"DRAG\u00c3O PICANHA","sabores":null,"borda":null,"valor_unitario":"20.000000","status":null,"hora":"22:19:35","foto_produto":"24-12-2023-14-23-40-ESPECIAL.jpg"}],"hora":"2025-07-08 22:19:35"}
[SESSION-LISTAR] {"session_id":"fpipsj3jonapm2pmgnahevbvlm","sessao_usuario":"2025-07-08-22:19:30-908","hora":"2025-07-08 22:19:35"}
[LISTAR-CARRINHO] {"sessao":"2025-07-08-22:19:30-908","itens":1,"hora":"2025-07-08 22:19:35"}
[LISTAR-ENTRY] {"session_id":"fpipsj3jonapm2pmgnahevbvlm","sessao_usuario":"2025-07-08-22:19:30-908","hora":"2025-07-08 22:19:35"}
[LISTAR-RESULT] {"sessao":"2025-07-08-22:19:30-908","result":[{"id":315,"sessao":"2025-07-08-22:19:30-908","cliente":0,"produto":14,"quantidade":1,"total_item":"65.00","obs":"","pedido":0,"data":"2025-07-08","id_sabor":null,"categoria":null,"item":null,"variacao":null,"mesa":null,"nome_cliente":null,"nome_produto":"DRAG\u00c3O PICANHA","sabores":null,"borda":null,"valor_unitario":"20.000000","status":null,"hora":"22:19:35","foto_produto":"24-12-2023-14-23-40-ESPECIAL.jpg"}],"hora":"2025-07-08 22:19:35"}
[SESSION-LISTAR] {"session_id":"fpipsj3jonapm2pmgnahevbvlm","sessao_usuario":"2025-07-08-22:19:30-908","hora":"2025-07-08 22:19:35"}
[LISTAR-CARRINHO] {"sessao":"2025-07-08-22:19:30-908","itens":1,"hora":"2025-07-08 22:19:35"}
[LISTAR-ENTRY] {"session_id":"fpipsj3jonapm2pmgnahevbvlm","sessao_usuario":"2025-07-08-22:19:59-737","hora":"2025-07-08 22:20:03"}
[LISTAR-RESULT] {"sessao":"2025-07-08-22:19:59-737","result":[{"id":316,"sessao":"2025-07-08-22:19:59-737","cliente":0,"produto":81,"quantidade":1,"total_item":"26.00","obs":"","pedido":0,"data":"2025-07-08","id_sabor":null,"categoria":null,"item":null,"variacao":null,"mesa":null,"nome_cliente":null,"nome_produto":"MIX DRAG\u00c3O 3","sabores":null,"borda":null,"valor_unitario":"20.000000","status":null,"hora":"22:20:03","foto_produto":"24-12-2023-14-09-20-ESPECIAL.jpg"}],"hora":"2025-07-08 22:20:03"}
[SESSION-LISTAR] {"session_id":"fpipsj3jonapm2pmgnahevbvlm","sessao_usuario":"2025-07-08-22:19:59-737","hora":"2025-07-08 22:20:03"}
[LISTAR-CARRINHO] {"sessao":"2025-07-08-22:19:59-737","itens":1,"hora":"2025-07-08 22:20:03"}
[LISTAR-ENTRY] {"session_id":"fpipsj3jonapm2pmgnahevbvlm","sessao_usuario":"2025-07-08-22:19:59-737","hora":"2025-07-08 22:20:03"}
[LISTAR-RESULT] {"sessao":"2025-07-08-22:19:59-737","result":[{"id":316,"sessao":"2025-07-08-22:19:59-737","cliente":0,"produto":81,"quantidade":1,"total_item":"26.00","obs":"","pedido":0,"data":"2025-07-08","id_sabor":null,"categoria":null,"item":null,"variacao":null,"mesa":null,"nome_cliente":null,"nome_produto":"MIX DRAG\u00c3O 3","sabores":null,"borda":null,"valor_unitario":"20.000000","status":null,"hora":"22:20:03","foto_produto":"24-12-2023-14-09-20-ESPECIAL.jpg"}],"hora":"2025-07-08 22:20:03"}
[SESSION-LISTAR] {"session_id":"fpipsj3jonapm2pmgnahevbvlm","sessao_usuario":"2025-07-08-22:19:59-737","hora":"2025-07-08 22:20:03"}
[LISTAR-CARRINHO] {"sessao":"2025-07-08-22:19:59-737","itens":1,"hora":"2025-07-08 22:20:03"}
[LISTAR-ENTRY] {"session_id":"fpipsj3jonapm2pmgnahevbvlm","sessao_usuario":"2025-07-08-22:19:59-737","hora":"2025-07-08 22:20:03"}
[LISTAR-RESULT] {"sessao":"2025-07-08-22:19:59-737","result":[{"id":316,"sessao":"2025-07-08-22:19:59-737","cliente":0,"produto":81,"quantidade":1,"total_item":"26.00","obs":"","pedido":0,"data":"2025-07-08","id_sabor":null,"categoria":null,"item":null,"variacao":null,"mesa":null,"nome_cliente":null,"nome_produto":"MIX DRAG\u00c3O 3","sabores":null,"borda":null,"valor_unitario":"20.000000","status":null,"hora":"22:20:03","foto_produto":"24-12-2023-14-09-20-ESPECIAL.jpg"}],"hora":"2025-07-08 22:20:03"}
[SESSION-LISTAR] {"session_id":"fpipsj3jonapm2pmgnahevbvlm","sessao_usuario":"2025-07-08-22:19:59-737","hora":"2025-07-08 22:20:03"}
[LISTAR-CARRINHO] {"sessao":"2025-07-08-22:19:59-737","itens":1,"hora":"2025-07-08 22:20:03"}
[LISTAR-ENTRY] {"session_id":"fpipsj3jonapm2pmgnahevbvlm","sessao_usuario":"2025-07-08-22:20:18-1178","hora":"2025-07-08 22:20:21"}
[LISTAR-RESULT] {"sessao":"2025-07-08-22:20:18-1178","result":[{"id":317,"sessao":"2025-07-08-22:20:18-1178","cliente":0,"produto":100,"quantidade":1,"total_item":"30.00","obs":"","pedido":0,"data":"2025-07-08","id_sabor":null,"categoria":null,"item":null,"variacao":null,"mesa":null,"nome_cliente":null,"nome_produto":"EGGS-BURGUER DE CARNEIRO","sabores":null,"borda":null,"valor_unitario":"18.000000","status":null,"hora":"22:20:21","foto_produto":"15-01-2024-09-42-12-WhatsApp-Image-2023-12-25-at-19.16.05-(5).jpeg"}],"hora":"2025-07-08 22:20:21"}
[SESSION-LISTAR] {"session_id":"fpipsj3jonapm2pmgnahevbvlm","sessao_usuario":"2025-07-08-22:20:18-1178","hora":"2025-07-08 22:20:21"}
[LISTAR-CARRINHO] {"sessao":"2025-07-08-22:20:18-1178","itens":1,"hora":"2025-07-08 22:20:21"}
[LISTAR-ENTRY] {"session_id":"fpipsj3jonapm2pmgnahevbvlm","sessao_usuario":"2025-07-08-22:20:18-1178","hora":"2025-07-08 22:20:21"}
[LISTAR-RESULT] {"sessao":"2025-07-08-22:20:18-1178","result":[{"id":317,"sessao":"2025-07-08-22:20:18-1178","cliente":0,"produto":100,"quantidade":1,"total_item":"30.00","obs":"","pedido":0,"data":"2025-07-08","id_sabor":null,"categoria":null,"item":null,"variacao":null,"mesa":null,"nome_cliente":null,"nome_produto":"EGGS-BURGUER DE CARNEIRO","sabores":null,"borda":null,"valor_unitario":"18.000000","status":null,"hora":"22:20:21","foto_produto":"15-01-2024-09-42-12-WhatsApp-Image-2023-12-25-at-19.16.05-(5).jpeg"}],"hora":"2025-07-08 22:20:21"}
[SESSION-LISTAR] {"session_id":"fpipsj3jonapm2pmgnahevbvlm","sessao_usuario":"2025-07-08-22:20:18-1178","hora":"2025-07-08 22:20:21"}
[LISTAR-CARRINHO] {"sessao":"2025-07-08-22:20:18-1178","itens":1,"hora":"2025-07-08 22:20:21"}
[LISTAR-ENTRY] {"session_id":"fpipsj3jonapm2pmgnahevbvlm","sessao_usuario":"2025-07-08-22:20:18-1178","hora":"2025-07-08 22:20:21"}
[LISTAR-RESULT] {"sessao":"2025-07-08-22:20:18-1178","result":[{"id":317,"sessao":"2025-07-08-22:20:18-1178","cliente":0,"produto":100,"quantidade":1,"total_item":"30.00","obs":"","pedido":0,"data":"2025-07-08","id_sabor":null,"categoria":null,"item":null,"variacao":null,"mesa":null,"nome_cliente":null,"nome_produto":"EGGS-BURGUER DE CARNEIRO","sabores":null,"borda":null,"valor_unitario":"18.000000","status":null,"hora":"22:20:21","foto_produto":"15-01-2024-09-42-12-WhatsApp-Image-2023-12-25-at-19.16.05-(5).jpeg"}],"hora":"2025-07-08 22:20:21"}
[SESSION-LISTAR] {"session_id":"fpipsj3jonapm2pmgnahevbvlm","sessao_usuario":"2025-07-08-22:20:18-1178","hora":"2025-07-08 22:20:21"}
[LISTAR-CARRINHO] {"sessao":"2025-07-08-22:20:18-1178","itens":1,"hora":"2025-07-08 22:20:21"}
[LISTAR-ENTRY] {"session_id":"fpipsj3jonapm2pmgnahevbvlm","sessao_usuario":"2025-07-08-22:20:18-1178","hora":"2025-07-08 22:20:28"}
[LISTAR-RESULT] {"sessao":"2025-07-08-22:20:18-1178","result":[{"id":317,"sessao":"2025-07-08-22:20:18-1178","cliente":0,"produto":100,"quantidade":1,"total_item":"30.00","obs":"oioioioiio","pedido":0,"data":"2025-07-08","id_sabor":null,"categoria":null,"item":null,"variacao":null,"mesa":null,"nome_cliente":null,"nome_produto":"EGGS-BURGUER DE CARNEIRO","sabores":null,"borda":null,"valor_unitario":"18.000000","status":null,"hora":"22:20:21","foto_produto":"15-01-2024-09-42-12-WhatsApp-Image-2023-12-25-at-19.16.05-(5).jpeg"}],"hora":"2025-07-08 22:20:28"}
[SESSION-LISTAR] {"session_id":"fpipsj3jonapm2pmgnahevbvlm","sessao_usuario":"2025-07-08-22:20:18-1178","hora":"2025-07-08 22:20:28"}
[LISTAR-CARRINHO] {"sessao":"2025-07-08-22:20:18-1178","itens":1,"hora":"2025-07-08 22:20:28"}
[LISTAR-ENTRY] {"session_id":"fpipsj3jonapm2pmgnahevbvlm","sessao_usuario":"2025-07-08-22:21:19-902","hora":"2025-07-08 22:21:24"}
[LISTAR-RESULT] {"sessao":"2025-07-08-22:21:19-902","result":[{"id":318,"sessao":"2025-07-08-22:21:19-902","cliente":0,"produto":103,"quantidade":1,"total_item":"15.00","obs":"","pedido":0,"data":"2025-07-08","id_sabor":null,"categoria":null,"item":null,"variacao":null,"mesa":null,"nome_cliente":null,"nome_produto":"HAMB\u00daRGUERR DE PICANHA COM CARNEIRO","sabores":null,"borda":null,"valor_unitario":"15.000000","status":null,"hora":"22:21:24","foto_produto":"15-01-2024-09-45-02-WhatsApp-Image-2023-12-25-at-19.16.05-(5).jpeg"}],"hora":"2025-07-08 22:21:24"}
[SESSION-LISTAR] {"session_id":"fpipsj3jonapm2pmgnahevbvlm","sessao_usuario":"2025-07-08-22:21:19-902","hora":"2025-07-08 22:21:24"}
[LISTAR-CARRINHO] {"sessao":"2025-07-08-22:21:19-902","itens":1,"hora":"2025-07-08 22:21:24"}
[LISTAR-ENTRY] {"session_id":"fpipsj3jonapm2pmgnahevbvlm","sessao_usuario":"2025-07-08-22:21:19-902","hora":"2025-07-08 22:21:24"}
[LISTAR-RESULT] {"sessao":"2025-07-08-22:21:19-902","result":[{"id":318,"sessao":"2025-07-08-22:21:19-902","cliente":0,"produto":103,"quantidade":1,"total_item":"15.00","obs":"","pedido":0,"data":"2025-07-08","id_sabor":null,"categoria":null,"item":null,"variacao":null,"mesa":null,"nome_cliente":null,"nome_produto":"HAMB\u00daRGUERR DE PICANHA COM CARNEIRO","sabores":null,"borda":null,"valor_unitario":"15.000000","status":null,"hora":"22:21:24","foto_produto":"15-01-2024-09-45-02-WhatsApp-Image-2023-12-25-at-19.16.05-(5).jpeg"}],"hora":"2025-07-08 22:21:24"}
[SESSION-LISTAR] {"session_id":"fpipsj3jonapm2pmgnahevbvlm","sessao_usuario":"2025-07-08-22:21:19-902","hora":"2025-07-08 22:21:24"}
[LISTAR-CARRINHO] {"sessao":"2025-07-08-22:21:19-902","itens":1,"hora":"2025-07-08 22:21:24"}
[LISTAR-ENTRY] {"session_id":"fpipsj3jonapm2pmgnahevbvlm","sessao_usuario":"2025-07-08-22:21:19-902","hora":"2025-07-08 22:21:24"}
[LISTAR-RESULT] {"sessao":"2025-07-08-22:21:19-902","result":[{"id":318,"sessao":"2025-07-08-22:21:19-902","cliente":0,"produto":103,"quantidade":1,"total_item":"15.00","obs":"","pedido":0,"data":"2025-07-08","id_sabor":null,"categoria":null,"item":null,"variacao":null,"mesa":null,"nome_cliente":null,"nome_produto":"HAMB\u00daRGUERR DE PICANHA COM CARNEIRO","sabores":null,"borda":null,"valor_unitario":"15.000000","status":null,"hora":"22:21:24","foto_produto":"15-01-2024-09-45-02-WhatsApp-Image-2023-12-25-at-19.16.05-(5).jpeg"}],"hora":"2025-07-08 22:21:24"}
[SESSION-LISTAR] {"session_id":"fpipsj3jonapm2pmgnahevbvlm","sessao_usuario":"2025-07-08-22:21:19-902","hora":"2025-07-08 22:21:24"}
[LISTAR-CARRINHO] {"sessao":"2025-07-08-22:21:19-902","itens":1,"hora":"2025-07-08 22:21:24"}
[LISTAR-ENTRY] {"session_id":"fpipsj3jonapm2pmgnahevbvlm","sessao_usuario":"2025-07-08-22:39:41-29","hora":"2025-07-08 22:39:44"}
[LISTAR-RESULT] {"sessao":"2025-07-08-22:39:41-29","result":[{"id":319,"sessao":"2025-07-08-22:39:41-29","cliente":0,"produto":216,"quantidade":1,"total_item":"18.00","obs":"","pedido":0,"data":"2025-07-08","id_sabor":null,"categoria":null,"item":null,"variacao":null,"mesa":null,"nome_cliente":null,"nome_produto":"ALASANHADO","sabores":null,"borda":null,"valor_unitario":"18.000000","status":null,"hora":"22:39:44","foto_produto":"15-01-2024-13-53-57-WhatsApp-Image-2024-01-02-at-12.20.06.jpeg"}],"hora":"2025-07-08 22:39:44"}
[SESSION-LISTAR] {"session_id":"fpipsj3jonapm2pmgnahevbvlm","sessao_usuario":"2025-07-08-22:39:41-29","hora":"2025-07-08 22:39:44"}
[LISTAR-CARRINHO] {"sessao":"2025-07-08-22:39:41-29","itens":1,"hora":"2025-07-08 22:39:44"}
[LISTAR-ENTRY] {"session_id":"fpipsj3jonapm2pmgnahevbvlm","sessao_usuario":"2025-07-08-22:39:41-29","hora":"2025-07-08 22:39:44"}
[LISTAR-RESULT] {"sessao":"2025-07-08-22:39:41-29","result":[{"id":319,"sessao":"2025-07-08-22:39:41-29","cliente":0,"produto":216,"quantidade":1,"total_item":"18.00","obs":"","pedido":0,"data":"2025-07-08","id_sabor":null,"categoria":null,"item":null,"variacao":null,"mesa":null,"nome_cliente":null,"nome_produto":"ALASANHADO","sabores":null,"borda":null,"valor_unitario":"18.000000","status":null,"hora":"22:39:44","foto_produto":"15-01-2024-13-53-57-WhatsApp-Image-2024-01-02-at-12.20.06.jpeg"}],"hora":"2025-07-08 22:39:44"}
[SESSION-LISTAR] {"session_id":"fpipsj3jonapm2pmgnahevbvlm","sessao_usuario":"2025-07-08-22:39:41-29","hora":"2025-07-08 22:39:44"}
[LISTAR-CARRINHO] {"sessao":"2025-07-08-22:39:41-29","itens":1,"hora":"2025-07-08 22:39:44"}
[LISTAR-ENTRY] {"session_id":"fpipsj3jonapm2pmgnahevbvlm","sessao_usuario":"2025-07-08-22:39:41-29","hora":"2025-07-08 22:39:44"}
[LISTAR-RESULT] {"sessao":"2025-07-08-22:39:41-29","result":[{"id":319,"sessao":"2025-07-08-22:39:41-29","cliente":0,"produto":216,"quantidade":1,"total_item":"18.00","obs":"","pedido":0,"data":"2025-07-08","id_sabor":null,"categoria":null,"item":null,"variacao":null,"mesa":null,"nome_cliente":null,"nome_produto":"ALASANHADO","sabores":null,"borda":null,"valor_unitario":"18.000000","status":null,"hora":"22:39:44","foto_produto":"15-01-2024-13-53-57-WhatsApp-Image-2024-01-02-at-12.20.06.jpeg"}],"hora":"2025-07-08 22:39:44"}
[SESSION-LISTAR] {"session_id":"fpipsj3jonapm2pmgnahevbvlm","sessao_usuario":"2025-07-08-22:39:41-29","hora":"2025-07-08 22:39:44"}
[LISTAR-CARRINHO] {"sessao":"2025-07-08-22:39:41-29","itens":1,"hora":"2025-07-08 22:39:44"}
[LISTAR-ENTRY] {"session_id":"fpipsj3jonapm2pmgnahevbvlm","sessao_usuario":"2025-07-08-22:39:41-29","hora":"2025-07-08 22:39:49"}
[LISTAR-RESULT] {"sessao":"2025-07-08-22:39:41-29","result":[{"id":319,"sessao":"2025-07-08-22:39:41-29","cliente":0,"produto":216,"quantidade":1,"total_item":"18.00","obs":"","pedido":0,"data":"2025-07-08","id_sabor":null,"categoria":null,"item":null,"variacao":null,"mesa":null,"nome_cliente":null,"nome_produto":"ALASANHADO","sabores":null,"borda":null,"valor_unitario":"18.000000","status":null,"hora":"22:39:44","foto_produto":"15-01-2024-13-53-57-WhatsApp-Image-2024-01-02-at-12.20.06.jpeg"}],"hora":"2025-07-08 22:39:49"}
[SESSION-LISTAR] {"session_id":"fpipsj3jonapm2pmgnahevbvlm","sessao_usuario":"2025-07-08-22:39:41-29","hora":"2025-07-08 22:39:49"}
[LISTAR-CARRINHO] {"sessao":"2025-07-08-22:39:41-29","itens":1,"hora":"2025-07-08 22:39:49"}
[LISTAR-ENTRY] {"session_id":"fpipsj3jonapm2pmgnahevbvlm","sessao_usuario":"2025-07-08-22:39:41-29","hora":"2025-07-08 22:39:49"}
[LISTAR-RESULT] {"sessao":"2025-07-08-22:39:41-29","result":[{"id":319,"sessao":"2025-07-08-22:39:41-29","cliente":0,"produto":216,"quantidade":1,"total_item":"18.00","obs":"","pedido":0,"data":"2025-07-08","id_sabor":null,"categoria":null,"item":null,"variacao":null,"mesa":null,"nome_cliente":null,"nome_produto":"ALASANHADO","sabores":null,"borda":null,"valor_unitario":"18.000000","status":null,"hora":"22:39:44","foto_produto":"15-01-2024-13-53-57-WhatsApp-Image-2024-01-02-at-12.20.06.jpeg"}],"hora":"2025-07-08 22:39:49"}
[SESSION-LISTAR] {"session_id":"fpipsj3jonapm2pmgnahevbvlm","sessao_usuario":"2025-07-08-22:39:41-29","hora":"2025-07-08 22:39:49"}
[LISTAR-CARRINHO] {"sessao":"2025-07-08-22:39:41-29","itens":1,"hora":"2025-07-08 22:39:49"}
[LISTAR-ENTRY] {"session_id":"fpipsj3jonapm2pmgnahevbvlm","sessao_usuario":"2025-07-08-22:39:41-29","hora":"2025-07-08 22:39:49"}
[LISTAR-RESULT] {"sessao":"2025-07-08-22:39:41-29","result":[{"id":319,"sessao":"2025-07-08-22:39:41-29","cliente":0,"produto":216,"quantidade":1,"total_item":"18.00","obs":"","pedido":0,"data":"2025-07-08","id_sabor":null,"categoria":null,"item":null,"variacao":null,"mesa":null,"nome_cliente":null,"nome_produto":"ALASANHADO","sabores":null,"borda":null,"valor_unitario":"18.000000","status":null,"hora":"22:39:44","foto_produto":"15-01-2024-13-53-57-WhatsApp-Image-2024-01-02-at-12.20.06.jpeg"}],"hora":"2025-07-08 22:39:49"}
[SESSION-LISTAR] {"session_id":"fpipsj3jonapm2pmgnahevbvlm","sessao_usuario":"2025-07-08-22:39:41-29","hora":"2025-07-08 22:39:49"}
[LISTAR-CARRINHO] {"sessao":"2025-07-08-22:39:41-29","itens":1,"hora":"2025-07-08 22:39:49"}
[LISTAR-ENTRY] {"session_id":"fpipsj3jonapm2pmgnahevbvlm","sessao_usuario":"2025-07-08-22:39:41-29","hora":"2025-07-08 23:14:14"}
[LISTAR-RESULT] {"sessao":"2025-07-08-22:39:41-29","result":[{"id":320,"sessao":"2025-07-08-22:39:41-29","cliente":0,"produto":242,"quantidade":1,"total_item":"31.00","obs":"","pedido":0,"data":"2025-07-08","id_sabor":null,"categoria":null,"item":null,"variacao":null,"mesa":null,"nome_cliente":null,"nome_produto":"Combo Trio Del\u00edcia","sabores":null,"borda":null,"valor_unitario":"33.000000","status":null,"hora":"23:14:14","foto_produto":"13-04-2025-08-35-21-4.jpg"},{"id":319,"sessao":"2025-07-08-22:39:41-29","cliente":0,"produto":216,"quantidade":1,"total_item":"18.00","obs":"","pedido":0,"data":"2025-07-08","id_sabor":null,"categoria":null,"item":null,"variacao":null,"mesa":null,"nome_cliente":null,"nome_produto":"ALASANHADO","sabores":null,"borda":null,"valor_unitario":"18.000000","status":null,"hora":"22:39:44","foto_produto":"15-01-2024-13-53-57-WhatsApp-Image-2024-01-02-at-12.20.06.jpeg"}],"hora":"2025-07-08 23:14:14"}
[SESSION-LISTAR] {"session_id":"fpipsj3jonapm2pmgnahevbvlm","sessao_usuario":"2025-07-08-22:39:41-29","hora":"2025-07-08 23:14:14"}
[LISTAR-CARRINHO] {"sessao":"2025-07-08-22:39:41-29","itens":2,"hora":"2025-07-08 23:14:14"}
[LISTAR-ENTRY] {"session_id":"fpipsj3jonapm2pmgnahevbvlm","sessao_usuario":"2025-07-08-22:39:41-29","hora":"2025-07-08 23:14:14"}
[LISTAR-RESULT] {"sessao":"2025-07-08-22:39:41-29","result":[{"id":320,"sessao":"2025-07-08-22:39:41-29","cliente":0,"produto":242,"quantidade":1,"total_item":"31.00","obs":"","pedido":0,"data":"2025-07-08","id_sabor":null,"categoria":null,"item":null,"variacao":null,"mesa":null,"nome_cliente":null,"nome_produto":"Combo Trio Del\u00edcia","sabores":null,"borda":null,"valor_unitario":"33.000000","status":null,"hora":"23:14:14","foto_produto":"13-04-2025-08-35-21-4.jpg"},{"id":319,"sessao":"2025-07-08-22:39:41-29","cliente":0,"produto":216,"quantidade":1,"total_item":"18.00","obs":"","pedido":0,"data":"2025-07-08","id_sabor":null,"categoria":null,"item":null,"variacao":null,"mesa":null,"nome_cliente":null,"nome_produto":"ALASANHADO","sabores":null,"borda":null,"valor_unitario":"18.000000","status":null,"hora":"22:39:44","foto_produto":"15-01-2024-13-53-57-WhatsApp-Image-2024-01-02-at-12.20.06.jpeg"}],"hora":"2025-07-08 23:14:14"}
[SESSION-LISTAR] {"session_id":"fpipsj3jonapm2pmgnahevbvlm","sessao_usuario":"2025-07-08-22:39:41-29","hora":"2025-07-08 23:14:14"}
[LISTAR-CARRINHO] {"sessao":"2025-07-08-22:39:41-29","itens":2,"hora":"2025-07-08 23:14:14"}
[LISTAR-ENTRY] {"session_id":"fpipsj3jonapm2pmgnahevbvlm","sessao_usuario":"2025-07-08-22:39:41-29","hora":"2025-07-08 23:14:14"}
[LISTAR-RESULT] {"sessao":"2025-07-08-22:39:41-29","result":[{"id":320,"sessao":"2025-07-08-22:39:41-29","cliente":0,"produto":242,"quantidade":1,"total_item":"31.00","obs":"","pedido":0,"data":"2025-07-08","id_sabor":null,"categoria":null,"item":null,"variacao":null,"mesa":null,"nome_cliente":null,"nome_produto":"Combo Trio Del\u00edcia","sabores":null,"borda":null,"valor_unitario":"33.000000","status":null,"hora":"23:14:14","foto_produto":"13-04-2025-08-35-21-4.jpg"},{"id":319,"sessao":"2025-07-08-22:39:41-29","cliente":0,"produto":216,"quantidade":1,"total_item":"18.00","obs":"","pedido":0,"data":"2025-07-08","id_sabor":null,"categoria":null,"item":null,"variacao":null,"mesa":null,"nome_cliente":null,"nome_produto":"ALASANHADO","sabores":null,"borda":null,"valor_unitario":"18.000000","status":null,"hora":"22:39:44","foto_produto":"15-01-2024-13-53-57-WhatsApp-Image-2024-01-02-at-12.20.06.jpeg"}],"hora":"2025-07-08 23:14:14"}
[SESSION-LISTAR] {"session_id":"fpipsj3jonapm2pmgnahevbvlm","sessao_usuario":"2025-07-08-22:39:41-29","hora":"2025-07-08 23:14:14"}
[LISTAR-CARRINHO] {"sessao":"2025-07-08-22:39:41-29","itens":2,"hora":"2025-07-08 23:14:14"}
[LISTAR-ENTRY] {"session_id":"65ihp5sfaj5jt4ojril65kft7h","sessao_usuario":"2025-07-08-23:27:24-739","hora":"2025-07-08 23:27:26"}
[LISTAR-RESULT] {"sessao":"2025-07-08-23:27:24-739","result":[{"id":321,"sessao":"2025-07-08-23:27:24-739","cliente":0,"produto":14,"quantidade":1,"total_item":"20.00","obs":"","pedido":0,"data":"2025-07-08","id_sabor":null,"categoria":null,"item":null,"variacao":null,"mesa":null,"nome_cliente":null,"nome_produto":"DRAG\u00c3O PICANHA","sabores":null,"borda":null,"valor_unitario":"20.000000","status":null,"hora":"23:27:26","foto_produto":"24-12-2023-14-23-40-ESPECIAL.jpg"}],"hora":"2025-07-08 23:27:26"}
[SESSION-LISTAR] {"session_id":"65ihp5sfaj5jt4ojril65kft7h","sessao_usuario":"2025-07-08-23:27:24-739","hora":"2025-07-08 23:27:26"}
[LISTAR-CARRINHO] {"sessao":"2025-07-08-23:27:24-739","itens":1,"hora":"2025-07-08 23:27:26"}
[LISTAR-ENTRY] {"session_id":"65ihp5sfaj5jt4ojril65kft7h","sessao_usuario":"2025-07-08-23:27:24-739","hora":"2025-07-08 23:27:26"}
[LISTAR-RESULT] {"sessao":"2025-07-08-23:27:24-739","result":[{"id":321,"sessao":"2025-07-08-23:27:24-739","cliente":0,"produto":14,"quantidade":1,"total_item":"20.00","obs":"","pedido":0,"data":"2025-07-08","id_sabor":null,"categoria":null,"item":null,"variacao":null,"mesa":null,"nome_cliente":null,"nome_produto":"DRAG\u00c3O PICANHA","sabores":null,"borda":null,"valor_unitario":"20.000000","status":null,"hora":"23:27:26","foto_produto":"24-12-2023-14-23-40-ESPECIAL.jpg"}],"hora":"2025-07-08 23:27:26"}
[SESSION-LISTAR] {"session_id":"65ihp5sfaj5jt4ojril65kft7h","sessao_usuario":"2025-07-08-23:27:24-739","hora":"2025-07-08 23:27:26"}
[LISTAR-CARRINHO] {"sessao":"2025-07-08-23:27:24-739","itens":1,"hora":"2025-07-08 23:27:26"}
[LISTAR-ENTRY] {"session_id":"65ihp5sfaj5jt4ojril65kft7h","sessao_usuario":"2025-07-08-23:27:24-739","hora":"2025-07-08 23:27:26"}
[LISTAR-RESULT] {"sessao":"2025-07-08-23:27:24-739","result":[{"id":321,"sessao":"2025-07-08-23:27:24-739","cliente":0,"produto":14,"quantidade":1,"total_item":"20.00","obs":"","pedido":0,"data":"2025-07-08","id_sabor":null,"categoria":null,"item":null,"variacao":null,"mesa":null,"nome_cliente":null,"nome_produto":"DRAG\u00c3O PICANHA","sabores":null,"borda":null,"valor_unitario":"20.000000","status":null,"hora":"23:27:26","foto_produto":"24-12-2023-14-23-40-ESPECIAL.jpg"}],"hora":"2025-07-08 23:27:26"}
[SESSION-LISTAR] {"session_id":"65ihp5sfaj5jt4ojril65kft7h","sessao_usuario":"2025-07-08-23:27:24-739","hora":"2025-07-08 23:27:26"}
[LISTAR-CARRINHO] {"sessao":"2025-07-08-23:27:24-739","itens":1,"hora":"2025-07-08 23:27:26"}
[LISTAR-ENTRY] {"session_id":"65ihp5sfaj5jt4ojril65kft7h","sessao_usuario":"2025-07-08-23:31:48-1007","hora":"2025-07-08 23:31:54"}
[LISTAR-RESULT] {"sessao":"2025-07-08-23:31:48-1007","result":[{"id":322,"sessao":"2025-07-08-23:31:48-1007","cliente":0,"produto":14,"quantidade":2,"total_item":"40.00","obs":"","pedido":0,"data":"2025-07-08","id_sabor":null,"categoria":null,"item":null,"variacao":null,"mesa":null,"nome_cliente":null,"nome_produto":"DRAG\u00c3O PICANHA","sabores":null,"borda":null,"valor_unitario":"20.000000","status":null,"hora":"23:31:53","foto_produto":"24-12-2023-14-23-40-ESPECIAL.jpg"}],"hora":"2025-07-08 23:31:54"}
[SESSION-LISTAR] {"session_id":"65ihp5sfaj5jt4ojril65kft7h","sessao_usuario":"2025-07-08-23:31:48-1007","hora":"2025-07-08 23:31:54"}
[LISTAR-CARRINHO] {"sessao":"2025-07-08-23:31:48-1007","itens":1,"hora":"2025-07-08 23:31:54"}
[LISTAR-ENTRY] {"session_id":"65ihp5sfaj5jt4ojril65kft7h","sessao_usuario":"2025-07-08-23:31:48-1007","hora":"2025-07-08 23:31:54"}
[LISTAR-RESULT] {"sessao":"2025-07-08-23:31:48-1007","result":[{"id":322,"sessao":"2025-07-08-23:31:48-1007","cliente":0,"produto":14,"quantidade":2,"total_item":"40.00","obs":"","pedido":0,"data":"2025-07-08","id_sabor":null,"categoria":null,"item":null,"variacao":null,"mesa":null,"nome_cliente":null,"nome_produto":"DRAG\u00c3O PICANHA","sabores":null,"borda":null,"valor_unitario":"20.000000","status":null,"hora":"23:31:53","foto_produto":"24-12-2023-14-23-40-ESPECIAL.jpg"}],"hora":"2025-07-08 23:31:54"}
[SESSION-LISTAR] {"session_id":"65ihp5sfaj5jt4ojril65kft7h","sessao_usuario":"2025-07-08-23:31:48-1007","hora":"2025-07-08 23:31:54"}
[LISTAR-CARRINHO] {"sessao":"2025-07-08-23:31:48-1007","itens":1,"hora":"2025-07-08 23:31:54"}
[LISTAR-ENTRY] {"session_id":"65ihp5sfaj5jt4ojril65kft7h","sessao_usuario":"2025-07-08-23:31:48-1007","hora":"2025-07-08 23:31:54"}
[LISTAR-RESULT] {"sessao":"2025-07-08-23:31:48-1007","result":[{"id":322,"sessao":"2025-07-08-23:31:48-1007","cliente":0,"produto":14,"quantidade":2,"total_item":"40.00","obs":"","pedido":0,"data":"2025-07-08","id_sabor":null,"categoria":null,"item":null,"variacao":null,"mesa":null,"nome_cliente":null,"nome_produto":"DRAG\u00c3O PICANHA","sabores":null,"borda":null,"valor_unitario":"20.000000","status":null,"hora":"23:31:53","foto_produto":"24-12-2023-14-23-40-ESPECIAL.jpg"}],"hora":"2025-07-08 23:31:54"}
[SESSION-LISTAR] {"session_id":"65ihp5sfaj5jt4ojril65kft7h","sessao_usuario":"2025-07-08-23:31:48-1007","hora":"2025-07-08 23:31:54"}
[LISTAR-CARRINHO] {"sessao":"2025-07-08-23:31:48-1007","itens":1,"hora":"2025-07-08 23:31:54"}
[LISTAR-ENTRY] {"session_id":"65ihp5sfaj5jt4ojril65kft7h","sessao_usuario":"2025-07-08-23:37:59-461","hora":"2025-07-08 23:38:08"}
[LISTAR-RESULT] {"sessao":"2025-07-08-23:37:59-461","result":[{"id":323,"sessao":"2025-07-08-23:37:59-461","cliente":0,"produto":16,"quantidade":3,"total_item":"69.00","obs":"","pedido":0,"data":"2025-07-08","id_sabor":null,"categoria":null,"item":null,"variacao":null,"mesa":null,"nome_cliente":null,"nome_produto":"MIX DRAG\u00c3O","sabores":null,"borda":null,"valor_unitario":"18.000000","status":null,"hora":"23:38:05","foto_produto":"24-12-2023-14-22-47-ESPECIAL.jpg"}],"hora":"2025-07-08 23:38:08"}
[SESSION-LISTAR] {"session_id":"65ihp5sfaj5jt4ojril65kft7h","sessao_usuario":"2025-07-08-23:37:59-461","hora":"2025-07-08 23:38:08"}
[LISTAR-CARRINHO] {"sessao":"2025-07-08-23:37:59-461","itens":1,"hora":"2025-07-08 23:38:08"}
[LISTAR-ENTRY] {"session_id":"65ihp5sfaj5jt4ojril65kft7h","sessao_usuario":"2025-07-08-23:37:59-461","hora":"2025-07-08 23:38:08"}
[LISTAR-RESULT] {"sessao":"2025-07-08-23:37:59-461","result":[{"id":323,"sessao":"2025-07-08-23:37:59-461","cliente":0,"produto":16,"quantidade":3,"total_item":"69.00","obs":"","pedido":0,"data":"2025-07-08","id_sabor":null,"categoria":null,"item":null,"variacao":null,"mesa":null,"nome_cliente":null,"nome_produto":"MIX DRAG\u00c3O","sabores":null,"borda":null,"valor_unitario":"18.000000","status":null,"hora":"23:38:05","foto_produto":"24-12-2023-14-22-47-ESPECIAL.jpg"}],"hora":"2025-07-08 23:38:08"}
[SESSION-LISTAR] {"session_id":"65ihp5sfaj5jt4ojril65kft7h","sessao_usuario":"2025-07-08-23:37:59-461","hora":"2025-07-08 23:38:08"}
[LISTAR-CARRINHO] {"sessao":"2025-07-08-23:37:59-461","itens":1,"hora":"2025-07-08 23:38:08"}
[LISTAR-ENTRY] {"session_id":"65ihp5sfaj5jt4ojril65kft7h","sessao_usuario":"2025-07-08-23:37:59-461","hora":"2025-07-08 23:38:08"}
[LISTAR-RESULT] {"sessao":"2025-07-08-23:37:59-461","result":[{"id":323,"sessao":"2025-07-08-23:37:59-461","cliente":0,"produto":16,"quantidade":3,"total_item":"69.00","obs":"","pedido":0,"data":"2025-07-08","id_sabor":null,"categoria":null,"item":null,"variacao":null,"mesa":null,"nome_cliente":null,"nome_produto":"MIX DRAG\u00c3O","sabores":null,"borda":null,"valor_unitario":"18.000000","status":null,"hora":"23:38:05","foto_produto":"24-12-2023-14-22-47-ESPECIAL.jpg"}],"hora":"2025-07-08 23:38:08"}
[SESSION-LISTAR] {"session_id":"65ihp5sfaj5jt4ojril65kft7h","sessao_usuario":"2025-07-08-23:37:59-461","hora":"2025-07-08 23:38:08"}
[LISTAR-CARRINHO] {"sessao":"2025-07-08-23:37:59-461","itens":1,"hora":"2025-07-08 23:38:08"}
[LISTAR-ENTRY] {"session_id":"65ihp5sfaj5jt4ojril65kft7h","sessao_usuario":"2025-07-08-23:37:59-461","hora":"2025-07-08 23:49:37"}
[LISTAR-RESULT] {"sessao":"2025-07-08-23:37:59-461","result":[{"id":324,"sessao":"2025-07-08-23:37:59-461","cliente":0,"produto":14,"quantidade":1,"total_item":"20.00","obs":"","pedido":0,"data":"2025-07-08","id_sabor":null,"categoria":null,"item":null,"variacao":null,"mesa":null,"nome_cliente":null,"nome_produto":"DRAG\u00c3O PICANHA","sabores":null,"borda":null,"valor_unitario":"20.000000","status":null,"hora":"23:49:37","foto_produto":"24-12-2023-14-23-40-ESPECIAL.jpg"}],"hora":"2025-07-08 23:49:37"}
[SESSION-LISTAR] {"session_id":"65ihp5sfaj5jt4ojril65kft7h","sessao_usuario":"2025-07-08-23:37:59-461","hora":"2025-07-08 23:49:37"}
[LISTAR-CARRINHO] {"sessao":"2025-07-08-23:37:59-461","itens":1,"hora":"2025-07-08 23:49:37"}
[LISTAR-ENTRY] {"session_id":"65ihp5sfaj5jt4ojril65kft7h","sessao_usuario":"2025-07-08-23:37:59-461","hora":"2025-07-08 23:49:37"}
[LISTAR-RESULT] {"sessao":"2025-07-08-23:37:59-461","result":[{"id":324,"sessao":"2025-07-08-23:37:59-461","cliente":0,"produto":14,"quantidade":1,"total_item":"20.00","obs":"","pedido":0,"data":"2025-07-08","id_sabor":null,"categoria":null,"item":null,"variacao":null,"mesa":null,"nome_cliente":null,"nome_produto":"DRAG\u00c3O PICANHA","sabores":null,"borda":null,"valor_unitario":"20.000000","status":null,"hora":"23:49:37","foto_produto":"24-12-2023-14-23-40-ESPECIAL.jpg"}],"hora":"2025-07-08 23:49:37"}
[SESSION-LISTAR] {"session_id":"65ihp5sfaj5jt4ojril65kft7h","sessao_usuario":"2025-07-08-23:37:59-461","hora":"2025-07-08 23:49:37"}
[LISTAR-CARRINHO] {"sessao":"2025-07-08-23:37:59-461","itens":1,"hora":"2025-07-08 23:49:37"}
[LISTAR-ENTRY] {"session_id":"65ihp5sfaj5jt4ojril65kft7h","sessao_usuario":"2025-07-08-23:37:59-461","hora":"2025-07-08 23:49:37"}
[LISTAR-RESULT] {"sessao":"2025-07-08-23:37:59-461","result":[{"id":324,"sessao":"2025-07-08-23:37:59-461","cliente":0,"produto":14,"quantidade":1,"total_item":"20.00","obs":"","pedido":0,"data":"2025-07-08","id_sabor":null,"categoria":null,"item":null,"variacao":null,"mesa":null,"nome_cliente":null,"nome_produto":"DRAG\u00c3O PICANHA","sabores":null,"borda":null,"valor_unitario":"20.000000","status":null,"hora":"23:49:37","foto_produto":"24-12-2023-14-23-40-ESPECIAL.jpg"}],"hora":"2025-07-08 23:49:37"}
[SESSION-LISTAR] {"session_id":"65ihp5sfaj5jt4ojril65kft7h","sessao_usuario":"2025-07-08-23:37:59-461","hora":"2025-07-08 23:49:37"}
[LISTAR-CARRINHO] {"sessao":"2025-07-08-23:37:59-461","itens":1,"hora":"2025-07-08 23:49:37"}
[LISTAR-ENTRY] {"session_id":"65ihp5sfaj5jt4ojril65kft7h","sessao_usuario":"2025-07-08-23:37:59-461","hora":"2025-07-08 23:49:54"}
[LISTAR-RESULT] {"sessao":"2025-07-08-23:37:59-461","result":[{"id":325,"sessao":"2025-07-08-23:37:59-461","cliente":0,"produto":85,"quantidade":1,"total_item":"20.00","obs":"","pedido":0,"data":"2025-07-08","id_sabor":null,"categoria":null,"item":null,"variacao":null,"mesa":null,"nome_cliente":null,"nome_produto":"DRAG\u00c3O CALABRESA","sabores":null,"borda":null,"valor_unitario":"20.000000","status":null,"hora":"23:49:54","foto_produto":"24-12-2023-14-20-41-ESPECIAL.jpg"},{"id":324,"sessao":"2025-07-08-23:37:59-461","cliente":0,"produto":14,"quantidade":1,"total_item":"20.00","obs":"","pedido":0,"data":"2025-07-08","id_sabor":null,"categoria":null,"item":null,"variacao":null,"mesa":null,"nome_cliente":null,"nome_produto":"DRAG\u00c3O PICANHA","sabores":null,"borda":null,"valor_unitario":"20.000000","status":null,"hora":"23:49:37","foto_produto":"24-12-2023-14-23-40-ESPECIAL.jpg"}],"hora":"2025-07-08 23:49:54"}
[SESSION-LISTAR] {"session_id":"65ihp5sfaj5jt4ojril65kft7h","sessao_usuario":"2025-07-08-23:37:59-461","hora":"2025-07-08 23:49:54"}
[LISTAR-CARRINHO] {"sessao":"2025-07-08-23:37:59-461","itens":2,"hora":"2025-07-08 23:49:54"}
[LISTAR-ENTRY] {"session_id":"65ihp5sfaj5jt4ojril65kft7h","sessao_usuario":"2025-07-08-23:37:59-461","hora":"2025-07-08 23:49:54"}
[LISTAR-RESULT] {"sessao":"2025-07-08-23:37:59-461","result":[{"id":325,"sessao":"2025-07-08-23:37:59-461","cliente":0,"produto":85,"quantidade":1,"total_item":"20.00","obs":"","pedido":0,"data":"2025-07-08","id_sabor":null,"categoria":null,"item":null,"variacao":null,"mesa":null,"nome_cliente":null,"nome_produto":"DRAG\u00c3O CALABRESA","sabores":null,"borda":null,"valor_unitario":"20.000000","status":null,"hora":"23:49:54","foto_produto":"24-12-2023-14-20-41-ESPECIAL.jpg"},{"id":324,"sessao":"2025-07-08-23:37:59-461","cliente":0,"produto":14,"quantidade":1,"total_item":"20.00","obs":"","pedido":0,"data":"2025-07-08","id_sabor":null,"categoria":null,"item":null,"variacao":null,"mesa":null,"nome_cliente":null,"nome_produto":"DRAG\u00c3O PICANHA","sabores":null,"borda":null,"valor_unitario":"20.000000","status":null,"hora":"23:49:37","foto_produto":"24-12-2023-14-23-40-ESPECIAL.jpg"}],"hora":"2025-07-08 23:49:54"}
[SESSION-LISTAR] {"session_id":"65ihp5sfaj5jt4ojril65kft7h","sessao_usuario":"2025-07-08-23:37:59-461","hora":"2025-07-08 23:49:54"}
[LISTAR-CARRINHO] {"sessao":"2025-07-08-23:37:59-461","itens":2,"hora":"2025-07-08 23:49:54"}
[LISTAR-ENTRY] {"session_id":"65ihp5sfaj5jt4ojril65kft7h","sessao_usuario":"2025-07-08-23:37:59-461","hora":"2025-07-08 23:49:54"}
[LISTAR-RESULT] {"sessao":"2025-07-08-23:37:59-461","result":[{"id":325,"sessao":"2025-07-08-23:37:59-461","cliente":0,"produto":85,"quantidade":1,"total_item":"20.00","obs":"","pedido":0,"data":"2025-07-08","id_sabor":null,"categoria":null,"item":null,"variacao":null,"mesa":null,"nome_cliente":null,"nome_produto":"DRAG\u00c3O CALABRESA","sabores":null,"borda":null,"valor_unitario":"20.000000","status":null,"hora":"23:49:54","foto_produto":"24-12-2023-14-20-41-ESPECIAL.jpg"},{"id":324,"sessao":"2025-07-08-23:37:59-461","cliente":0,"produto":14,"quantidade":1,"total_item":"20.00","obs":"","pedido":0,"data":"2025-07-08","id_sabor":null,"categoria":null,"item":null,"variacao":null,"mesa":null,"nome_cliente":null,"nome_produto":"DRAG\u00c3O PICANHA","sabores":null,"borda":null,"valor_unitario":"20.000000","status":null,"hora":"23:49:37","foto_produto":"24-12-2023-14-23-40-ESPECIAL.jpg"}],"hora":"2025-07-08 23:49:54"}
[SESSION-LISTAR] {"session_id":"65ihp5sfaj5jt4ojril65kft7h","sessao_usuario":"2025-07-08-23:37:59-461","hora":"2025-07-08 23:49:54"}
[LISTAR-CARRINHO] {"sessao":"2025-07-08-23:37:59-461","itens":2,"hora":"2025-07-08 23:49:54"}
[LISTAR-ENTRY] {"session_id":"65ihp5sfaj5jt4ojril65kft7h","sessao_usuario":"2025-07-08-23:37:59-461","hora":"2025-07-08 23:50:28"}
[LISTAR-RESULT] {"sessao":"2025-07-08-23:37:59-461","result":[{"id":325,"sessao":"2025-07-08-23:37:59-461","cliente":0,"produto":85,"quantidade":1,"total_item":"20.00","obs":"","pedido":0,"data":"2025-07-08","id_sabor":null,"categoria":null,"item":null,"variacao":null,"mesa":null,"nome_cliente":null,"nome_produto":"DRAG\u00c3O CALABRESA","sabores":null,"borda":null,"valor_unitario":"20.000000","status":null,"hora":"23:49:54","foto_produto":"24-12-2023-14-20-41-ESPECIAL.jpg"},{"id":324,"sessao":"2025-07-08-23:37:59-461","cliente":0,"produto":14,"quantidade":1,"total_item":"20.00","obs":"","pedido":0,"data":"2025-07-08","id_sabor":null,"categoria":null,"item":null,"variacao":null,"mesa":null,"nome_cliente":null,"nome_produto":"DRAG\u00c3O PICANHA","sabores":null,"borda":null,"valor_unitario":"20.000000","status":null,"hora":"23:49:37","foto_produto":"24-12-2023-14-23-40-ESPECIAL.jpg"}],"hora":"2025-07-08 23:50:28"}
[SESSION-LISTAR] {"session_id":"65ihp5sfaj5jt4ojril65kft7h","sessao_usuario":"2025-07-08-23:37:59-461","hora":"2025-07-08 23:50:28"}
[LISTAR-CARRINHO] {"sessao":"2025-07-08-23:37:59-461","itens":2,"hora":"2025-07-08 23:50:28"}
[LISTAR-ENTRY] {"session_id":"65ihp5sfaj5jt4ojril65kft7h","sessao_usuario":"2025-07-08-23:37:59-461","hora":"2025-07-08 23:50:28"}
[LISTAR-RESULT] {"sessao":"2025-07-08-23:37:59-461","result":[{"id":325,"sessao":"2025-07-08-23:37:59-461","cliente":0,"produto":85,"quantidade":1,"total_item":"20.00","obs":"","pedido":0,"data":"2025-07-08","id_sabor":null,"categoria":null,"item":null,"variacao":null,"mesa":null,"nome_cliente":null,"nome_produto":"DRAG\u00c3O CALABRESA","sabores":null,"borda":null,"valor_unitario":"20.000000","status":null,"hora":"23:49:54","foto_produto":"24-12-2023-14-20-41-ESPECIAL.jpg"},{"id":324,"sessao":"2025-07-08-23:37:59-461","cliente":0,"produto":14,"quantidade":1,"total_item":"20.00","obs":"","pedido":0,"data":"2025-07-08","id_sabor":null,"categoria":null,"item":null,"variacao":null,"mesa":null,"nome_cliente":null,"nome_produto":"DRAG\u00c3O PICANHA","sabores":null,"borda":null,"valor_unitario":"20.000000","status":null,"hora":"23:49:37","foto_produto":"24-12-2023-14-23-40-ESPECIAL.jpg"}],"hora":"2025-07-08 23:50:28"}
[SESSION-LISTAR] {"session_id":"65ihp5sfaj5jt4ojril65kft7h","sessao_usuario":"2025-07-08-23:37:59-461","hora":"2025-07-08 23:50:28"}
[LISTAR-CARRINHO] {"sessao":"2025-07-08-23:37:59-461","itens":2,"hora":"2025-07-08 23:50:28"}
[LISTAR-ENTRY] {"session_id":"65ihp5sfaj5jt4ojril65kft7h","sessao_usuario":"2025-07-08-23:37:59-461","hora":"2025-07-08 23:50:28"}
[LISTAR-RESULT] {"sessao":"2025-07-08-23:37:59-461","result":[{"id":325,"sessao":"2025-07-08-23:37:59-461","cliente":0,"produto":85,"quantidade":1,"total_item":"20.00","obs":"","pedido":0,"data":"2025-07-08","id_sabor":null,"categoria":null,"item":null,"variacao":null,"mesa":null,"nome_cliente":null,"nome_produto":"DRAG\u00c3O CALABRESA","sabores":null,"borda":null,"valor_unitario":"20.000000","status":null,"hora":"23:49:54","foto_produto":"24-12-2023-14-20-41-ESPECIAL.jpg"},{"id":324,"sessao":"2025-07-08-23:37:59-461","cliente":0,"produto":14,"quantidade":1,"total_item":"20.00","obs":"","pedido":0,"data":"2025-07-08","id_sabor":null,"categoria":null,"item":null,"variacao":null,"mesa":null,"nome_cliente":null,"nome_produto":"DRAG\u00c3O PICANHA","sabores":null,"borda":null,"valor_unitario":"20.000000","status":null,"hora":"23:49:37","foto_produto":"24-12-2023-14-23-40-ESPECIAL.jpg"}],"hora":"2025-07-08 23:50:28"}
[SESSION-LISTAR] {"session_id":"65ihp5sfaj5jt4ojril65kft7h","sessao_usuario":"2025-07-08-23:37:59-461","hora":"2025-07-08 23:50:28"}
[LISTAR-CARRINHO] {"sessao":"2025-07-08-23:37:59-461","itens":2,"hora":"2025-07-08 23:50:28"}
[LISTAR-ENTRY] {"session_id":"65ihp5sfaj5jt4ojril65kft7h","sessao_usuario":"2025-07-08-23:37:59-461","hora":"2025-07-08 23:53:09"}
[LISTAR-RESULT] {"sessao":"2025-07-08-23:37:59-461","result":[{"id":326,"sessao":"2025-07-08-23:37:59-461","cliente":0,"produto":80,"quantidade":1,"total_item":"21.00","obs":"","pedido":0,"data":"2025-07-08","id_sabor":null,"categoria":null,"item":null,"variacao":null,"mesa":null,"nome_cliente":null,"nome_produto":"MIX DRAG\u00c3O 2","sabores":null,"borda":null,"valor_unitario":"21.000000","status":null,"hora":"23:53:06","foto_produto":"24-12-2023-14-08-55-ESPECIAL.jpg"},{"id":325,"sessao":"2025-07-08-23:37:59-461","cliente":0,"produto":85,"quantidade":1,"total_item":"20.00","obs":"","pedido":0,"data":"2025-07-08","id_sabor":null,"categoria":null,"item":null,"variacao":null,"mesa":null,"nome_cliente":null,"nome_produto":"DRAG\u00c3O CALABRESA","sabores":null,"borda":null,"valor_unitario":"20.000000","status":null,"hora":"23:49:54","foto_produto":"24-12-2023-14-20-41-ESPECIAL.jpg"},{"id":324,"sessao":"2025-07-08-23:37:59-461","cliente":0,"produto":14,"quantidade":1,"total_item":"20.00","obs":"","pedido":0,"data":"2025-07-08","id_sabor":null,"categoria":null,"item":null,"variacao":null,"mesa":null,"nome_cliente":null,"nome_produto":"DRAG\u00c3O PICANHA","sabores":null,"borda":null,"valor_unitario":"20.000000","status":null,"hora":"23:49:37","foto_produto":"24-12-2023-14-23-40-ESPECIAL.jpg"}],"hora":"2025-07-08 23:53:09"}
[SESSION-LISTAR] {"session_id":"65ihp5sfaj5jt4ojril65kft7h","sessao_usuario":"2025-07-08-23:37:59-461","hora":"2025-07-08 23:53:09"}
[LISTAR-CARRINHO] {"sessao":"2025-07-08-23:37:59-461","itens":3,"hora":"2025-07-08 23:53:09"}
[LISTAR-ENTRY] {"session_id":"65ihp5sfaj5jt4ojril65kft7h","sessao_usuario":"2025-07-08-23:37:59-461","hora":"2025-07-08 23:53:09"}
[LISTAR-RESULT] {"sessao":"2025-07-08-23:37:59-461","result":[{"id":326,"sessao":"2025-07-08-23:37:59-461","cliente":0,"produto":80,"quantidade":1,"total_item":"21.00","obs":"","pedido":0,"data":"2025-07-08","id_sabor":null,"categoria":null,"item":null,"variacao":null,"mesa":null,"nome_cliente":null,"nome_produto":"MIX DRAG\u00c3O 2","sabores":null,"borda":null,"valor_unitario":"21.000000","status":null,"hora":"23:53:06","foto_produto":"24-12-2023-14-08-55-ESPECIAL.jpg"},{"id":325,"sessao":"2025-07-08-23:37:59-461","cliente":0,"produto":85,"quantidade":1,"total_item":"20.00","obs":"","pedido":0,"data":"2025-07-08","id_sabor":null,"categoria":null,"item":null,"variacao":null,"mesa":null,"nome_cliente":null,"nome_produto":"DRAG\u00c3O CALABRESA","sabores":null,"borda":null,"valor_unitario":"20.000000","status":null,"hora":"23:49:54","foto_produto":"24-12-2023-14-20-41-ESPECIAL.jpg"},{"id":324,"sessao":"2025-07-08-23:37:59-461","cliente":0,"produto":14,"quantidade":1,"total_item":"20.00","obs":"","pedido":0,"data":"2025-07-08","id_sabor":null,"categoria":null,"item":null,"variacao":null,"mesa":null,"nome_cliente":null,"nome_produto":"DRAG\u00c3O PICANHA","sabores":null,"borda":null,"valor_unitario":"20.000000","status":null,"hora":"23:49:37","foto_produto":"24-12-2023-14-23-40-ESPECIAL.jpg"}],"hora":"2025-07-08 23:53:09"}
[SESSION-LISTAR] {"session_id":"65ihp5sfaj5jt4ojril65kft7h","sessao_usuario":"2025-07-08-23:37:59-461","hora":"2025-07-08 23:53:09"}
[LISTAR-CARRINHO] {"sessao":"2025-07-08-23:37:59-461","itens":3,"hora":"2025-07-08 23:53:09"}
[LISTAR-ENTRY] {"session_id":"65ihp5sfaj5jt4ojril65kft7h","sessao_usuario":"2025-07-08-23:37:59-461","hora":"2025-07-08 23:53:09"}
[LISTAR-RESULT] {"sessao":"2025-07-08-23:37:59-461","result":[{"id":326,"sessao":"2025-07-08-23:37:59-461","cliente":0,"produto":80,"quantidade":1,"total_item":"21.00","obs":"","pedido":0,"data":"2025-07-08","id_sabor":null,"categoria":null,"item":null,"variacao":null,"mesa":null,"nome_cliente":null,"nome_produto":"MIX DRAG\u00c3O 2","sabores":null,"borda":null,"valor_unitario":"21.000000","status":null,"hora":"23:53:06","foto_produto":"24-12-2023-14-08-55-ESPECIAL.jpg"},{"id":325,"sessao":"2025-07-08-23:37:59-461","cliente":0,"produto":85,"quantidade":1,"total_item":"20.00","obs":"","pedido":0,"data":"2025-07-08","id_sabor":null,"categoria":null,"item":null,"variacao":null,"mesa":null,"nome_cliente":null,"nome_produto":"DRAG\u00c3O CALABRESA","sabores":null,"borda":null,"valor_unitario":"20.000000","status":null,"hora":"23:49:54","foto_produto":"24-12-2023-14-20-41-ESPECIAL.jpg"},{"id":324,"sessao":"2025-07-08-23:37:59-461","cliente":0,"produto":14,"quantidade":1,"total_item":"20.00","obs":"","pedido":0,"data":"2025-07-08","id_sabor":null,"categoria":null,"item":null,"variacao":null,"mesa":null,"nome_cliente":null,"nome_produto":"DRAG\u00c3O PICANHA","sabores":null,"borda":null,"valor_unitario":"20.000000","status":null,"hora":"23:49:37","foto_produto":"24-12-2023-14-23-40-ESPECIAL.jpg"}],"hora":"2025-07-08 23:53:09"}
[SESSION-LISTAR] {"session_id":"65ihp5sfaj5jt4ojril65kft7h","sessao_usuario":"2025-07-08-23:37:59-461","hora":"2025-07-08 23:53:09"}
[LISTAR-CARRINHO] {"sessao":"2025-07-08-23:37:59-461","itens":3,"hora":"2025-07-08 23:53:09"}
[LISTAR-ENTRY] {"session_id":"65ihp5sfaj5jt4ojril65kft7h","sessao_usuario":"2025-07-08-23:57:21-449","hora":"2025-07-08 23:57:25"}
[LISTAR-RESULT] {"sessao":"2025-07-08-23:57:21-449","result":[{"id":327,"sessao":"2025-07-08-23:57:21-449","cliente":0,"produto":14,"quantidade":1,"total_item":"20.00","obs":"","pedido":0,"data":"2025-07-08","id_sabor":null,"categoria":null,"item":null,"variacao":null,"mesa":null,"nome_cliente":null,"nome_produto":"DRAG\u00c3O PICANHA","sabores":null,"borda":null,"valor_unitario":"20.000000","status":null,"hora":"23:57:24","foto_produto":"24-12-2023-14-23-40-ESPECIAL.jpg"}],"hora":"2025-07-08 23:57:25"}
[SESSION-LISTAR] {"session_id":"65ihp5sfaj5jt4ojril65kft7h","sessao_usuario":"2025-07-08-23:57:21-449","hora":"2025-07-08 23:57:25"}
[LISTAR-CARRINHO] {"sessao":"2025-07-08-23:57:21-449","itens":1,"hora":"2025-07-08 23:57:25"}
[LISTAR-ENTRY] {"session_id":"65ihp5sfaj5jt4ojril65kft7h","sessao_usuario":"2025-07-08-23:57:21-449","hora":"2025-07-08 23:57:25"}
[LISTAR-RESULT] {"sessao":"2025-07-08-23:57:21-449","result":[{"id":327,"sessao":"2025-07-08-23:57:21-449","cliente":0,"produto":14,"quantidade":1,"total_item":"20.00","obs":"","pedido":0,"data":"2025-07-08","id_sabor":null,"categoria":null,"item":null,"variacao":null,"mesa":null,"nome_cliente":null,"nome_produto":"DRAG\u00c3O PICANHA","sabores":null,"borda":null,"valor_unitario":"20.000000","status":null,"hora":"23:57:24","foto_produto":"24-12-2023-14-23-40-ESPECIAL.jpg"}],"hora":"2025-07-08 23:57:25"}
[SESSION-LISTAR] {"session_id":"65ihp5sfaj5jt4ojril65kft7h","sessao_usuario":"2025-07-08-23:57:21-449","hora":"2025-07-08 23:57:25"}
[LISTAR-CARRINHO] {"sessao":"2025-07-08-23:57:21-449","itens":1,"hora":"2025-07-08 23:57:25"}
[LISTAR-ENTRY] {"session_id":"65ihp5sfaj5jt4ojril65kft7h","sessao_usuario":"2025-07-08-23:57:21-449","hora":"2025-07-08 23:57:25"}
[LISTAR-RESULT] {"sessao":"2025-07-08-23:57:21-449","result":[{"id":327,"sessao":"2025-07-08-23:57:21-449","cliente":0,"produto":14,"quantidade":1,"total_item":"20.00","obs":"","pedido":0,"data":"2025-07-08","id_sabor":null,"categoria":null,"item":null,"variacao":null,"mesa":null,"nome_cliente":null,"nome_produto":"DRAG\u00c3O PICANHA","sabores":null,"borda":null,"valor_unitario":"20.000000","status":null,"hora":"23:57:24","foto_produto":"24-12-2023-14-23-40-ESPECIAL.jpg"}],"hora":"2025-07-08 23:57:25"}
[SESSION-LISTAR] {"session_id":"65ihp5sfaj5jt4ojril65kft7h","sessao_usuario":"2025-07-08-23:57:21-449","hora":"2025-07-08 23:57:25"}
[LISTAR-CARRINHO] {"sessao":"2025-07-08-23:57:21-449","itens":1,"hora":"2025-07-08 23:57:25"}
[LISTAR-ENTRY] {"session_id":"mplhjoghfff1e9v4rc7ufkq9h8","sessao_usuario":"2025-07-09-01:52:29-193","hora":"2025-07-09 01:52:42"}
[LISTAR-RESULT] {"sessao":"2025-07-09-01:52:29-193","result":[{"id":328,"sessao":"2025-07-09-01:52:29-193","cliente":0,"produto":67,"quantidade":1,"total_item":"19.00","obs":"","pedido":0,"data":"2025-07-09","id_sabor":null,"categoria":null,"item":null,"variacao":null,"mesa":null,"nome_cliente":null,"nome_produto":"X-BURGUER DE CHARQUE","sabores":null,"borda":null,"valor_unitario":"14.000000","status":null,"hora":"01:52:42","foto_produto":"24-12-2023-13-56-44-CHARQUE.jpg"}],"hora":"2025-07-09 01:52:42"}
[SESSION-LISTAR] {"session_id":"mplhjoghfff1e9v4rc7ufkq9h8","sessao_usuario":"2025-07-09-01:52:29-193","hora":"2025-07-09 01:52:42"}
[LISTAR-CARRINHO] {"sessao":"2025-07-09-01:52:29-193","itens":1,"hora":"2025-07-09 01:52:42"}
[LISTAR-ENTRY] {"session_id":"mplhjoghfff1e9v4rc7ufkq9h8","sessao_usuario":"2025-07-09-01:52:29-193","hora":"2025-07-09 01:52:42"}
[LISTAR-RESULT] {"sessao":"2025-07-09-01:52:29-193","result":[{"id":328,"sessao":"2025-07-09-01:52:29-193","cliente":0,"produto":67,"quantidade":1,"total_item":"19.00","obs":"","pedido":0,"data":"2025-07-09","id_sabor":null,"categoria":null,"item":null,"variacao":null,"mesa":null,"nome_cliente":null,"nome_produto":"X-BURGUER DE CHARQUE","sabores":null,"borda":null,"valor_unitario":"14.000000","status":null,"hora":"01:52:42","foto_produto":"24-12-2023-13-56-44-CHARQUE.jpg"}],"hora":"2025-07-09 01:52:42"}
[SESSION-LISTAR] {"session_id":"mplhjoghfff1e9v4rc7ufkq9h8","sessao_usuario":"2025-07-09-01:52:29-193","hora":"2025-07-09 01:52:42"}
[LISTAR-CARRINHO] {"sessao":"2025-07-09-01:52:29-193","itens":1,"hora":"2025-07-09 01:52:42"}
[LISTAR-ENTRY] {"session_id":"mplhjoghfff1e9v4rc7ufkq9h8","sessao_usuario":"2025-07-09-01:52:29-193","hora":"2025-07-09 01:52:42"}
[LISTAR-RESULT] {"sessao":"2025-07-09-01:52:29-193","result":[{"id":328,"sessao":"2025-07-09-01:52:29-193","cliente":0,"produto":67,"quantidade":1,"total_item":"19.00","obs":"","pedido":0,"data":"2025-07-09","id_sabor":null,"categoria":null,"item":null,"variacao":null,"mesa":null,"nome_cliente":null,"nome_produto":"X-BURGUER DE CHARQUE","sabores":null,"borda":null,"valor_unitario":"14.000000","status":null,"hora":"01:52:42","foto_produto":"24-12-2023-13-56-44-CHARQUE.jpg"}],"hora":"2025-07-09 01:52:42"}
[SESSION-LISTAR] {"session_id":"mplhjoghfff1e9v4rc7ufkq9h8","sessao_usuario":"2025-07-09-01:52:29-193","hora":"2025-07-09 01:52:42"}
[LISTAR-CARRINHO] {"sessao":"2025-07-09-01:52:29-193","itens":1,"hora":"2025-07-09 01:52:42"}
[LISTAR-ENTRY] {"session_id":"hlbpeuea5p1s2617r5q959kv6j","sessao_usuario":"686e5d07c0e7d","hora":"2025-07-09 09:14:00"}
[LISTAR-RESULT] {"sessao":"686e5d07c0e7d","result":[{"id":329,"sessao":"686e5d07c0e7d","cliente":0,"produto":103,"quantidade":1,"total_item":"25.00","obs":"","pedido":0,"data":"2025-07-09","id_sabor":null,"categoria":null,"item":null,"variacao":null,"mesa":null,"nome_cliente":null,"nome_produto":"HAMB\u00daRGUERR DE PICANHA COM CARNEIRO","sabores":null,"borda":null,"valor_unitario":"15.000000","status":null,"hora":"09:13:59","foto_produto":"15-01-2024-09-45-02-WhatsApp-Image-2023-12-25-at-19.16.05-(5).jpeg"}],"hora":"2025-07-09 09:14:00"}
[SESSION-LISTAR] {"session_id":"hlbpeuea5p1s2617r5q959kv6j","sessao_usuario":"686e5d07c0e7d","hora":"2025-07-09 09:14:00"}
[LISTAR-CARRINHO] {"sessao":"686e5d07c0e7d","itens":1,"hora":"2025-07-09 09:14:00"}
[LISTAR-ENTRY] {"session_id":"hlbpeuea5p1s2617r5q959kv6j","sessao_usuario":"686e5d07c0e7d","hora":"2025-07-09 09:14:00"}
[LISTAR-RESULT] {"sessao":"686e5d07c0e7d","result":[{"id":329,"sessao":"686e5d07c0e7d","cliente":0,"produto":103,"quantidade":1,"total_item":"25.00","obs":"","pedido":0,"data":"2025-07-09","id_sabor":null,"categoria":null,"item":null,"variacao":null,"mesa":null,"nome_cliente":null,"nome_produto":"HAMB\u00daRGUERR DE PICANHA COM CARNEIRO","sabores":null,"borda":null,"valor_unitario":"15.000000","status":null,"hora":"09:13:59","foto_produto":"15-01-2024-09-45-02-WhatsApp-Image-2023-12-25-at-19.16.05-(5).jpeg"}],"hora":"2025-07-09 09:14:00"}
[SESSION-LISTAR] {"session_id":"hlbpeuea5p1s2617r5q959kv6j","sessao_usuario":"686e5d07c0e7d","hora":"2025-07-09 09:14:00"}
[LISTAR-CARRINHO] {"sessao":"686e5d07c0e7d","itens":1,"hora":"2025-07-09 09:14:00"}
[LISTAR-ENTRY] {"session_id":"hlbpeuea5p1s2617r5q959kv6j","sessao_usuario":"686e5d07c0e7d","hora":"2025-07-09 09:14:00"}
[LISTAR-RESULT] {"sessao":"686e5d07c0e7d","result":[{"id":329,"sessao":"686e5d07c0e7d","cliente":0,"produto":103,"quantidade":1,"total_item":"25.00","obs":"","pedido":0,"data":"2025-07-09","id_sabor":null,"categoria":null,"item":null,"variacao":null,"mesa":null,"nome_cliente":null,"nome_produto":"HAMB\u00daRGUERR DE PICANHA COM CARNEIRO","sabores":null,"borda":null,"valor_unitario":"15.000000","status":null,"hora":"09:13:59","foto_produto":"15-01-2024-09-45-02-WhatsApp-Image-2023-12-25-at-19.16.05-(5).jpeg"}],"hora":"2025-07-09 09:14:00"}
[SESSION-LISTAR] {"session_id":"hlbpeuea5p1s2617r5q959kv6j","sessao_usuario":"686e5d07c0e7d","hora":"2025-07-09 09:14:00"}
[LISTAR-CARRINHO] {"sessao":"686e5d07c0e7d","itens":1,"hora":"2025-07-09 09:14:00"}
[LISTAR-ENTRY] {"session_id":"hlbpeuea5p1s2617r5q959kv6j","sessao_usuario":"686e5d07c0e7d","hora":"2025-07-09 09:14:09"}
[LISTAR-RESULT] {"sessao":"686e5d07c0e7d","result":[{"id":329,"sessao":"686e5d07c0e7d","cliente":0,"produto":103,"quantidade":1,"total_item":"25.00","obs":"Teste checkout","pedido":0,"data":"2025-07-09","id_sabor":null,"categoria":null,"item":null,"variacao":null,"mesa":null,"nome_cliente":null,"nome_produto":"HAMB\u00daRGUERR DE PICANHA COM CARNEIRO","sabores":null,"borda":null,"valor_unitario":"15.000000","status":null,"hora":"09:13:59","foto_produto":"15-01-2024-09-45-02-WhatsApp-Image-2023-12-25-at-19.16.05-(5).jpeg"}],"hora":"2025-07-09 09:14:09"}
[SESSION-LISTAR] {"session_id":"hlbpeuea5p1s2617r5q959kv6j","sessao_usuario":"686e5d07c0e7d","hora":"2025-07-09 09:14:09"}
[LISTAR-CARRINHO] {"sessao":"686e5d07c0e7d","itens":1,"hora":"2025-07-09 09:14:09"}
[LISTAR-ENTRY] {"session_id":"vg4hg7ntmrtapjo30g3suip3a7","sessao_usuario":"2025-07-09-09:55:46-1479","hora":"2025-07-09 09:55:52"}
[LISTAR-RESULT] {"sessao":"2025-07-09-09:55:46-1479","result":[{"id":330,"sessao":"2025-07-09-09:55:46-1479","cliente":0,"produto":99,"quantidade":1,"total_item":"33.00","obs":"","pedido":0,"data":"2025-07-09","id_sabor":null,"categoria":null,"item":null,"variacao":null,"mesa":null,"nome_cliente":null,"nome_produto":"X-BURGUER DE CARNEIRO","sabores":null,"borda":null,"valor_unitario":"15.000000","status":null,"hora":"09:55:51","foto_produto":"15-01-2024-09-41-19-WhatsApp-Image-2023-12-25-at-19.16.05-(5).jpeg"}],"hora":"2025-07-09 09:55:52"}
[SESSION-LISTAR] {"session_id":"vg4hg7ntmrtapjo30g3suip3a7","sessao_usuario":"2025-07-09-09:55:46-1479","hora":"2025-07-09 09:55:52"}
[LISTAR-CARRINHO] {"sessao":"2025-07-09-09:55:46-1479","itens":1,"hora":"2025-07-09 09:55:52"}
[LISTAR-ENTRY] {"session_id":"vg4hg7ntmrtapjo30g3suip3a7","sessao_usuario":"2025-07-09-09:55:46-1479","hora":"2025-07-09 09:55:52"}
[LISTAR-RESULT] {"sessao":"2025-07-09-09:55:46-1479","result":[{"id":330,"sessao":"2025-07-09-09:55:46-1479","cliente":0,"produto":99,"quantidade":1,"total_item":"33.00","obs":"","pedido":0,"data":"2025-07-09","id_sabor":null,"categoria":null,"item":null,"variacao":null,"mesa":null,"nome_cliente":null,"nome_produto":"X-BURGUER DE CARNEIRO","sabores":null,"borda":null,"valor_unitario":"15.000000","status":null,"hora":"09:55:51","foto_produto":"15-01-2024-09-41-19-WhatsApp-Image-2023-12-25-at-19.16.05-(5).jpeg"}],"hora":"2025-07-09 09:55:52"}
[SESSION-LISTAR] {"session_id":"vg4hg7ntmrtapjo30g3suip3a7","sessao_usuario":"2025-07-09-09:55:46-1479","hora":"2025-07-09 09:55:52"}
[LISTAR-CARRINHO] {"sessao":"2025-07-09-09:55:46-1479","itens":1,"hora":"2025-07-09 09:55:52"}
[LISTAR-ENTRY] {"session_id":"vg4hg7ntmrtapjo30g3suip3a7","sessao_usuario":"2025-07-09-09:55:46-1479","hora":"2025-07-09 09:55:52"}
[LISTAR-RESULT] {"sessao":"2025-07-09-09:55:46-1479","result":[{"id":330,"sessao":"2025-07-09-09:55:46-1479","cliente":0,"produto":99,"quantidade":1,"total_item":"33.00","obs":"","pedido":0,"data":"2025-07-09","id_sabor":null,"categoria":null,"item":null,"variacao":null,"mesa":null,"nome_cliente":null,"nome_produto":"X-BURGUER DE CARNEIRO","sabores":null,"borda":null,"valor_unitario":"15.000000","status":null,"hora":"09:55:51","foto_produto":"15-01-2024-09-41-19-WhatsApp-Image-2023-12-25-at-19.16.05-(5).jpeg"}],"hora":"2025-07-09 09:55:52"}
[SESSION-LISTAR] {"session_id":"vg4hg7ntmrtapjo30g3suip3a7","sessao_usuario":"2025-07-09-09:55:46-1479","hora":"2025-07-09 09:55:52"}
[LISTAR-CARRINHO] {"sessao":"2025-07-09-09:55:46-1479","itens":1,"hora":"2025-07-09 09:55:52"}
[LISTAR-ENTRY] {"session_id":"vg4hg7ntmrtapjo30g3suip3a7","sessao_usuario":"2025-07-09-10:17:35-857","hora":"2025-07-09 10:17:50"}
[LISTAR-RESULT] {"sessao":"2025-07-09-10:17:35-857","result":[{"id":331,"sessao":"2025-07-09-10:17:35-857","cliente":0,"produto":100,"quantidade":2,"total_item":"48.00","obs":"","pedido":0,"data":"2025-07-09","id_sabor":null,"categoria":null,"item":null,"variacao":null,"mesa":null,"nome_cliente":null,"nome_produto":"EGGS-BURGUER DE CARNEIRO","sabores":null,"borda":null,"valor_unitario":"18.000000","status":null,"hora":"10:17:48","foto_produto":"15-01-2024-09-42-12-WhatsApp-Image-2023-12-25-at-19.16.05-(5).jpeg"}],"hora":"2025-07-09 10:17:50"}
[SESSION-LISTAR] {"session_id":"vg4hg7ntmrtapjo30g3suip3a7","sessao_usuario":"2025-07-09-10:17:35-857","hora":"2025-07-09 10:17:50"}
[LISTAR-CARRINHO] {"sessao":"2025-07-09-10:17:35-857","itens":1,"hora":"2025-07-09 10:17:50"}
[LISTAR-ENTRY] {"session_id":"vg4hg7ntmrtapjo30g3suip3a7","sessao_usuario":"2025-07-09-10:17:35-857","hora":"2025-07-09 10:17:50"}
[LISTAR-RESULT] {"sessao":"2025-07-09-10:17:35-857","result":[{"id":331,"sessao":"2025-07-09-10:17:35-857","cliente":0,"produto":100,"quantidade":2,"total_item":"48.00","obs":"","pedido":0,"data":"2025-07-09","id_sabor":null,"categoria":null,"item":null,"variacao":null,"mesa":null,"nome_cliente":null,"nome_produto":"EGGS-BURGUER DE CARNEIRO","sabores":null,"borda":null,"valor_unitario":"18.000000","status":null,"hora":"10:17:48","foto_produto":"15-01-2024-09-42-12-WhatsApp-Image-2023-12-25-at-19.16.05-(5).jpeg"}],"hora":"2025-07-09 10:17:50"}
[SESSION-LISTAR] {"session_id":"vg4hg7ntmrtapjo30g3suip3a7","sessao_usuario":"2025-07-09-10:17:35-857","hora":"2025-07-09 10:17:50"}
[LISTAR-CARRINHO] {"sessao":"2025-07-09-10:17:35-857","itens":1,"hora":"2025-07-09 10:17:50"}
[LISTAR-ENTRY] {"session_id":"vg4hg7ntmrtapjo30g3suip3a7","sessao_usuario":"2025-07-09-10:17:35-857","hora":"2025-07-09 10:17:50"}
[LISTAR-RESULT] {"sessao":"2025-07-09-10:17:35-857","result":[{"id":331,"sessao":"2025-07-09-10:17:35-857","cliente":0,"produto":100,"quantidade":2,"total_item":"48.00","obs":"","pedido":0,"data":"2025-07-09","id_sabor":null,"categoria":null,"item":null,"variacao":null,"mesa":null,"nome_cliente":null,"nome_produto":"EGGS-BURGUER DE CARNEIRO","sabores":null,"borda":null,"valor_unitario":"18.000000","status":null,"hora":"10:17:48","foto_produto":"15-01-2024-09-42-12-WhatsApp-Image-2023-12-25-at-19.16.05-(5).jpeg"}],"hora":"2025-07-09 10:17:50"}
[SESSION-LISTAR] {"session_id":"vg4hg7ntmrtapjo30g3suip3a7","sessao_usuario":"2025-07-09-10:17:35-857","hora":"2025-07-09 10:17:50"}
[LISTAR-CARRINHO] {"sessao":"2025-07-09-10:17:35-857","itens":1,"hora":"2025-07-09 10:17:50"}
[LISTAR-ENTRY] {"session_id":"vg4hg7ntmrtapjo30g3suip3a7","sessao_usuario":"2025-07-09-10:17:35-857","hora":"2025-07-09 10:18:03"}
[LISTAR-RESULT] {"sessao":"2025-07-09-10:17:35-857","result":[{"id":331,"sessao":"2025-07-09-10:17:35-857","cliente":0,"produto":100,"quantidade":2,"total_item":"48.00","obs":"teste menuia","pedido":0,"data":"2025-07-09","id_sabor":null,"categoria":null,"item":null,"variacao":null,"mesa":null,"nome_cliente":null,"nome_produto":"EGGS-BURGUER DE CARNEIRO","sabores":null,"borda":null,"valor_unitario":"18.000000","status":null,"hora":"10:17:48","foto_produto":"15-01-2024-09-42-12-WhatsApp-Image-2023-12-25-at-19.16.05-(5).jpeg"}],"hora":"2025-07-09 10:18:03"}
[SESSION-LISTAR] {"session_id":"vg4hg7ntmrtapjo30g3suip3a7","sessao_usuario":"2025-07-09-10:17:35-857","hora":"2025-07-09 10:18:03"}
[LISTAR-CARRINHO] {"sessao":"2025-07-09-10:17:35-857","itens":1,"hora":"2025-07-09 10:18:03"}
[LISTAR-ENTRY] {"session_id":"vg4hg7ntmrtapjo30g3suip3a7","sessao_usuario":"2025-07-09-10:47:16-1369","hora":"2025-07-09 10:47:28"}
[LISTAR-RESULT] {"sessao":"2025-07-09-10:47:16-1369","result":[{"id":332,"sessao":"2025-07-09-10:47:16-1369","cliente":0,"produto":216,"quantidade":1,"total_item":"30.00","obs":"","pedido":0,"data":"2025-07-09","id_sabor":null,"categoria":null,"item":null,"variacao":null,"mesa":null,"nome_cliente":null,"nome_produto":"ALASANHADO","sabores":null,"borda":null,"valor_unitario":"18.000000","status":null,"hora":"10:47:27","foto_produto":"15-01-2024-13-53-57-WhatsApp-Image-2024-01-02-at-12.20.06.jpeg"}],"hora":"2025-07-09 10:47:29"}
[SESSION-LISTAR] {"session_id":"vg4hg7ntmrtapjo30g3suip3a7","sessao_usuario":"2025-07-09-10:47:16-1369","hora":"2025-07-09 10:47:29"}
[LISTAR-CARRINHO] {"sessao":"2025-07-09-10:47:16-1369","itens":1,"hora":"2025-07-09 10:47:29"}
[LISTAR-ENTRY] {"session_id":"vg4hg7ntmrtapjo30g3suip3a7","sessao_usuario":"2025-07-09-10:47:16-1369","hora":"2025-07-09 10:47:29"}
[LISTAR-RESULT] {"sessao":"2025-07-09-10:47:16-1369","result":[{"id":332,"sessao":"2025-07-09-10:47:16-1369","cliente":0,"produto":216,"quantidade":1,"total_item":"30.00","obs":"","pedido":0,"data":"2025-07-09","id_sabor":null,"categoria":null,"item":null,"variacao":null,"mesa":null,"nome_cliente":null,"nome_produto":"ALASANHADO","sabores":null,"borda":null,"valor_unitario":"18.000000","status":null,"hora":"10:47:27","foto_produto":"15-01-2024-13-53-57-WhatsApp-Image-2024-01-02-at-12.20.06.jpeg"}],"hora":"2025-07-09 10:47:29"}
[SESSION-LISTAR] {"session_id":"vg4hg7ntmrtapjo30g3suip3a7","sessao_usuario":"2025-07-09-10:47:16-1369","hora":"2025-07-09 10:47:29"}
[LISTAR-CARRINHO] {"sessao":"2025-07-09-10:47:16-1369","itens":1,"hora":"2025-07-09 10:47:29"}
[LISTAR-ENTRY] {"session_id":"vg4hg7ntmrtapjo30g3suip3a7","sessao_usuario":"2025-07-09-10:47:16-1369","hora":"2025-07-09 10:47:30"}
[LISTAR-RESULT] {"sessao":"2025-07-09-10:47:16-1369","result":[{"id":332,"sessao":"2025-07-09-10:47:16-1369","cliente":0,"produto":216,"quantidade":1,"total_item":"30.00","obs":"","pedido":0,"data":"2025-07-09","id_sabor":null,"categoria":null,"item":null,"variacao":null,"mesa":null,"nome_cliente":null,"nome_produto":"ALASANHADO","sabores":null,"borda":null,"valor_unitario":"18.000000","status":null,"hora":"10:47:27","foto_produto":"15-01-2024-13-53-57-WhatsApp-Image-2024-01-02-at-12.20.06.jpeg"}],"hora":"2025-07-09 10:47:30"}
[SESSION-LISTAR] {"session_id":"vg4hg7ntmrtapjo30g3suip3a7","sessao_usuario":"2025-07-09-10:47:16-1369","hora":"2025-07-09 10:47:30"}
[LISTAR-CARRINHO] {"sessao":"2025-07-09-10:47:16-1369","itens":1,"hora":"2025-07-09 10:47:30"}
[LISTAR-ENTRY] {"session_id":"vg4hg7ntmrtapjo30g3suip3a7","sessao_usuario":"2025-07-09-10:47:16-1369","hora":"2025-07-09 10:47:38"}
[LISTAR-RESULT] {"sessao":"2025-07-09-10:47:16-1369","result":[{"id":332,"sessao":"2025-07-09-10:47:16-1369","cliente":0,"produto":216,"quantidade":1,"total_item":"30.00","obs":"oioioi","pedido":0,"data":"2025-07-09","id_sabor":null,"categoria":null,"item":null,"variacao":null,"mesa":null,"nome_cliente":null,"nome_produto":"ALASANHADO","sabores":null,"borda":null,"valor_unitario":"18.000000","status":null,"hora":"10:47:27","foto_produto":"15-01-2024-13-53-57-WhatsApp-Image-2024-01-02-at-12.20.06.jpeg"}],"hora":"2025-07-09 10:47:38"}
[SESSION-LISTAR] {"session_id":"vg4hg7ntmrtapjo30g3suip3a7","sessao_usuario":"2025-07-09-10:47:16-1369","hora":"2025-07-09 10:47:38"}
[LISTAR-CARRINHO] {"sessao":"2025-07-09-10:47:16-1369","itens":1,"hora":"2025-07-09 10:47:38"}
[LISTAR-ENTRY] {"session_id":"8p7psg8t97mdqlevdkr91c57oh","sessao_usuario":"2025-07-09-11:09:59-133","hora":"2025-07-09 11:10:10"}
[LISTAR-RESULT] {"sessao":"2025-07-09-11:09:59-133","result":[{"id":333,"sessao":"2025-07-09-11:09:59-133","cliente":0,"produto":103,"quantidade":1,"total_item":"25.00","obs":"","pedido":0,"data":"2025-07-09","id_sabor":null,"categoria":null,"item":null,"variacao":null,"mesa":null,"nome_cliente":null,"nome_produto":"HAMB\u00daRGUERR DE PICANHA COM CARNEIRO","sabores":null,"borda":null,"valor_unitario":"15.000000","status":null,"hora":"11:10:09","foto_produto":"15-01-2024-09-45-02-WhatsApp-Image-2023-12-25-at-19.16.05-(5).jpeg"}],"hora":"2025-07-09 11:10:10"}
[SESSION-LISTAR] {"session_id":"8p7psg8t97mdqlevdkr91c57oh","sessao_usuario":"2025-07-09-11:09:59-133","hora":"2025-07-09 11:10:10"}
[LISTAR-CARRINHO] {"sessao":"2025-07-09-11:09:59-133","itens":1,"hora":"2025-07-09 11:10:10"}
[LISTAR-ENTRY] {"session_id":"8p7psg8t97mdqlevdkr91c57oh","sessao_usuario":"2025-07-09-11:09:59-133","hora":"2025-07-09 11:10:11"}
[LISTAR-RESULT] {"sessao":"2025-07-09-11:09:59-133","result":[{"id":333,"sessao":"2025-07-09-11:09:59-133","cliente":0,"produto":103,"quantidade":1,"total_item":"25.00","obs":"","pedido":0,"data":"2025-07-09","id_sabor":null,"categoria":null,"item":null,"variacao":null,"mesa":null,"nome_cliente":null,"nome_produto":"HAMB\u00daRGUERR DE PICANHA COM CARNEIRO","sabores":null,"borda":null,"valor_unitario":"15.000000","status":null,"hora":"11:10:09","foto_produto":"15-01-2024-09-45-02-WhatsApp-Image-2023-12-25-at-19.16.05-(5).jpeg"}],"hora":"2025-07-09 11:10:11"}
[SESSION-LISTAR] {"session_id":"8p7psg8t97mdqlevdkr91c57oh","sessao_usuario":"2025-07-09-11:09:59-133","hora":"2025-07-09 11:10:11"}
[LISTAR-CARRINHO] {"sessao":"2025-07-09-11:09:59-133","itens":1,"hora":"2025-07-09 11:10:11"}
[LISTAR-ENTRY] {"session_id":"8p7psg8t97mdqlevdkr91c57oh","sessao_usuario":"2025-07-09-11:09:59-133","hora":"2025-07-09 11:10:14"}
[LISTAR-RESULT] {"sessao":"2025-07-09-11:09:59-133","result":[{"id":333,"sessao":"2025-07-09-11:09:59-133","cliente":0,"produto":103,"quantidade":1,"total_item":"25.00","obs":"","pedido":0,"data":"2025-07-09","id_sabor":null,"categoria":null,"item":null,"variacao":null,"mesa":null,"nome_cliente":null,"nome_produto":"HAMB\u00daRGUERR DE PICANHA COM CARNEIRO","sabores":null,"borda":null,"valor_unitario":"15.000000","status":null,"hora":"11:10:09","foto_produto":"15-01-2024-09-45-02-WhatsApp-Image-2023-12-25-at-19.16.05-(5).jpeg"}],"hora":"2025-07-09 11:10:14"}
[SESSION-LISTAR] {"session_id":"8p7psg8t97mdqlevdkr91c57oh","sessao_usuario":"2025-07-09-11:09:59-133","hora":"2025-07-09 11:10:14"}
[LISTAR-CARRINHO] {"sessao":"2025-07-09-11:09:59-133","itens":1,"hora":"2025-07-09 11:10:14"}
[LISTAR-ENTRY] {"session_id":"8p7psg8t97mdqlevdkr91c57oh","sessao_usuario":"2025-07-09-11:27:14-441","hora":"2025-07-09 11:27:19"}
[LISTAR-RESULT] {"sessao":"2025-07-09-11:27:14-441","result":[{"id":334,"sessao":"2025-07-09-11:27:14-441","cliente":0,"produto":103,"quantidade":1,"total_item":"20.00","obs":"","pedido":0,"data":"2025-07-09","id_sabor":null,"categoria":null,"item":null,"variacao":null,"mesa":null,"nome_cliente":null,"nome_produto":"HAMB\u00daRGUERR DE PICANHA COM CARNEIRO","sabores":null,"borda":null,"valor_unitario":"15.000000","status":null,"hora":"11:27:19","foto_produto":"15-01-2024-09-45-02-WhatsApp-Image-2023-12-25-at-19.16.05-(5).jpeg"}],"hora":"2025-07-09 11:27:19"}
[SESSION-LISTAR] {"session_id":"8p7psg8t97mdqlevdkr91c57oh","sessao_usuario":"2025-07-09-11:27:14-441","hora":"2025-07-09 11:27:19"}
[LISTAR-CARRINHO] {"sessao":"2025-07-09-11:27:14-441","itens":1,"hora":"2025-07-09 11:27:19"}
[LISTAR-ENTRY] {"session_id":"8p7psg8t97mdqlevdkr91c57oh","sessao_usuario":"2025-07-09-11:27:14-441","hora":"2025-07-09 11:27:19"}
[LISTAR-RESULT] {"sessao":"2025-07-09-11:27:14-441","result":[{"id":334,"sessao":"2025-07-09-11:27:14-441","cliente":0,"produto":103,"quantidade":1,"total_item":"20.00","obs":"","pedido":0,"data":"2025-07-09","id_sabor":null,"categoria":null,"item":null,"variacao":null,"mesa":null,"nome_cliente":null,"nome_produto":"HAMB\u00daRGUERR DE PICANHA COM CARNEIRO","sabores":null,"borda":null,"valor_unitario":"15.000000","status":null,"hora":"11:27:19","foto_produto":"15-01-2024-09-45-02-WhatsApp-Image-2023-12-25-at-19.16.05-(5).jpeg"}],"hora":"2025-07-09 11:27:19"}
[SESSION-LISTAR] {"session_id":"8p7psg8t97mdqlevdkr91c57oh","sessao_usuario":"2025-07-09-11:27:14-441","hora":"2025-07-09 11:27:19"}
[LISTAR-CARRINHO] {"sessao":"2025-07-09-11:27:14-441","itens":1,"hora":"2025-07-09 11:27:19"}
[LISTAR-ENTRY] {"session_id":"8p7psg8t97mdqlevdkr91c57oh","sessao_usuario":"2025-07-09-11:27:14-441","hora":"2025-07-09 11:27:19"}
[LISTAR-RESULT] {"sessao":"2025-07-09-11:27:14-441","result":[{"id":334,"sessao":"2025-07-09-11:27:14-441","cliente":0,"produto":103,"quantidade":1,"total_item":"20.00","obs":"","pedido":0,"data":"2025-07-09","id_sabor":null,"categoria":null,"item":null,"variacao":null,"mesa":null,"nome_cliente":null,"nome_produto":"HAMB\u00daRGUERR DE PICANHA COM CARNEIRO","sabores":null,"borda":null,"valor_unitario":"15.000000","status":null,"hora":"11:27:19","foto_produto":"15-01-2024-09-45-02-WhatsApp-Image-2023-12-25-at-19.16.05-(5).jpeg"}],"hora":"2025-07-09 11:27:19"}
[SESSION-LISTAR] {"session_id":"8p7psg8t97mdqlevdkr91c57oh","sessao_usuario":"2025-07-09-11:27:14-441","hora":"2025-07-09 11:27:19"}
[LISTAR-CARRINHO] {"sessao":"2025-07-09-11:27:14-441","itens":1,"hora":"2025-07-09 11:27:19"}
[LISTAR-ENTRY] {"session_id":"8p7psg8t97mdqlevdkr91c57oh","sessao_usuario":"2025-07-09-11:27:14-441","hora":"2025-07-09 11:27:34"}
[LISTAR-RESULT] {"sessao":"2025-07-09-11:27:14-441","result":[{"id":334,"sessao":"2025-07-09-11:27:14-441","cliente":0,"produto":103,"quantidade":1,"total_item":"20.00","obs":"","pedido":0,"data":"2025-07-09","id_sabor":null,"categoria":null,"item":null,"variacao":null,"mesa":null,"nome_cliente":null,"nome_produto":"HAMB\u00daRGUERR DE PICANHA COM CARNEIRO","sabores":null,"borda":null,"valor_unitario":"15.000000","status":null,"hora":"11:27:19","foto_produto":"15-01-2024-09-45-02-WhatsApp-Image-2023-12-25-at-19.16.05-(5).jpeg"}],"hora":"2025-07-09 11:27:34"}
[SESSION-LISTAR] {"session_id":"8p7psg8t97mdqlevdkr91c57oh","sessao_usuario":"2025-07-09-11:27:14-441","hora":"2025-07-09 11:27:34"}
[LISTAR-CARRINHO] {"sessao":"2025-07-09-11:27:14-441","itens":1,"hora":"2025-07-09 11:27:34"}
[LISTAR-ENTRY] {"session_id":"8p7psg8t97mdqlevdkr91c57oh","sessao_usuario":"2025-07-09-11:27:14-441","hora":"2025-07-09 11:27:34"}
[LISTAR-RESULT] {"sessao":"2025-07-09-11:27:14-441","result":[{"id":334,"sessao":"2025-07-09-11:27:14-441","cliente":0,"produto":103,"quantidade":1,"total_item":"20.00","obs":"","pedido":0,"data":"2025-07-09","id_sabor":null,"categoria":null,"item":null,"variacao":null,"mesa":null,"nome_cliente":null,"nome_produto":"HAMB\u00daRGUERR DE PICANHA COM CARNEIRO","sabores":null,"borda":null,"valor_unitario":"15.000000","status":null,"hora":"11:27:19","foto_produto":"15-01-2024-09-45-02-WhatsApp-Image-2023-12-25-at-19.16.05-(5).jpeg"}],"hora":"2025-07-09 11:27:34"}
[SESSION-LISTAR] {"session_id":"8p7psg8t97mdqlevdkr91c57oh","sessao_usuario":"2025-07-09-11:27:14-441","hora":"2025-07-09 11:27:34"}
[LISTAR-CARRINHO] {"sessao":"2025-07-09-11:27:14-441","itens":1,"hora":"2025-07-09 11:27:34"}
[LISTAR-ENTRY] {"session_id":"8p7psg8t97mdqlevdkr91c57oh","sessao_usuario":"2025-07-09-11:27:14-441","hora":"2025-07-09 11:27:34"}
[LISTAR-RESULT] {"sessao":"2025-07-09-11:27:14-441","result":[{"id":334,"sessao":"2025-07-09-11:27:14-441","cliente":0,"produto":103,"quantidade":1,"total_item":"20.00","obs":"","pedido":0,"data":"2025-07-09","id_sabor":null,"categoria":null,"item":null,"variacao":null,"mesa":null,"nome_cliente":null,"nome_produto":"HAMB\u00daRGUERR DE PICANHA COM CARNEIRO","sabores":null,"borda":null,"valor_unitario":"15.000000","status":null,"hora":"11:27:19","foto_produto":"15-01-2024-09-45-02-WhatsApp-Image-2023-12-25-at-19.16.05-(5).jpeg"}],"hora":"2025-07-09 11:27:34"}
[SESSION-LISTAR] {"session_id":"8p7psg8t97mdqlevdkr91c57oh","sessao_usuario":"2025-07-09-11:27:14-441","hora":"2025-07-09 11:27:34"}
[LISTAR-CARRINHO] {"sessao":"2025-07-09-11:27:14-441","itens":1,"hora":"2025-07-09 11:27:34"}
[LISTAR-ENTRY] {"session_id":"8p7psg8t97mdqlevdkr91c57oh","sessao_usuario":"2025-07-09-11:36:33-1436","hora":"2025-07-09 11:36:44"}
[LISTAR-RESULT] {"sessao":"2025-07-09-11:36:33-1436","result":[{"id":335,"sessao":"2025-07-09-11:36:33-1436","cliente":0,"produto":100,"quantidade":1,"total_item":"30.00","obs":"","pedido":0,"data":"2025-07-09","id_sabor":null,"categoria":null,"item":null,"variacao":null,"mesa":null,"nome_cliente":null,"nome_produto":"EGGS-BURGUER DE CARNEIRO","sabores":null,"borda":null,"valor_unitario":"18.000000","status":null,"hora":"11:36:43","foto_produto":"15-01-2024-09-42-12-WhatsApp-Image-2023-12-25-at-19.16.05-(5).jpeg"}],"hora":"2025-07-09 11:36:44"}
[SESSION-LISTAR] {"session_id":"8p7psg8t97mdqlevdkr91c57oh","sessao_usuario":"2025-07-09-11:36:33-1436","hora":"2025-07-09 11:36:44"}
[LISTAR-CARRINHO] {"sessao":"2025-07-09-11:36:33-1436","itens":1,"hora":"2025-07-09 11:36:44"}
[LISTAR-ENTRY] {"session_id":"8p7psg8t97mdqlevdkr91c57oh","sessao_usuario":"2025-07-09-11:36:33-1436","hora":"2025-07-09 11:36:44"}
[LISTAR-RESULT] {"sessao":"2025-07-09-11:36:33-1436","result":[{"id":335,"sessao":"2025-07-09-11:36:33-1436","cliente":0,"produto":100,"quantidade":1,"total_item":"30.00","obs":"","pedido":0,"data":"2025-07-09","id_sabor":null,"categoria":null,"item":null,"variacao":null,"mesa":null,"nome_cliente":null,"nome_produto":"EGGS-BURGUER DE CARNEIRO","sabores":null,"borda":null,"valor_unitario":"18.000000","status":null,"hora":"11:36:43","foto_produto":"15-01-2024-09-42-12-WhatsApp-Image-2023-12-25-at-19.16.05-(5).jpeg"}],"hora":"2025-07-09 11:36:44"}
[SESSION-LISTAR] {"session_id":"8p7psg8t97mdqlevdkr91c57oh","sessao_usuario":"2025-07-09-11:36:33-1436","hora":"2025-07-09 11:36:44"}
[LISTAR-CARRINHO] {"sessao":"2025-07-09-11:36:33-1436","itens":1,"hora":"2025-07-09 11:36:44"}
[LISTAR-ENTRY] {"session_id":"8p7psg8t97mdqlevdkr91c57oh","sessao_usuario":"2025-07-09-11:36:33-1436","hora":"2025-07-09 11:36:44"}
[LISTAR-RESULT] {"sessao":"2025-07-09-11:36:33-1436","result":[{"id":335,"sessao":"2025-07-09-11:36:33-1436","cliente":0,"produto":100,"quantidade":1,"total_item":"30.00","obs":"","pedido":0,"data":"2025-07-09","id_sabor":null,"categoria":null,"item":null,"variacao":null,"mesa":null,"nome_cliente":null,"nome_produto":"EGGS-BURGUER DE CARNEIRO","sabores":null,"borda":null,"valor_unitario":"18.000000","status":null,"hora":"11:36:43","foto_produto":"15-01-2024-09-42-12-WhatsApp-Image-2023-12-25-at-19.16.05-(5).jpeg"}],"hora":"2025-07-09 11:36:44"}
[SESSION-LISTAR] {"session_id":"8p7psg8t97mdqlevdkr91c57oh","sessao_usuario":"2025-07-09-11:36:33-1436","hora":"2025-07-09 11:36:44"}
[LISTAR-CARRINHO] {"sessao":"2025-07-09-11:36:33-1436","itens":1,"hora":"2025-07-09 11:36:44"}
[LISTAR-ENTRY] {"session_id":"8p7psg8t97mdqlevdkr91c57oh","sessao_usuario":"2025-07-09-11:36:33-1436","hora":"2025-07-09 11:36:51"}
[LISTAR-RESULT] {"sessao":"2025-07-09-11:36:33-1436","result":[{"id":335,"sessao":"2025-07-09-11:36:33-1436","cliente":0,"produto":100,"quantidade":1,"total_item":"30.00","obs":"oiiii","pedido":0,"data":"2025-07-09","id_sabor":null,"categoria":null,"item":null,"variacao":null,"mesa":null,"nome_cliente":null,"nome_produto":"EGGS-BURGUER DE CARNEIRO","sabores":null,"borda":null,"valor_unitario":"18.000000","status":null,"hora":"11:36:43","foto_produto":"15-01-2024-09-42-12-WhatsApp-Image-2023-12-25-at-19.16.05-(5).jpeg"}],"hora":"2025-07-09 11:36:51"}
[SESSION-LISTAR] {"session_id":"8p7psg8t97mdqlevdkr91c57oh","sessao_usuario":"2025-07-09-11:36:33-1436","hora":"2025-07-09 11:36:51"}
[LISTAR-CARRINHO] {"sessao":"2025-07-09-11:36:33-1436","itens":1,"hora":"2025-07-09 11:36:51"}
[LISTAR-ENTRY] {"session_id":"8p7psg8t97mdqlevdkr91c57oh","sessao_usuario":"2025-07-09-11:52:43-1125","hora":"2025-07-09 11:52:48"}
[LISTAR-RESULT] {"sessao":"2025-07-09-11:52:43-1125","result":[{"id":336,"sessao":"2025-07-09-11:52:43-1125","cliente":0,"produto":14,"quantidade":1,"total_item":"38.00","obs":"","pedido":0,"data":"2025-07-09","id_sabor":null,"categoria":null,"item":null,"variacao":null,"mesa":null,"nome_cliente":null,"nome_produto":"DRAG\u00c3O PICANHA","sabores":null,"borda":null,"valor_unitario":"20.000000","status":null,"hora":"11:52:47","foto_produto":"24-12-2023-14-23-40-ESPECIAL.jpg"}],"hora":"2025-07-09 11:52:48"}
[SESSION-LISTAR] {"session_id":"8p7psg8t97mdqlevdkr91c57oh","sessao_usuario":"2025-07-09-11:52:43-1125","hora":"2025-07-09 11:52:48"}
[LISTAR-CARRINHO] {"sessao":"2025-07-09-11:52:43-1125","itens":1,"hora":"2025-07-09 11:52:48"}
[LISTAR-ENTRY] {"session_id":"8p7psg8t97mdqlevdkr91c57oh","sessao_usuario":"2025-07-09-11:52:43-1125","hora":"2025-07-09 11:52:48"}
[LISTAR-RESULT] {"sessao":"2025-07-09-11:52:43-1125","result":[{"id":336,"sessao":"2025-07-09-11:52:43-1125","cliente":0,"produto":14,"quantidade":1,"total_item":"38.00","obs":"","pedido":0,"data":"2025-07-09","id_sabor":null,"categoria":null,"item":null,"variacao":null,"mesa":null,"nome_cliente":null,"nome_produto":"DRAG\u00c3O PICANHA","sabores":null,"borda":null,"valor_unitario":"20.000000","status":null,"hora":"11:52:47","foto_produto":"24-12-2023-14-23-40-ESPECIAL.jpg"}],"hora":"2025-07-09 11:52:48"}
[SESSION-LISTAR] {"session_id":"8p7psg8t97mdqlevdkr91c57oh","sessao_usuario":"2025-07-09-11:52:43-1125","hora":"2025-07-09 11:52:48"}
[LISTAR-CARRINHO] {"sessao":"2025-07-09-11:52:43-1125","itens":1,"hora":"2025-07-09 11:52:48"}
[LISTAR-ENTRY] {"session_id":"8p7psg8t97mdqlevdkr91c57oh","sessao_usuario":"2025-07-09-11:52:43-1125","hora":"2025-07-09 11:52:48"}
[LISTAR-RESULT] {"sessao":"2025-07-09-11:52:43-1125","result":[{"id":336,"sessao":"2025-07-09-11:52:43-1125","cliente":0,"produto":14,"quantidade":1,"total_item":"38.00","obs":"","pedido":0,"data":"2025-07-09","id_sabor":null,"categoria":null,"item":null,"variacao":null,"mesa":null,"nome_cliente":null,"nome_produto":"DRAG\u00c3O PICANHA","sabores":null,"borda":null,"valor_unitario":"20.000000","status":null,"hora":"11:52:47","foto_produto":"24-12-2023-14-23-40-ESPECIAL.jpg"}],"hora":"2025-07-09 11:52:48"}
[SESSION-LISTAR] {"session_id":"8p7psg8t97mdqlevdkr91c57oh","sessao_usuario":"2025-07-09-11:52:43-1125","hora":"2025-07-09 11:52:48"}
[LISTAR-CARRINHO] {"sessao":"2025-07-09-11:52:43-1125","itens":1,"hora":"2025-07-09 11:52:48"}
[LISTAR-ENTRY] {"session_id":"8p7psg8t97mdqlevdkr91c57oh","sessao_usuario":"2025-07-09-11:52:43-1125","hora":"2025-07-09 11:52:51"}
[LISTAR-RESULT] {"sessao":"2025-07-09-11:52:43-1125","result":[{"id":336,"sessao":"2025-07-09-11:52:43-1125","cliente":0,"produto":14,"quantidade":1,"total_item":"38.00","obs":"aasasasa","pedido":0,"data":"2025-07-09","id_sabor":null,"categoria":null,"item":null,"variacao":null,"mesa":null,"nome_cliente":null,"nome_produto":"DRAG\u00c3O PICANHA","sabores":null,"borda":null,"valor_unitario":"20.000000","status":null,"hora":"11:52:47","foto_produto":"24-12-2023-14-23-40-ESPECIAL.jpg"}],"hora":"2025-07-09 11:52:51"}
[SESSION-LISTAR] {"session_id":"8p7psg8t97mdqlevdkr91c57oh","sessao_usuario":"2025-07-09-11:52:43-1125","hora":"2025-07-09 11:52:51"}
[LISTAR-CARRINHO] {"sessao":"2025-07-09-11:52:43-1125","itens":1,"hora":"2025-07-09 11:52:51"}
[LISTAR-ENTRY] {"session_id":"8p7psg8t97mdqlevdkr91c57oh","sessao_usuario":"2025-07-09-12:03:42-1096","hora":"2025-07-09 12:03:51"}
[LISTAR-RESULT] {"sessao":"2025-07-09-12:03:42-1096","result":[{"id":337,"sessao":"2025-07-09-12:03:42-1096","cliente":0,"produto":100,"quantidade":1,"total_item":"30.00","obs":"","pedido":0,"data":"2025-07-09","id_sabor":null,"categoria":null,"item":null,"variacao":null,"mesa":null,"nome_cliente":null,"nome_produto":"EGGS-BURGUER DE CARNEIRO","sabores":null,"borda":null,"valor_unitario":"18.000000","status":null,"hora":"12:03:51","foto_produto":"15-01-2024-09-42-12-WhatsApp-Image-2023-12-25-at-19.16.05-(5).jpeg"}],"hora":"2025-07-09 12:03:51"}
[SESSION-LISTAR] {"session_id":"8p7psg8t97mdqlevdkr91c57oh","sessao_usuario":"2025-07-09-12:03:42-1096","hora":"2025-07-09 12:03:51"}
[LISTAR-CARRINHO] {"sessao":"2025-07-09-12:03:42-1096","itens":1,"hora":"2025-07-09 12:03:51"}
[LISTAR-ENTRY] {"session_id":"8p7psg8t97mdqlevdkr91c57oh","sessao_usuario":"2025-07-09-12:03:42-1096","hora":"2025-07-09 12:03:51"}
[LISTAR-RESULT] {"sessao":"2025-07-09-12:03:42-1096","result":[{"id":337,"sessao":"2025-07-09-12:03:42-1096","cliente":0,"produto":100,"quantidade":1,"total_item":"30.00","obs":"","pedido":0,"data":"2025-07-09","id_sabor":null,"categoria":null,"item":null,"variacao":null,"mesa":null,"nome_cliente":null,"nome_produto":"EGGS-BURGUER DE CARNEIRO","sabores":null,"borda":null,"valor_unitario":"18.000000","status":null,"hora":"12:03:51","foto_produto":"15-01-2024-09-42-12-WhatsApp-Image-2023-12-25-at-19.16.05-(5).jpeg"}],"hora":"2025-07-09 12:03:51"}
[SESSION-LISTAR] {"session_id":"8p7psg8t97mdqlevdkr91c57oh","sessao_usuario":"2025-07-09-12:03:42-1096","hora":"2025-07-09 12:03:51"}
[LISTAR-CARRINHO] {"sessao":"2025-07-09-12:03:42-1096","itens":1,"hora":"2025-07-09 12:03:51"}
[LISTAR-ENTRY] {"session_id":"8p7psg8t97mdqlevdkr91c57oh","sessao_usuario":"2025-07-09-12:03:42-1096","hora":"2025-07-09 12:03:51"}
[LISTAR-RESULT] {"sessao":"2025-07-09-12:03:42-1096","result":[{"id":337,"sessao":"2025-07-09-12:03:42-1096","cliente":0,"produto":100,"quantidade":1,"total_item":"30.00","obs":"","pedido":0,"data":"2025-07-09","id_sabor":null,"categoria":null,"item":null,"variacao":null,"mesa":null,"nome_cliente":null,"nome_produto":"EGGS-BURGUER DE CARNEIRO","sabores":null,"borda":null,"valor_unitario":"18.000000","status":null,"hora":"12:03:51","foto_produto":"15-01-2024-09-42-12-WhatsApp-Image-2023-12-25-at-19.16.05-(5).jpeg"}],"hora":"2025-07-09 12:03:51"}
[SESSION-LISTAR] {"session_id":"8p7psg8t97mdqlevdkr91c57oh","sessao_usuario":"2025-07-09-12:03:42-1096","hora":"2025-07-09 12:03:51"}
[LISTAR-CARRINHO] {"sessao":"2025-07-09-12:03:42-1096","itens":1,"hora":"2025-07-09 12:03:51"}
[LISTAR-ENTRY] {"session_id":"8p7psg8t97mdqlevdkr91c57oh","sessao_usuario":"2025-07-09-12:42:10-1184","hora":"2025-07-09 12:42:19"}
[LISTAR-RESULT] {"sessao":"2025-07-09-12:42:10-1184","result":[{"id":338,"sessao":"2025-07-09-12:42:10-1184","cliente":0,"produto":100,"quantidade":1,"total_item":"25.00","obs":"sdsd","pedido":0,"data":"2025-07-09","id_sabor":null,"categoria":null,"item":null,"variacao":null,"mesa":null,"nome_cliente":null,"nome_produto":"EGGS-BURGUER DE CARNEIRO","sabores":null,"borda":null,"valor_unitario":"18.000000","status":null,"hora":"12:42:18","foto_produto":"15-01-2024-09-42-12-WhatsApp-Image-2023-12-25-at-19.16.05-(5).jpeg"}],"hora":"2025-07-09 12:42:19"}
[SESSION-LISTAR] {"session_id":"8p7psg8t97mdqlevdkr91c57oh","sessao_usuario":"2025-07-09-12:42:10-1184","hora":"2025-07-09 12:42:19"}
[LISTAR-CARRINHO] {"sessao":"2025-07-09-12:42:10-1184","itens":1,"hora":"2025-07-09 12:42:19"}
[LISTAR-ENTRY] {"session_id":"8p7psg8t97mdqlevdkr91c57oh","sessao_usuario":"2025-07-09-12:42:10-1184","hora":"2025-07-09 12:42:19"}
[LISTAR-RESULT] {"sessao":"2025-07-09-12:42:10-1184","result":[{"id":338,"sessao":"2025-07-09-12:42:10-1184","cliente":0,"produto":100,"quantidade":1,"total_item":"25.00","obs":"sdsd","pedido":0,"data":"2025-07-09","id_sabor":null,"categoria":null,"item":null,"variacao":null,"mesa":null,"nome_cliente":null,"nome_produto":"EGGS-BURGUER DE CARNEIRO","sabores":null,"borda":null,"valor_unitario":"18.000000","status":null,"hora":"12:42:18","foto_produto":"15-01-2024-09-42-12-WhatsApp-Image-2023-12-25-at-19.16.05-(5).jpeg"}],"hora":"2025-07-09 12:42:19"}
[SESSION-LISTAR] {"session_id":"8p7psg8t97mdqlevdkr91c57oh","sessao_usuario":"2025-07-09-12:42:10-1184","hora":"2025-07-09 12:42:19"}
[LISTAR-CARRINHO] {"sessao":"2025-07-09-12:42:10-1184","itens":1,"hora":"2025-07-09 12:42:19"}
[LISTAR-ENTRY] {"session_id":"8p7psg8t97mdqlevdkr91c57oh","sessao_usuario":"2025-07-09-12:42:10-1184","hora":"2025-07-09 12:42:19"}
[LISTAR-RESULT] {"sessao":"2025-07-09-12:42:10-1184","result":[{"id":338,"sessao":"2025-07-09-12:42:10-1184","cliente":0,"produto":100,"quantidade":1,"total_item":"25.00","obs":"sdsd","pedido":0,"data":"2025-07-09","id_sabor":null,"categoria":null,"item":null,"variacao":null,"mesa":null,"nome_cliente":null,"nome_produto":"EGGS-BURGUER DE CARNEIRO","sabores":null,"borda":null,"valor_unitario":"18.000000","status":null,"hora":"12:42:18","foto_produto":"15-01-2024-09-42-12-WhatsApp-Image-2023-12-25-at-19.16.05-(5).jpeg"}],"hora":"2025-07-09 12:42:19"}
[SESSION-LISTAR] {"session_id":"8p7psg8t97mdqlevdkr91c57oh","sessao_usuario":"2025-07-09-12:42:10-1184","hora":"2025-07-09 12:42:19"}
[LISTAR-CARRINHO] {"sessao":"2025-07-09-12:42:10-1184","itens":1,"hora":"2025-07-09 12:42:19"}
[LISTAR-ENTRY] {"session_id":"8p7psg8t97mdqlevdkr91c57oh","sessao_usuario":"2025-07-09-12:42:10-1184","hora":"2025-07-09 12:42:22"}
[LISTAR-RESULT] {"sessao":"2025-07-09-12:42:10-1184","result":[{"id":338,"sessao":"2025-07-09-12:42:10-1184","cliente":0,"produto":100,"quantidade":1,"total_item":"25.00","obs":"sdsd","pedido":0,"data":"2025-07-09","id_sabor":null,"categoria":null,"item":null,"variacao":null,"mesa":null,"nome_cliente":null,"nome_produto":"EGGS-BURGUER DE CARNEIRO","sabores":null,"borda":null,"valor_unitario":"18.000000","status":null,"hora":"12:42:18","foto_produto":"15-01-2024-09-42-12-WhatsApp-Image-2023-12-25-at-19.16.05-(5).jpeg"}],"hora":"2025-07-09 12:42:22"}
[SESSION-LISTAR] {"session_id":"8p7psg8t97mdqlevdkr91c57oh","sessao_usuario":"2025-07-09-12:42:10-1184","hora":"2025-07-09 12:42:22"}
[LISTAR-CARRINHO] {"sessao":"2025-07-09-12:42:10-1184","itens":1,"hora":"2025-07-09 12:42:22"}
[LISTAR-ENTRY] {"session_id":"8p7psg8t97mdqlevdkr91c57oh","sessao_usuario":"2025-07-09-12:45:05-1112","hora":"2025-07-09 12:45:13"}
[LISTAR-RESULT] {"sessao":"2025-07-09-12:45:05-1112","result":[{"id":339,"sessao":"2025-07-09-12:45:05-1112","cliente":0,"produto":100,"quantidade":1,"total_item":"29.00","obs":"ADASDA","pedido":0,"data":"2025-07-09","id_sabor":null,"categoria":null,"item":null,"variacao":null,"mesa":null,"nome_cliente":null,"nome_produto":"EGGS-BURGUER DE CARNEIRO","sabores":null,"borda":null,"valor_unitario":"18.000000","status":null,"hora":"12:45:12","foto_produto":"15-01-2024-09-42-12-WhatsApp-Image-2023-12-25-at-19.16.05-(5).jpeg"}],"hora":"2025-07-09 12:45:13"}
[SESSION-LISTAR] {"session_id":"8p7psg8t97mdqlevdkr91c57oh","sessao_usuario":"2025-07-09-12:45:05-1112","hora":"2025-07-09 12:45:13"}
[LISTAR-CARRINHO] {"sessao":"2025-07-09-12:45:05-1112","itens":1,"hora":"2025-07-09 12:45:13"}
[LISTAR-ENTRY] {"session_id":"8p7psg8t97mdqlevdkr91c57oh","sessao_usuario":"2025-07-09-12:45:05-1112","hora":"2025-07-09 12:45:13"}
[LISTAR-RESULT] {"sessao":"2025-07-09-12:45:05-1112","result":[{"id":339,"sessao":"2025-07-09-12:45:05-1112","cliente":0,"produto":100,"quantidade":1,"total_item":"29.00","obs":"ADASDA","pedido":0,"data":"2025-07-09","id_sabor":null,"categoria":null,"item":null,"variacao":null,"mesa":null,"nome_cliente":null,"nome_produto":"EGGS-BURGUER DE CARNEIRO","sabores":null,"borda":null,"valor_unitario":"18.000000","status":null,"hora":"12:45:12","foto_produto":"15-01-2024-09-42-12-WhatsApp-Image-2023-12-25-at-19.16.05-(5).jpeg"}],"hora":"2025-07-09 12:45:13"}
[SESSION-LISTAR] {"session_id":"8p7psg8t97mdqlevdkr91c57oh","sessao_usuario":"2025-07-09-12:45:05-1112","hora":"2025-07-09 12:45:13"}
[LISTAR-CARRINHO] {"sessao":"2025-07-09-12:45:05-1112","itens":1,"hora":"2025-07-09 12:45:13"}
[LISTAR-ENTRY] {"session_id":"8p7psg8t97mdqlevdkr91c57oh","sessao_usuario":"2025-07-09-12:45:05-1112","hora":"2025-07-09 12:45:13"}
[LISTAR-RESULT] {"sessao":"2025-07-09-12:45:05-1112","result":[{"id":339,"sessao":"2025-07-09-12:45:05-1112","cliente":0,"produto":100,"quantidade":1,"total_item":"29.00","obs":"ADASDA","pedido":0,"data":"2025-07-09","id_sabor":null,"categoria":null,"item":null,"variacao":null,"mesa":null,"nome_cliente":null,"nome_produto":"EGGS-BURGUER DE CARNEIRO","sabores":null,"borda":null,"valor_unitario":"18.000000","status":null,"hora":"12:45:12","foto_produto":"15-01-2024-09-42-12-WhatsApp-Image-2023-12-25-at-19.16.05-(5).jpeg"}],"hora":"2025-07-09 12:45:13"}
[SESSION-LISTAR] {"session_id":"8p7psg8t97mdqlevdkr91c57oh","sessao_usuario":"2025-07-09-12:45:05-1112","hora":"2025-07-09 12:45:13"}
[LISTAR-CARRINHO] {"sessao":"2025-07-09-12:45:05-1112","itens":1,"hora":"2025-07-09 12:45:13"}
[LISTAR-ENTRY] {"session_id":"8p7psg8t97mdqlevdkr91c57oh","sessao_usuario":"2025-07-09-14:06:58-447","hora":"2025-07-09 14:07:02"}
[LISTAR-RESULT] {"sessao":"2025-07-09-14:06:58-447","result":[{"id":340,"sessao":"2025-07-09-14:06:58-447","cliente":0,"produto":216,"quantidade":1,"total_item":"27.00","obs":"","pedido":0,"data":"2025-07-09","id_sabor":null,"categoria":null,"item":null,"variacao":null,"mesa":null,"nome_cliente":null,"nome_produto":"ALASANHADO","sabores":null,"borda":null,"valor_unitario":"18.000000","status":null,"hora":"14:07:02","foto_produto":"15-01-2024-13-53-57-WhatsApp-Image-2024-01-02-at-12.20.06.jpeg"}],"hora":"2025-07-09 14:07:02"}
[SESSION-LISTAR] {"session_id":"8p7psg8t97mdqlevdkr91c57oh","sessao_usuario":"2025-07-09-14:06:58-447","hora":"2025-07-09 14:07:02"}
[LISTAR-CARRINHO] {"sessao":"2025-07-09-14:06:58-447","itens":1,"hora":"2025-07-09 14:07:02"}
[LISTAR-ENTRY] {"session_id":"8p7psg8t97mdqlevdkr91c57oh","sessao_usuario":"2025-07-09-14:06:58-447","hora":"2025-07-09 14:07:02"}
[LISTAR-RESULT] {"sessao":"2025-07-09-14:06:58-447","result":[{"id":340,"sessao":"2025-07-09-14:06:58-447","cliente":0,"produto":216,"quantidade":1,"total_item":"27.00","obs":"","pedido":0,"data":"2025-07-09","id_sabor":null,"categoria":null,"item":null,"variacao":null,"mesa":null,"nome_cliente":null,"nome_produto":"ALASANHADO","sabores":null,"borda":null,"valor_unitario":"18.000000","status":null,"hora":"14:07:02","foto_produto":"15-01-2024-13-53-57-WhatsApp-Image-2024-01-02-at-12.20.06.jpeg"}],"hora":"2025-07-09 14:07:02"}
[SESSION-LISTAR] {"session_id":"8p7psg8t97mdqlevdkr91c57oh","sessao_usuario":"2025-07-09-14:06:58-447","hora":"2025-07-09 14:07:02"}
[LISTAR-CARRINHO] {"sessao":"2025-07-09-14:06:58-447","itens":1,"hora":"2025-07-09 14:07:02"}
[LISTAR-ENTRY] {"session_id":"8p7psg8t97mdqlevdkr91c57oh","sessao_usuario":"2025-07-09-14:06:58-447","hora":"2025-07-09 14:07:02"}
[LISTAR-RESULT] {"sessao":"2025-07-09-14:06:58-447","result":[{"id":340,"sessao":"2025-07-09-14:06:58-447","cliente":0,"produto":216,"quantidade":1,"total_item":"27.00","obs":"","pedido":0,"data":"2025-07-09","id_sabor":null,"categoria":null,"item":null,"variacao":null,"mesa":null,"nome_cliente":null,"nome_produto":"ALASANHADO","sabores":null,"borda":null,"valor_unitario":"18.000000","status":null,"hora":"14:07:02","foto_produto":"15-01-2024-13-53-57-WhatsApp-Image-2024-01-02-at-12.20.06.jpeg"}],"hora":"2025-07-09 14:07:02"}
[SESSION-LISTAR] {"session_id":"8p7psg8t97mdqlevdkr91c57oh","sessao_usuario":"2025-07-09-14:06:58-447","hora":"2025-07-09 14:07:02"}
[LISTAR-CARRINHO] {"sessao":"2025-07-09-14:06:58-447","itens":1,"hora":"2025-07-09 14:07:02"}
[LISTAR-ENTRY] {"session_id":"8p7psg8t97mdqlevdkr91c57oh","sessao_usuario":"2025-07-10-07:30:24-1309","hora":"2025-07-10 07:30:37"}
[LISTAR-RESULT] {"sessao":"2025-07-10-07:30:24-1309","result":[{"id":341,"sessao":"2025-07-10-07:30:24-1309","cliente":0,"produto":103,"quantidade":1,"total_item":"25.00","obs":"","pedido":0,"data":"2025-07-10","id_sabor":null,"categoria":null,"item":null,"variacao":null,"mesa":null,"nome_cliente":null,"nome_produto":"HAMB\u00daRGUERR DE PICANHA COM CARNEIRO","sabores":null,"borda":null,"valor_unitario":"15.000000","status":null,"hora":"07:30:36","foto_produto":"15-01-2024-09-45-02-WhatsApp-Image-2023-12-25-at-19.16.05-(5).jpeg"}],"hora":"2025-07-10 07:30:37"}
[SESSION-LISTAR] {"session_id":"8p7psg8t97mdqlevdkr91c57oh","sessao_usuario":"2025-07-10-07:30:24-1309","hora":"2025-07-10 07:30:37"}
[LISTAR-CARRINHO] {"sessao":"2025-07-10-07:30:24-1309","itens":1,"hora":"2025-07-10 07:30:37"}
[LISTAR-ENTRY] {"session_id":"8p7psg8t97mdqlevdkr91c57oh","sessao_usuario":"2025-07-10-07:30:24-1309","hora":"2025-07-10 07:30:37"}
[LISTAR-RESULT] {"sessao":"2025-07-10-07:30:24-1309","result":[{"id":341,"sessao":"2025-07-10-07:30:24-1309","cliente":0,"produto":103,"quantidade":1,"total_item":"25.00","obs":"","pedido":0,"data":"2025-07-10","id_sabor":null,"categoria":null,"item":null,"variacao":null,"mesa":null,"nome_cliente":null,"nome_produto":"HAMB\u00daRGUERR DE PICANHA COM CARNEIRO","sabores":null,"borda":null,"valor_unitario":"15.000000","status":null,"hora":"07:30:36","foto_produto":"15-01-2024-09-45-02-WhatsApp-Image-2023-12-25-at-19.16.05-(5).jpeg"}],"hora":"2025-07-10 07:30:37"}
[SESSION-LISTAR] {"session_id":"8p7psg8t97mdqlevdkr91c57oh","sessao_usuario":"2025-07-10-07:30:24-1309","hora":"2025-07-10 07:30:37"}
[LISTAR-CARRINHO] {"sessao":"2025-07-10-07:30:24-1309","itens":1,"hora":"2025-07-10 07:30:37"}
[LISTAR-ENTRY] {"session_id":"8p7psg8t97mdqlevdkr91c57oh","sessao_usuario":"2025-07-10-07:30:24-1309","hora":"2025-07-10 07:30:37"}
[LISTAR-RESULT] {"sessao":"2025-07-10-07:30:24-1309","result":[{"id":341,"sessao":"2025-07-10-07:30:24-1309","cliente":0,"produto":103,"quantidade":1,"total_item":"25.00","obs":"","pedido":0,"data":"2025-07-10","id_sabor":null,"categoria":null,"item":null,"variacao":null,"mesa":null,"nome_cliente":null,"nome_produto":"HAMB\u00daRGUERR DE PICANHA COM CARNEIRO","sabores":null,"borda":null,"valor_unitario":"15.000000","status":null,"hora":"07:30:36","foto_produto":"15-01-2024-09-45-02-WhatsApp-Image-2023-12-25-at-19.16.05-(5).jpeg"}],"hora":"2025-07-10 07:30:37"}
[SESSION-LISTAR] {"session_id":"8p7psg8t97mdqlevdkr91c57oh","sessao_usuario":"2025-07-10-07:30:24-1309","hora":"2025-07-10 07:30:37"}
[LISTAR-CARRINHO] {"sessao":"2025-07-10-07:30:24-1309","itens":1,"hora":"2025-07-10 07:30:37"}
[LISTAR-ENTRY] {"session_id":"8p7psg8t97mdqlevdkr91c57oh","sessao_usuario":"2025-07-10-08:19:16-1155","hora":"2025-07-10 08:19:22"}
[LISTAR-RESULT] {"sessao":"2025-07-10-08:19:16-1155","result":[{"id":342,"sessao":"2025-07-10-08:19:16-1155","cliente":0,"produto":14,"quantidade":1,"total_item":"36.00","obs":"","pedido":0,"data":"2025-07-10","id_sabor":null,"categoria":null,"item":null,"variacao":null,"mesa":null,"nome_cliente":null,"nome_produto":"DRAG\u00c3O PICANHA","sabores":null,"borda":null,"valor_unitario":"20.000000","status":null,"hora":"08:19:22","foto_produto":"24-12-2023-14-23-40-ESPECIAL.jpg"}],"hora":"2025-07-10 08:19:22"}
[SESSION-LISTAR] {"session_id":"8p7psg8t97mdqlevdkr91c57oh","sessao_usuario":"2025-07-10-08:19:16-1155","hora":"2025-07-10 08:19:22"}
[LISTAR-CARRINHO] {"sessao":"2025-07-10-08:19:16-1155","itens":1,"hora":"2025-07-10 08:19:22"}
[LISTAR-ENTRY] {"session_id":"8p7psg8t97mdqlevdkr91c57oh","sessao_usuario":"2025-07-10-08:19:16-1155","hora":"2025-07-10 08:19:22"}
[LISTAR-RESULT] {"sessao":"2025-07-10-08:19:16-1155","result":[{"id":342,"sessao":"2025-07-10-08:19:16-1155","cliente":0,"produto":14,"quantidade":1,"total_item":"36.00","obs":"","pedido":0,"data":"2025-07-10","id_sabor":null,"categoria":null,"item":null,"variacao":null,"mesa":null,"nome_cliente":null,"nome_produto":"DRAG\u00c3O PICANHA","sabores":null,"borda":null,"valor_unitario":"20.000000","status":null,"hora":"08:19:22","foto_produto":"24-12-2023-14-23-40-ESPECIAL.jpg"}],"hora":"2025-07-10 08:19:22"}
[SESSION-LISTAR] {"session_id":"8p7psg8t97mdqlevdkr91c57oh","sessao_usuario":"2025-07-10-08:19:16-1155","hora":"2025-07-10 08:19:22"}
[LISTAR-CARRINHO] {"sessao":"2025-07-10-08:19:16-1155","itens":1,"hora":"2025-07-10 08:19:22"}
[LISTAR-ENTRY] {"session_id":"8p7psg8t97mdqlevdkr91c57oh","sessao_usuario":"2025-07-10-08:19:16-1155","hora":"2025-07-10 08:19:22"}
[LISTAR-RESULT] {"sessao":"2025-07-10-08:19:16-1155","result":[{"id":342,"sessao":"2025-07-10-08:19:16-1155","cliente":0,"produto":14,"quantidade":1,"total_item":"36.00","obs":"","pedido":0,"data":"2025-07-10","id_sabor":null,"categoria":null,"item":null,"variacao":null,"mesa":null,"nome_cliente":null,"nome_produto":"DRAG\u00c3O PICANHA","sabores":null,"borda":null,"valor_unitario":"20.000000","status":null,"hora":"08:19:22","foto_produto":"24-12-2023-14-23-40-ESPECIAL.jpg"}],"hora":"2025-07-10 08:19:22"}
[SESSION-LISTAR] {"session_id":"8p7psg8t97mdqlevdkr91c57oh","sessao_usuario":"2025-07-10-08:19:16-1155","hora":"2025-07-10 08:19:22"}
[LISTAR-CARRINHO] {"sessao":"2025-07-10-08:19:16-1155","itens":1,"hora":"2025-07-10 08:19:22"}
[LISTAR-ENTRY] {"session_id":"8p7psg8t97mdqlevdkr91c57oh","sessao_usuario":"2025-07-10-08:20:07-775","hora":"2025-07-10 08:20:13"}
[LISTAR-RESULT] {"sessao":"2025-07-10-08:20:07-775","result":[{"id":343,"sessao":"2025-07-10-08:20:07-775","cliente":0,"produto":103,"quantidade":1,"total_item":"25.00","obs":"","pedido":0,"data":"2025-07-10","id_sabor":null,"categoria":null,"item":null,"variacao":null,"mesa":null,"nome_cliente":null,"nome_produto":"HAMB\u00daRGUERR DE PICANHA COM CARNEIRO","sabores":null,"borda":null,"valor_unitario":"15.000000","status":null,"hora":"08:20:12","foto_produto":"15-01-2024-09-45-02-WhatsApp-Image-2023-12-25-at-19.16.05-(5).jpeg"}],"hora":"2025-07-10 08:20:13"}
[SESSION-LISTAR] {"session_id":"8p7psg8t97mdqlevdkr91c57oh","sessao_usuario":"2025-07-10-08:20:07-775","hora":"2025-07-10 08:20:13"}
[LISTAR-CARRINHO] {"sessao":"2025-07-10-08:20:07-775","itens":1,"hora":"2025-07-10 08:20:13"}
[LISTAR-ENTRY] {"session_id":"8p7psg8t97mdqlevdkr91c57oh","sessao_usuario":"2025-07-10-08:20:07-775","hora":"2025-07-10 08:20:13"}
[LISTAR-RESULT] {"sessao":"2025-07-10-08:20:07-775","result":[{"id":343,"sessao":"2025-07-10-08:20:07-775","cliente":0,"produto":103,"quantidade":1,"total_item":"25.00","obs":"","pedido":0,"data":"2025-07-10","id_sabor":null,"categoria":null,"item":null,"variacao":null,"mesa":null,"nome_cliente":null,"nome_produto":"HAMB\u00daRGUERR DE PICANHA COM CARNEIRO","sabores":null,"borda":null,"valor_unitario":"15.000000","status":null,"hora":"08:20:12","foto_produto":"15-01-2024-09-45-02-WhatsApp-Image-2023-12-25-at-19.16.05-(5).jpeg"}],"hora":"2025-07-10 08:20:13"}
[SESSION-LISTAR] {"session_id":"8p7psg8t97mdqlevdkr91c57oh","sessao_usuario":"2025-07-10-08:20:07-775","hora":"2025-07-10 08:20:13"}
[LISTAR-CARRINHO] {"sessao":"2025-07-10-08:20:07-775","itens":1,"hora":"2025-07-10 08:20:13"}
[LISTAR-ENTRY] {"session_id":"8p7psg8t97mdqlevdkr91c57oh","sessao_usuario":"2025-07-10-08:20:07-775","hora":"2025-07-10 08:20:13"}
[LISTAR-RESULT] {"sessao":"2025-07-10-08:20:07-775","result":[{"id":343,"sessao":"2025-07-10-08:20:07-775","cliente":0,"produto":103,"quantidade":1,"total_item":"25.00","obs":"","pedido":0,"data":"2025-07-10","id_sabor":null,"categoria":null,"item":null,"variacao":null,"mesa":null,"nome_cliente":null,"nome_produto":"HAMB\u00daRGUERR DE PICANHA COM CARNEIRO","sabores":null,"borda":null,"valor_unitario":"15.000000","status":null,"hora":"08:20:12","foto_produto":"15-01-2024-09-45-02-WhatsApp-Image-2023-12-25-at-19.16.05-(5).jpeg"}],"hora":"2025-07-10 08:20:13"}
[SESSION-LISTAR] {"session_id":"8p7psg8t97mdqlevdkr91c57oh","sessao_usuario":"2025-07-10-08:20:07-775","hora":"2025-07-10 08:20:13"}
[LISTAR-CARRINHO] {"sessao":"2025-07-10-08:20:07-775","itens":1,"hora":"2025-07-10 08:20:13"}
[LISTAR-ENTRY] {"session_id":"8p7psg8t97mdqlevdkr91c57oh","sessao_usuario":"2025-07-10-08:29:09-268","hora":"2025-07-10 08:29:14"}
[LISTAR-RESULT] {"sessao":"2025-07-10-08:29:09-268","result":[{"id":344,"sessao":"2025-07-10-08:29:09-268","cliente":0,"produto":103,"quantidade":1,"total_item":"27.00","obs":"","pedido":0,"data":"2025-07-10","id_sabor":null,"categoria":null,"item":null,"variacao":null,"mesa":null,"nome_cliente":null,"nome_produto":"HAMB\u00daRGUERR DE PICANHA COM CARNEIRO","sabores":null,"borda":null,"valor_unitario":"15.000000","status":null,"hora":"08:29:14","foto_produto":"15-01-2024-09-45-02-WhatsApp-Image-2023-12-25-at-19.16.05-(5).jpeg"}],"hora":"2025-07-10 08:29:14"}
[SESSION-LISTAR] {"session_id":"8p7psg8t97mdqlevdkr91c57oh","sessao_usuario":"2025-07-10-08:29:09-268","hora":"2025-07-10 08:29:14"}
[LISTAR-CARRINHO] {"sessao":"2025-07-10-08:29:09-268","itens":1,"hora":"2025-07-10 08:29:14"}
[LISTAR-ENTRY] {"session_id":"8p7psg8t97mdqlevdkr91c57oh","sessao_usuario":"2025-07-10-08:29:09-268","hora":"2025-07-10 08:29:14"}
[LISTAR-RESULT] {"sessao":"2025-07-10-08:29:09-268","result":[{"id":344,"sessao":"2025-07-10-08:29:09-268","cliente":0,"produto":103,"quantidade":1,"total_item":"27.00","obs":"","pedido":0,"data":"2025-07-10","id_sabor":null,"categoria":null,"item":null,"variacao":null,"mesa":null,"nome_cliente":null,"nome_produto":"HAMB\u00daRGUERR DE PICANHA COM CARNEIRO","sabores":null,"borda":null,"valor_unitario":"15.000000","status":null,"hora":"08:29:14","foto_produto":"15-01-2024-09-45-02-WhatsApp-Image-2023-12-25-at-19.16.05-(5).jpeg"}],"hora":"2025-07-10 08:29:14"}
[SESSION-LISTAR] {"session_id":"8p7psg8t97mdqlevdkr91c57oh","sessao_usuario":"2025-07-10-08:29:09-268","hora":"2025-07-10 08:29:14"}
[LISTAR-CARRINHO] {"sessao":"2025-07-10-08:29:09-268","itens":1,"hora":"2025-07-10 08:29:14"}
[LISTAR-ENTRY] {"session_id":"8p7psg8t97mdqlevdkr91c57oh","sessao_usuario":"2025-07-10-08:29:09-268","hora":"2025-07-10 08:29:14"}
[LISTAR-RESULT] {"sessao":"2025-07-10-08:29:09-268","result":[{"id":344,"sessao":"2025-07-10-08:29:09-268","cliente":0,"produto":103,"quantidade":1,"total_item":"27.00","obs":"","pedido":0,"data":"2025-07-10","id_sabor":null,"categoria":null,"item":null,"variacao":null,"mesa":null,"nome_cliente":null,"nome_produto":"HAMB\u00daRGUERR DE PICANHA COM CARNEIRO","sabores":null,"borda":null,"valor_unitario":"15.000000","status":null,"hora":"08:29:14","foto_produto":"15-01-2024-09-45-02-WhatsApp-Image-2023-12-25-at-19.16.05-(5).jpeg"}],"hora":"2025-07-10 08:29:14"}
[SESSION-LISTAR] {"session_id":"8p7psg8t97mdqlevdkr91c57oh","sessao_usuario":"2025-07-10-08:29:09-268","hora":"2025-07-10 08:29:14"}
[LISTAR-CARRINHO] {"sessao":"2025-07-10-08:29:09-268","itens":1,"hora":"2025-07-10 08:29:14"}
[LISTAR-ENTRY] {"session_id":"8p7psg8t97mdqlevdkr91c57oh","sessao_usuario":"2025-07-10-08:54:22-683","hora":"2025-07-10 08:54:29"}
[LISTAR-RESULT] {"sessao":"2025-07-10-08:54:22-683","result":[{"id":345,"sessao":"2025-07-10-08:54:22-683","cliente":0,"produto":100,"quantidade":1,"total_item":"33.00","obs":"","pedido":0,"data":"2025-07-10","id_sabor":null,"categoria":null,"item":null,"variacao":null,"mesa":null,"nome_cliente":null,"nome_produto":"EGGS-BURGUER DE CARNEIRO","sabores":null,"borda":null,"valor_unitario":"18.000000","status":null,"hora":"08:54:29","foto_produto":"15-01-2024-09-42-12-WhatsApp-Image-2023-12-25-at-19.16.05-(5).jpeg"}],"hora":"2025-07-10 08:54:29"}
[SESSION-LISTAR] {"session_id":"8p7psg8t97mdqlevdkr91c57oh","sessao_usuario":"2025-07-10-08:54:22-683","hora":"2025-07-10 08:54:29"}
[LISTAR-CARRINHO] {"sessao":"2025-07-10-08:54:22-683","itens":1,"hora":"2025-07-10 08:54:29"}
[LISTAR-ENTRY] {"session_id":"8p7psg8t97mdqlevdkr91c57oh","sessao_usuario":"2025-07-10-08:54:22-683","hora":"2025-07-10 08:54:29"}
[LISTAR-RESULT] {"sessao":"2025-07-10-08:54:22-683","result":[{"id":345,"sessao":"2025-07-10-08:54:22-683","cliente":0,"produto":100,"quantidade":1,"total_item":"33.00","obs":"","pedido":0,"data":"2025-07-10","id_sabor":null,"categoria":null,"item":null,"variacao":null,"mesa":null,"nome_cliente":null,"nome_produto":"EGGS-BURGUER DE CARNEIRO","sabores":null,"borda":null,"valor_unitario":"18.000000","status":null,"hora":"08:54:29","foto_produto":"15-01-2024-09-42-12-WhatsApp-Image-2023-12-25-at-19.16.05-(5).jpeg"}],"hora":"2025-07-10 08:54:29"}
[SESSION-LISTAR] {"session_id":"8p7psg8t97mdqlevdkr91c57oh","sessao_usuario":"2025-07-10-08:54:22-683","hora":"2025-07-10 08:54:29"}
[LISTAR-CARRINHO] {"sessao":"2025-07-10-08:54:22-683","itens":1,"hora":"2025-07-10 08:54:29"}
[LISTAR-ENTRY] {"session_id":"8p7psg8t97mdqlevdkr91c57oh","sessao_usuario":"2025-07-10-08:54:22-683","hora":"2025-07-10 08:54:29"}
[LISTAR-RESULT] {"sessao":"2025-07-10-08:54:22-683","result":[{"id":345,"sessao":"2025-07-10-08:54:22-683","cliente":0,"produto":100,"quantidade":1,"total_item":"33.00","obs":"","pedido":0,"data":"2025-07-10","id_sabor":null,"categoria":null,"item":null,"variacao":null,"mesa":null,"nome_cliente":null,"nome_produto":"EGGS-BURGUER DE CARNEIRO","sabores":null,"borda":null,"valor_unitario":"18.000000","status":null,"hora":"08:54:29","foto_produto":"15-01-2024-09-42-12-WhatsApp-Image-2023-12-25-at-19.16.05-(5).jpeg"}],"hora":"2025-07-10 08:54:29"}
[SESSION-LISTAR] {"session_id":"8p7psg8t97mdqlevdkr91c57oh","sessao_usuario":"2025-07-10-08:54:22-683","hora":"2025-07-10 08:54:29"}
[LISTAR-CARRINHO] {"sessao":"2025-07-10-08:54:22-683","itens":1,"hora":"2025-07-10 08:54:29"}
[LISTAR-ENTRY] {"session_id":"8p7psg8t97mdqlevdkr91c57oh","sessao_usuario":"2025-07-10-08:59:23-104","hora":"2025-07-10 08:59:31"}
[LISTAR-RESULT] {"sessao":"2025-07-10-08:59:23-104","result":[{"id":346,"sessao":"2025-07-10-08:59:23-104","cliente":0,"produto":216,"quantidade":1,"total_item":"34.00","obs":"","pedido":0,"data":"2025-07-10","id_sabor":null,"categoria":null,"item":null,"variacao":null,"mesa":null,"nome_cliente":null,"nome_produto":"ALASANHADO","sabores":null,"borda":null,"valor_unitario":"18.000000","status":null,"hora":"08:59:31","foto_produto":"15-01-2024-13-53-57-WhatsApp-Image-2024-01-02-at-12.20.06.jpeg"}],"hora":"2025-07-10 08:59:31"}
[SESSION-LISTAR] {"session_id":"8p7psg8t97mdqlevdkr91c57oh","sessao_usuario":"2025-07-10-08:59:23-104","hora":"2025-07-10 08:59:31"}
[LISTAR-CARRINHO] {"sessao":"2025-07-10-08:59:23-104","itens":1,"hora":"2025-07-10 08:59:31"}
[LISTAR-ENTRY] {"session_id":"8p7psg8t97mdqlevdkr91c57oh","sessao_usuario":"2025-07-10-08:59:23-104","hora":"2025-07-10 08:59:31"}
[LISTAR-RESULT] {"sessao":"2025-07-10-08:59:23-104","result":[{"id":346,"sessao":"2025-07-10-08:59:23-104","cliente":0,"produto":216,"quantidade":1,"total_item":"34.00","obs":"","pedido":0,"data":"2025-07-10","id_sabor":null,"categoria":null,"item":null,"variacao":null,"mesa":null,"nome_cliente":null,"nome_produto":"ALASANHADO","sabores":null,"borda":null,"valor_unitario":"18.000000","status":null,"hora":"08:59:31","foto_produto":"15-01-2024-13-53-57-WhatsApp-Image-2024-01-02-at-12.20.06.jpeg"}],"hora":"2025-07-10 08:59:31"}
[SESSION-LISTAR] {"session_id":"8p7psg8t97mdqlevdkr91c57oh","sessao_usuario":"2025-07-10-08:59:23-104","hora":"2025-07-10 08:59:31"}
[LISTAR-CARRINHO] {"sessao":"2025-07-10-08:59:23-104","itens":1,"hora":"2025-07-10 08:59:31"}
[LISTAR-ENTRY] {"session_id":"8p7psg8t97mdqlevdkr91c57oh","sessao_usuario":"2025-07-10-08:59:23-104","hora":"2025-07-10 08:59:31"}
[LISTAR-RESULT] {"sessao":"2025-07-10-08:59:23-104","result":[{"id":346,"sessao":"2025-07-10-08:59:23-104","cliente":0,"produto":216,"quantidade":1,"total_item":"34.00","obs":"","pedido":0,"data":"2025-07-10","id_sabor":null,"categoria":null,"item":null,"variacao":null,"mesa":null,"nome_cliente":null,"nome_produto":"ALASANHADO","sabores":null,"borda":null,"valor_unitario":"18.000000","status":null,"hora":"08:59:31","foto_produto":"15-01-2024-13-53-57-WhatsApp-Image-2024-01-02-at-12.20.06.jpeg"}],"hora":"2025-07-10 08:59:31"}
[SESSION-LISTAR] {"session_id":"8p7psg8t97mdqlevdkr91c57oh","sessao_usuario":"2025-07-10-08:59:23-104","hora":"2025-07-10 08:59:31"}
[LISTAR-CARRINHO] {"sessao":"2025-07-10-08:59:23-104","itens":1,"hora":"2025-07-10 08:59:31"}
[LISTAR-ENTRY] {"session_id":"d7tre3d3pvgimcbu5513cu5282","sessao_usuario":"2025-07-10-10:02:40-1261","hora":"2025-07-10 10:02:46"}
[LISTAR-RESULT] {"sessao":"2025-07-10-10:02:40-1261","result":[{"id":347,"sessao":"2025-07-10-10:02:40-1261","cliente":0,"produto":216,"quantidade":1,"total_item":"27.00","obs":"","pedido":0,"data":"2025-07-10","id_sabor":null,"categoria":null,"item":null,"variacao":null,"mesa":null,"nome_cliente":null,"nome_produto":"ALASANHADO","sabores":null,"borda":null,"valor_unitario":"18.000000","status":null,"hora":"10:02:46","foto_produto":"15-01-2024-13-53-57-WhatsApp-Image-2024-01-02-at-12.20.06.jpeg"}],"hora":"2025-07-10 10:02:46"}
[SESSION-LISTAR] {"session_id":"d7tre3d3pvgimcbu5513cu5282","sessao_usuario":"2025-07-10-10:02:40-1261","hora":"2025-07-10 10:02:46"}
[LISTAR-CARRINHO] {"sessao":"2025-07-10-10:02:40-1261","itens":1,"hora":"2025-07-10 10:02:46"}
[LISTAR-ENTRY] {"session_id":"d7tre3d3pvgimcbu5513cu5282","sessao_usuario":"2025-07-10-10:02:40-1261","hora":"2025-07-10 10:02:46"}
[LISTAR-RESULT] {"sessao":"2025-07-10-10:02:40-1261","result":[{"id":347,"sessao":"2025-07-10-10:02:40-1261","cliente":0,"produto":216,"quantidade":1,"total_item":"27.00","obs":"","pedido":0,"data":"2025-07-10","id_sabor":null,"categoria":null,"item":null,"variacao":null,"mesa":null,"nome_cliente":null,"nome_produto":"ALASANHADO","sabores":null,"borda":null,"valor_unitario":"18.000000","status":null,"hora":"10:02:46","foto_produto":"15-01-2024-13-53-57-WhatsApp-Image-2024-01-02-at-12.20.06.jpeg"}],"hora":"2025-07-10 10:02:46"}
[SESSION-LISTAR] {"session_id":"d7tre3d3pvgimcbu5513cu5282","sessao_usuario":"2025-07-10-10:02:40-1261","hora":"2025-07-10 10:02:46"}
[LISTAR-CARRINHO] {"sessao":"2025-07-10-10:02:40-1261","itens":1,"hora":"2025-07-10 10:02:46"}
[LISTAR-ENTRY] {"session_id":"d7tre3d3pvgimcbu5513cu5282","sessao_usuario":"2025-07-10-10:02:40-1261","hora":"2025-07-10 10:02:46"}
[LISTAR-RESULT] {"sessao":"2025-07-10-10:02:40-1261","result":[{"id":347,"sessao":"2025-07-10-10:02:40-1261","cliente":0,"produto":216,"quantidade":1,"total_item":"27.00","obs":"","pedido":0,"data":"2025-07-10","id_sabor":null,"categoria":null,"item":null,"variacao":null,"mesa":null,"nome_cliente":null,"nome_produto":"ALASANHADO","sabores":null,"borda":null,"valor_unitario":"18.000000","status":null,"hora":"10:02:46","foto_produto":"15-01-2024-13-53-57-WhatsApp-Image-2024-01-02-at-12.20.06.jpeg"}],"hora":"2025-07-10 10:02:46"}
[SESSION-LISTAR] {"session_id":"d7tre3d3pvgimcbu5513cu5282","sessao_usuario":"2025-07-10-10:02:40-1261","hora":"2025-07-10 10:02:46"}
[LISTAR-CARRINHO] {"sessao":"2025-07-10-10:02:40-1261","itens":1,"hora":"2025-07-10 10:02:46"}
[LISTAR-ENTRY] {"session_id":"d7tre3d3pvgimcbu5513cu5282","sessao_usuario":"2025-07-10-10:08:04-652","hora":"2025-07-10 10:08:09"}
[LISTAR-RESULT] {"sessao":"2025-07-10-10:08:04-652","result":[{"id":348,"sessao":"2025-07-10-10:08:04-652","cliente":0,"produto":14,"quantidade":1,"total_item":"29.00","obs":"","pedido":0,"data":"2025-07-10","id_sabor":null,"categoria":null,"item":null,"variacao":null,"mesa":null,"nome_cliente":null,"nome_produto":"DRAG\u00c3O PICANHA","sabores":null,"borda":null,"valor_unitario":"20.000000","status":null,"hora":"10:08:08","foto_produto":"24-12-2023-14-23-40-ESPECIAL.jpg"}],"hora":"2025-07-10 10:08:09"}
[SESSION-LISTAR] {"session_id":"d7tre3d3pvgimcbu5513cu5282","sessao_usuario":"2025-07-10-10:08:04-652","hora":"2025-07-10 10:08:09"}
[LISTAR-CARRINHO] {"sessao":"2025-07-10-10:08:04-652","itens":1,"hora":"2025-07-10 10:08:09"}
[LISTAR-ENTRY] {"session_id":"d7tre3d3pvgimcbu5513cu5282","sessao_usuario":"2025-07-10-10:08:04-652","hora":"2025-07-10 10:08:09"}
[LISTAR-RESULT] {"sessao":"2025-07-10-10:08:04-652","result":[{"id":348,"sessao":"2025-07-10-10:08:04-652","cliente":0,"produto":14,"quantidade":1,"total_item":"29.00","obs":"","pedido":0,"data":"2025-07-10","id_sabor":null,"categoria":null,"item":null,"variacao":null,"mesa":null,"nome_cliente":null,"nome_produto":"DRAG\u00c3O PICANHA","sabores":null,"borda":null,"valor_unitario":"20.000000","status":null,"hora":"10:08:08","foto_produto":"24-12-2023-14-23-40-ESPECIAL.jpg"}],"hora":"2025-07-10 10:08:09"}
[SESSION-LISTAR] {"session_id":"d7tre3d3pvgimcbu5513cu5282","sessao_usuario":"2025-07-10-10:08:04-652","hora":"2025-07-10 10:08:09"}
[LISTAR-CARRINHO] {"sessao":"2025-07-10-10:08:04-652","itens":1,"hora":"2025-07-10 10:08:09"}
[LISTAR-ENTRY] {"session_id":"d7tre3d3pvgimcbu5513cu5282","sessao_usuario":"2025-07-10-10:08:04-652","hora":"2025-07-10 10:08:09"}
[LISTAR-RESULT] {"sessao":"2025-07-10-10:08:04-652","result":[{"id":348,"sessao":"2025-07-10-10:08:04-652","cliente":0,"produto":14,"quantidade":1,"total_item":"29.00","obs":"","pedido":0,"data":"2025-07-10","id_sabor":null,"categoria":null,"item":null,"variacao":null,"mesa":null,"nome_cliente":null,"nome_produto":"DRAG\u00c3O PICANHA","sabores":null,"borda":null,"valor_unitario":"20.000000","status":null,"hora":"10:08:08","foto_produto":"24-12-2023-14-23-40-ESPECIAL.jpg"}],"hora":"2025-07-10 10:08:09"}
[SESSION-LISTAR] {"session_id":"d7tre3d3pvgimcbu5513cu5282","sessao_usuario":"2025-07-10-10:08:04-652","hora":"2025-07-10 10:08:09"}
[LISTAR-CARRINHO] {"sessao":"2025-07-10-10:08:04-652","itens":1,"hora":"2025-07-10 10:08:09"}
[LISTAR-ENTRY] {"session_id":"d7tre3d3pvgimcbu5513cu5282","sessao_usuario":"2025-07-10-10:12:13-193","hora":"2025-07-10 10:12:28"}
[LISTAR-RESULT] {"sessao":"2025-07-10-10:12:13-193","result":[{"id":349,"sessao":"2025-07-10-10:12:13-193","cliente":0,"produto":16,"quantidade":1,"total_item":"31.00","obs":"","pedido":0,"data":"2025-07-10","id_sabor":null,"categoria":null,"item":null,"variacao":null,"mesa":null,"nome_cliente":null,"nome_produto":"MIX DRAG\u00c3O","sabores":null,"borda":null,"valor_unitario":"18.000000","status":null,"hora":"10:12:28","foto_produto":"24-12-2023-14-22-47-ESPECIAL.jpg"}],"hora":"2025-07-10 10:12:28"}
[SESSION-LISTAR] {"session_id":"d7tre3d3pvgimcbu5513cu5282","sessao_usuario":"2025-07-10-10:12:13-193","hora":"2025-07-10 10:12:28"}
[LISTAR-CARRINHO] {"sessao":"2025-07-10-10:12:13-193","itens":1,"hora":"2025-07-10 10:12:28"}
[LISTAR-ENTRY] {"session_id":"d7tre3d3pvgimcbu5513cu5282","sessao_usuario":"2025-07-10-10:12:13-193","hora":"2025-07-10 10:12:28"}
[LISTAR-RESULT] {"sessao":"2025-07-10-10:12:13-193","result":[{"id":349,"sessao":"2025-07-10-10:12:13-193","cliente":0,"produto":16,"quantidade":1,"total_item":"31.00","obs":"","pedido":0,"data":"2025-07-10","id_sabor":null,"categoria":null,"item":null,"variacao":null,"mesa":null,"nome_cliente":null,"nome_produto":"MIX DRAG\u00c3O","sabores":null,"borda":null,"valor_unitario":"18.000000","status":null,"hora":"10:12:28","foto_produto":"24-12-2023-14-22-47-ESPECIAL.jpg"}],"hora":"2025-07-10 10:12:28"}
[SESSION-LISTAR] {"session_id":"d7tre3d3pvgimcbu5513cu5282","sessao_usuario":"2025-07-10-10:12:13-193","hora":"2025-07-10 10:12:28"}
[LISTAR-CARRINHO] {"sessao":"2025-07-10-10:12:13-193","itens":1,"hora":"2025-07-10 10:12:28"}
[LISTAR-ENTRY] {"session_id":"d7tre3d3pvgimcbu5513cu5282","sessao_usuario":"2025-07-10-10:12:13-193","hora":"2025-07-10 10:12:28"}
[LISTAR-RESULT] {"sessao":"2025-07-10-10:12:13-193","result":[{"id":349,"sessao":"2025-07-10-10:12:13-193","cliente":0,"produto":16,"quantidade":1,"total_item":"31.00","obs":"","pedido":0,"data":"2025-07-10","id_sabor":null,"categoria":null,"item":null,"variacao":null,"mesa":null,"nome_cliente":null,"nome_produto":"MIX DRAG\u00c3O","sabores":null,"borda":null,"valor_unitario":"18.000000","status":null,"hora":"10:12:28","foto_produto":"24-12-2023-14-22-47-ESPECIAL.jpg"}],"hora":"2025-07-10 10:12:28"}
[SESSION-LISTAR] {"session_id":"d7tre3d3pvgimcbu5513cu5282","sessao_usuario":"2025-07-10-10:12:13-193","hora":"2025-07-10 10:12:28"}
[LISTAR-CARRINHO] {"sessao":"2025-07-10-10:12:13-193","itens":1,"hora":"2025-07-10 10:12:28"}
[LISTAR-ENTRY] {"session_id":"d7tre3d3pvgimcbu5513cu5282","sessao_usuario":"2025-07-10-10:12:13-193","hora":"2025-07-10 10:12:48"}
[LISTAR-RESULT] {"sessao":"2025-07-10-10:12:13-193","result":[{"id":349,"sessao":"2025-07-10-10:12:13-193","cliente":0,"produto":16,"quantidade":1,"total_item":"31.00","obs":"Teste completo zap manual","pedido":0,"data":"2025-07-10","id_sabor":null,"categoria":null,"item":null,"variacao":null,"mesa":null,"nome_cliente":null,"nome_produto":"MIX DRAG\u00c3O","sabores":null,"borda":null,"valor_unitario":"18.000000","status":null,"hora":"10:12:28","foto_produto":"24-12-2023-14-22-47-ESPECIAL.jpg"}],"hora":"2025-07-10 10:12:48"}
[SESSION-LISTAR] {"session_id":"d7tre3d3pvgimcbu5513cu5282","sessao_usuario":"2025-07-10-10:12:13-193","hora":"2025-07-10 10:12:48"}
[LISTAR-CARRINHO] {"sessao":"2025-07-10-10:12:13-193","itens":1,"hora":"2025-07-10 10:12:48"}
[LISTAR-ENTRY] {"session_id":"d7tre3d3pvgimcbu5513cu5282","sessao_usuario":"2025-07-10-10:20:04-494","hora":"2025-07-10 10:20:07"}
[LISTAR-RESULT] {"sessao":"2025-07-10-10:20:04-494","result":[{"id":350,"sessao":"2025-07-10-10:20:04-494","cliente":0,"produto":14,"quantidade":1,"total_item":"27.00","obs":"","pedido":0,"data":"2025-07-10","id_sabor":null,"categoria":null,"item":null,"variacao":null,"mesa":null,"nome_cliente":null,"nome_produto":"DRAG\u00c3O PICANHA","sabores":null,"borda":null,"valor_unitario":"20.000000","status":null,"hora":"10:20:07","foto_produto":"24-12-2023-14-23-40-ESPECIAL.jpg"}],"hora":"2025-07-10 10:20:07"}
[SESSION-LISTAR] {"session_id":"d7tre3d3pvgimcbu5513cu5282","sessao_usuario":"2025-07-10-10:20:04-494","hora":"2025-07-10 10:20:07"}
[LISTAR-CARRINHO] {"sessao":"2025-07-10-10:20:04-494","itens":1,"hora":"2025-07-10 10:20:07"}
[LISTAR-ENTRY] {"session_id":"d7tre3d3pvgimcbu5513cu5282","sessao_usuario":"2025-07-10-10:20:04-494","hora":"2025-07-10 10:20:07"}
[LISTAR-RESULT] {"sessao":"2025-07-10-10:20:04-494","result":[{"id":350,"sessao":"2025-07-10-10:20:04-494","cliente":0,"produto":14,"quantidade":1,"total_item":"27.00","obs":"","pedido":0,"data":"2025-07-10","id_sabor":null,"categoria":null,"item":null,"variacao":null,"mesa":null,"nome_cliente":null,"nome_produto":"DRAG\u00c3O PICANHA","sabores":null,"borda":null,"valor_unitario":"20.000000","status":null,"hora":"10:20:07","foto_produto":"24-12-2023-14-23-40-ESPECIAL.jpg"}],"hora":"2025-07-10 10:20:07"}
[SESSION-LISTAR] {"session_id":"d7tre3d3pvgimcbu5513cu5282","sessao_usuario":"2025-07-10-10:20:04-494","hora":"2025-07-10 10:20:07"}
[LISTAR-CARRINHO] {"sessao":"2025-07-10-10:20:04-494","itens":1,"hora":"2025-07-10 10:20:07"}
[LISTAR-ENTRY] {"session_id":"d7tre3d3pvgimcbu5513cu5282","sessao_usuario":"2025-07-10-10:20:04-494","hora":"2025-07-10 10:20:07"}
[LISTAR-RESULT] {"sessao":"2025-07-10-10:20:04-494","result":[{"id":350,"sessao":"2025-07-10-10:20:04-494","cliente":0,"produto":14,"quantidade":1,"total_item":"27.00","obs":"","pedido":0,"data":"2025-07-10","id_sabor":null,"categoria":null,"item":null,"variacao":null,"mesa":null,"nome_cliente":null,"nome_produto":"DRAG\u00c3O PICANHA","sabores":null,"borda":null,"valor_unitario":"20.000000","status":null,"hora":"10:20:07","foto_produto":"24-12-2023-14-23-40-ESPECIAL.jpg"}],"hora":"2025-07-10 10:20:07"}
[SESSION-LISTAR] {"session_id":"d7tre3d3pvgimcbu5513cu5282","sessao_usuario":"2025-07-10-10:20:04-494","hora":"2025-07-10 10:20:07"}
[LISTAR-CARRINHO] {"sessao":"2025-07-10-10:20:04-494","itens":1,"hora":"2025-07-10 10:20:07"}
[LISTAR-ENTRY] {"session_id":"d7tre3d3pvgimcbu5513cu5282","sessao_usuario":"2025-07-10-10:20:04-494","hora":"2025-07-10 10:20:15"}
[LISTAR-RESULT] {"sessao":"2025-07-10-10:20:04-494","result":[{"id":350,"sessao":"2025-07-10-10:20:04-494","cliente":0,"produto":14,"quantidade":1,"total_item":"27.00","obs":"zap manual","pedido":0,"data":"2025-07-10","id_sabor":null,"categoria":null,"item":null,"variacao":null,"mesa":null,"nome_cliente":null,"nome_produto":"DRAG\u00c3O PICANHA","sabores":null,"borda":null,"valor_unitario":"20.000000","status":null,"hora":"10:20:07","foto_produto":"24-12-2023-14-23-40-ESPECIAL.jpg"}],"hora":"2025-07-10 10:20:15"}
[SESSION-LISTAR] {"session_id":"d7tre3d3pvgimcbu5513cu5282","sessao_usuario":"2025-07-10-10:20:04-494","hora":"2025-07-10 10:20:15"}
[LISTAR-CARRINHO] {"sessao":"2025-07-10-10:20:04-494","itens":1,"hora":"2025-07-10 10:20:15"}
[LISTAR-ENTRY] {"session_id":"d7tre3d3pvgimcbu5513cu5282","sessao_usuario":"2025-07-10-10:24:43-69","hora":"2025-07-10 10:24:51"}
[LISTAR-RESULT] {"sessao":"2025-07-10-10:24:43-69","result":[{"id":351,"sessao":"2025-07-10-10:24:43-69","cliente":0,"produto":103,"quantidade":1,"total_item":"57.00","obs":"","pedido":0,"data":"2025-07-10","id_sabor":null,"categoria":null,"item":null,"variacao":null,"mesa":null,"nome_cliente":null,"nome_produto":"HAMB\u00daRGUERR DE PICANHA COM CARNEIRO","sabores":null,"borda":null,"valor_unitario":"15.000000","status":null,"hora":"10:24:51","foto_produto":"15-01-2024-09-45-02-WhatsApp-Image-2023-12-25-at-19.16.05-(5).jpeg"}],"hora":"2025-07-10 10:24:51"}
[SESSION-LISTAR] {"session_id":"d7tre3d3pvgimcbu5513cu5282","sessao_usuario":"2025-07-10-10:24:43-69","hora":"2025-07-10 10:24:51"}
[LISTAR-CARRINHO] {"sessao":"2025-07-10-10:24:43-69","itens":1,"hora":"2025-07-10 10:24:51"}
[LISTAR-ENTRY] {"session_id":"d7tre3d3pvgimcbu5513cu5282","sessao_usuario":"2025-07-10-10:24:43-69","hora":"2025-07-10 10:24:51"}
[LISTAR-RESULT] {"sessao":"2025-07-10-10:24:43-69","result":[{"id":351,"sessao":"2025-07-10-10:24:43-69","cliente":0,"produto":103,"quantidade":1,"total_item":"57.00","obs":"","pedido":0,"data":"2025-07-10","id_sabor":null,"categoria":null,"item":null,"variacao":null,"mesa":null,"nome_cliente":null,"nome_produto":"HAMB\u00daRGUERR DE PICANHA COM CARNEIRO","sabores":null,"borda":null,"valor_unitario":"15.000000","status":null,"hora":"10:24:51","foto_produto":"15-01-2024-09-45-02-WhatsApp-Image-2023-12-25-at-19.16.05-(5).jpeg"}],"hora":"2025-07-10 10:24:51"}
[SESSION-LISTAR] {"session_id":"d7tre3d3pvgimcbu5513cu5282","sessao_usuario":"2025-07-10-10:24:43-69","hora":"2025-07-10 10:24:51"}
[LISTAR-CARRINHO] {"sessao":"2025-07-10-10:24:43-69","itens":1,"hora":"2025-07-10 10:24:51"}
[LISTAR-ENTRY] {"session_id":"d7tre3d3pvgimcbu5513cu5282","sessao_usuario":"2025-07-10-10:24:43-69","hora":"2025-07-10 10:24:51"}
[LISTAR-RESULT] {"sessao":"2025-07-10-10:24:43-69","result":[{"id":351,"sessao":"2025-07-10-10:24:43-69","cliente":0,"produto":103,"quantidade":1,"total_item":"57.00","obs":"","pedido":0,"data":"2025-07-10","id_sabor":null,"categoria":null,"item":null,"variacao":null,"mesa":null,"nome_cliente":null,"nome_produto":"HAMB\u00daRGUERR DE PICANHA COM CARNEIRO","sabores":null,"borda":null,"valor_unitario":"15.000000","status":null,"hora":"10:24:51","foto_produto":"15-01-2024-09-45-02-WhatsApp-Image-2023-12-25-at-19.16.05-(5).jpeg"}],"hora":"2025-07-10 10:24:51"}
[SESSION-LISTAR] {"session_id":"d7tre3d3pvgimcbu5513cu5282","sessao_usuario":"2025-07-10-10:24:43-69","hora":"2025-07-10 10:24:51"}
[LISTAR-CARRINHO] {"sessao":"2025-07-10-10:24:43-69","itens":1,"hora":"2025-07-10 10:24:51"}
[LISTAR-ENTRY] {"session_id":"d7tre3d3pvgimcbu5513cu5282","sessao_usuario":"2025-07-10-10:24:43-69","hora":"2025-07-10 10:24:58"}
[LISTAR-RESULT] {"sessao":"2025-07-10-10:24:43-69","result":[{"id":351,"sessao":"2025-07-10-10:24:43-69","cliente":0,"produto":103,"quantidade":1,"total_item":"57.00","obs":"zap manual","pedido":0,"data":"2025-07-10","id_sabor":null,"categoria":null,"item":null,"variacao":null,"mesa":null,"nome_cliente":null,"nome_produto":"HAMB\u00daRGUERR DE PICANHA COM CARNEIRO","sabores":null,"borda":null,"valor_unitario":"15.000000","status":null,"hora":"10:24:51","foto_produto":"15-01-2024-09-45-02-WhatsApp-Image-2023-12-25-at-19.16.05-(5).jpeg"}],"hora":"2025-07-10 10:24:58"}
[SESSION-LISTAR] {"session_id":"d7tre3d3pvgimcbu5513cu5282","sessao_usuario":"2025-07-10-10:24:43-69","hora":"2025-07-10 10:24:58"}
[LISTAR-CARRINHO] {"sessao":"2025-07-10-10:24:43-69","itens":1,"hora":"2025-07-10 10:24:58"}
[LISTAR-ENTRY] {"session_id":"d7tre3d3pvgimcbu5513cu5282","sessao_usuario":"2025-07-10-10:47:32-650","hora":"2025-07-10 10:47:41"}
[LISTAR-RESULT] {"sessao":"2025-07-10-10:47:32-650","result":[{"id":352,"sessao":"2025-07-10-10:47:32-650","cliente":0,"produto":71,"quantidade":1,"total_item":"37.00","obs":"","pedido":0,"data":"2025-07-10","id_sabor":null,"categoria":null,"item":null,"variacao":null,"mesa":null,"nome_cliente":null,"nome_produto":"X-BURGUER DE FIL\u00c9","sabores":null,"borda":null,"valor_unitario":"15.000000","status":null,"hora":"10:47:41","foto_produto":"24-12-2023-13-59-54-FILE.jpg"}],"hora":"2025-07-10 10:47:41"}
[SESSION-LISTAR] {"session_id":"d7tre3d3pvgimcbu5513cu5282","sessao_usuario":"2025-07-10-10:47:32-650","hora":"2025-07-10 10:47:41"}
[LISTAR-CARRINHO] {"sessao":"2025-07-10-10:47:32-650","itens":1,"hora":"2025-07-10 10:47:41"}
[LISTAR-ENTRY] {"session_id":"d7tre3d3pvgimcbu5513cu5282","sessao_usuario":"2025-07-10-10:47:32-650","hora":"2025-07-10 10:47:41"}
[LISTAR-RESULT] {"sessao":"2025-07-10-10:47:32-650","result":[{"id":352,"sessao":"2025-07-10-10:47:32-650","cliente":0,"produto":71,"quantidade":1,"total_item":"37.00","obs":"","pedido":0,"data":"2025-07-10","id_sabor":null,"categoria":null,"item":null,"variacao":null,"mesa":null,"nome_cliente":null,"nome_produto":"X-BURGUER DE FIL\u00c9","sabores":null,"borda":null,"valor_unitario":"15.000000","status":null,"hora":"10:47:41","foto_produto":"24-12-2023-13-59-54-FILE.jpg"}],"hora":"2025-07-10 10:47:41"}
[SESSION-LISTAR] {"session_id":"d7tre3d3pvgimcbu5513cu5282","sessao_usuario":"2025-07-10-10:47:32-650","hora":"2025-07-10 10:47:41"}
[LISTAR-CARRINHO] {"sessao":"2025-07-10-10:47:32-650","itens":1,"hora":"2025-07-10 10:47:41"}
[LISTAR-ENTRY] {"session_id":"d7tre3d3pvgimcbu5513cu5282","sessao_usuario":"2025-07-10-10:47:32-650","hora":"2025-07-10 10:47:41"}
[LISTAR-RESULT] {"sessao":"2025-07-10-10:47:32-650","result":[{"id":352,"sessao":"2025-07-10-10:47:32-650","cliente":0,"produto":71,"quantidade":1,"total_item":"37.00","obs":"","pedido":0,"data":"2025-07-10","id_sabor":null,"categoria":null,"item":null,"variacao":null,"mesa":null,"nome_cliente":null,"nome_produto":"X-BURGUER DE FIL\u00c9","sabores":null,"borda":null,"valor_unitario":"15.000000","status":null,"hora":"10:47:41","foto_produto":"24-12-2023-13-59-54-FILE.jpg"}],"hora":"2025-07-10 10:47:41"}
[SESSION-LISTAR] {"session_id":"d7tre3d3pvgimcbu5513cu5282","sessao_usuario":"2025-07-10-10:47:32-650","hora":"2025-07-10 10:47:41"}
[LISTAR-CARRINHO] {"sessao":"2025-07-10-10:47:32-650","itens":1,"hora":"2025-07-10 10:47:41"}
[LISTAR-ENTRY] {"session_id":"d7tre3d3pvgimcbu5513cu5282","sessao_usuario":"2025-07-10-10:47:32-650","hora":"2025-07-10 10:47:53"}
[LISTAR-RESULT] {"sessao":"2025-07-10-10:47:32-650","result":[{"id":352,"sessao":"2025-07-10-10:47:32-650","cliente":0,"produto":71,"quantidade":1,"total_item":"37.00","obs":"zap manual","pedido":0,"data":"2025-07-10","id_sabor":null,"categoria":null,"item":null,"variacao":null,"mesa":null,"nome_cliente":null,"nome_produto":"X-BURGUER DE FIL\u00c9","sabores":null,"borda":null,"valor_unitario":"15.000000","status":null,"hora":"10:47:41","foto_produto":"24-12-2023-13-59-54-FILE.jpg"}],"hora":"2025-07-10 10:47:53"}
[SESSION-LISTAR] {"session_id":"d7tre3d3pvgimcbu5513cu5282","sessao_usuario":"2025-07-10-10:47:32-650","hora":"2025-07-10 10:47:53"}
[LISTAR-CARRINHO] {"sessao":"2025-07-10-10:47:32-650","itens":1,"hora":"2025-07-10 10:47:53"}
[LISTAR-ENTRY] {"session_id":"d7tre3d3pvgimcbu5513cu5282","sessao_usuario":"2025-07-10-10:47:32-650","hora":"2025-07-10 10:47:56"}
[LISTAR-RESULT] {"sessao":"2025-07-10-10:47:32-650","result":[{"id":352,"sessao":"2025-07-10-10:47:32-650","cliente":0,"produto":71,"quantidade":1,"total_item":"32.00","obs":"zap manual","pedido":0,"data":"2025-07-10","id_sabor":null,"categoria":null,"item":null,"variacao":null,"mesa":null,"nome_cliente":null,"nome_produto":"X-BURGUER DE FIL\u00c9","sabores":null,"borda":null,"valor_unitario":"15.000000","status":null,"hora":"10:47:41","foto_produto":"24-12-2023-13-59-54-FILE.jpg"}],"hora":"2025-07-10 10:47:56"}
[SESSION-LISTAR] {"session_id":"d7tre3d3pvgimcbu5513cu5282","sessao_usuario":"2025-07-10-10:47:32-650","hora":"2025-07-10 10:47:56"}
[LISTAR-CARRINHO] {"sessao":"2025-07-10-10:47:32-650","itens":1,"hora":"2025-07-10 10:47:56"}
[LISTAR-ENTRY] {"session_id":"d7tre3d3pvgimcbu5513cu5282","sessao_usuario":"2025-07-10-10:56:40-860","hora":"2025-07-10 10:56:49"}
[LISTAR-RESULT] {"sessao":"2025-07-10-10:56:40-860","result":[{"id":353,"sessao":"2025-07-10-10:56:40-860","cliente":0,"produto":216,"quantidade":1,"total_item":"30.00","obs":"","pedido":0,"data":"2025-07-10","id_sabor":null,"categoria":null,"item":null,"variacao":null,"mesa":null,"nome_cliente":null,"nome_produto":"ALASANHADO","sabores":null,"borda":null,"valor_unitario":"18.000000","status":null,"hora":"10:56:49","foto_produto":"15-01-2024-13-53-57-WhatsApp-Image-2024-01-02-at-12.20.06.jpeg"}],"hora":"2025-07-10 10:56:49"}
[SESSION-LISTAR] {"session_id":"d7tre3d3pvgimcbu5513cu5282","sessao_usuario":"2025-07-10-10:56:40-860","hora":"2025-07-10 10:56:49"}
[LISTAR-CARRINHO] {"sessao":"2025-07-10-10:56:40-860","itens":1,"hora":"2025-07-10 10:56:49"}
[LISTAR-ENTRY] {"session_id":"d7tre3d3pvgimcbu5513cu5282","sessao_usuario":"2025-07-10-10:56:40-860","hora":"2025-07-10 10:56:49"}
[LISTAR-RESULT] {"sessao":"2025-07-10-10:56:40-860","result":[{"id":353,"sessao":"2025-07-10-10:56:40-860","cliente":0,"produto":216,"quantidade":1,"total_item":"30.00","obs":"","pedido":0,"data":"2025-07-10","id_sabor":null,"categoria":null,"item":null,"variacao":null,"mesa":null,"nome_cliente":null,"nome_produto":"ALASANHADO","sabores":null,"borda":null,"valor_unitario":"18.000000","status":null,"hora":"10:56:49","foto_produto":"15-01-2024-13-53-57-WhatsApp-Image-2024-01-02-at-12.20.06.jpeg"}],"hora":"2025-07-10 10:56:49"}
[SESSION-LISTAR] {"session_id":"d7tre3d3pvgimcbu5513cu5282","sessao_usuario":"2025-07-10-10:56:40-860","hora":"2025-07-10 10:56:49"}
[LISTAR-CARRINHO] {"sessao":"2025-07-10-10:56:40-860","itens":1,"hora":"2025-07-10 10:56:49"}
[LISTAR-ENTRY] {"session_id":"d7tre3d3pvgimcbu5513cu5282","sessao_usuario":"2025-07-10-10:56:40-860","hora":"2025-07-10 10:56:49"}
[LISTAR-RESULT] {"sessao":"2025-07-10-10:56:40-860","result":[{"id":353,"sessao":"2025-07-10-10:56:40-860","cliente":0,"produto":216,"quantidade":1,"total_item":"30.00","obs":"","pedido":0,"data":"2025-07-10","id_sabor":null,"categoria":null,"item":null,"variacao":null,"mesa":null,"nome_cliente":null,"nome_produto":"ALASANHADO","sabores":null,"borda":null,"valor_unitario":"18.000000","status":null,"hora":"10:56:49","foto_produto":"15-01-2024-13-53-57-WhatsApp-Image-2024-01-02-at-12.20.06.jpeg"}],"hora":"2025-07-10 10:56:49"}
[SESSION-LISTAR] {"session_id":"d7tre3d3pvgimcbu5513cu5282","sessao_usuario":"2025-07-10-10:56:40-860","hora":"2025-07-10 10:56:49"}
[LISTAR-CARRINHO] {"sessao":"2025-07-10-10:56:40-860","itens":1,"hora":"2025-07-10 10:56:49"}
[LISTAR-ENTRY] {"session_id":"d7tre3d3pvgimcbu5513cu5282","sessao_usuario":"2025-07-10-10:56:40-860","hora":"2025-07-10 10:56:56"}
[LISTAR-RESULT] {"sessao":"2025-07-10-10:56:40-860","result":[{"id":353,"sessao":"2025-07-10-10:56:40-860","cliente":0,"produto":216,"quantidade":1,"total_item":"30.00","obs":"zap API","pedido":0,"data":"2025-07-10","id_sabor":null,"categoria":null,"item":null,"variacao":null,"mesa":null,"nome_cliente":null,"nome_produto":"ALASANHADO","sabores":null,"borda":null,"valor_unitario":"18.000000","status":null,"hora":"10:56:49","foto_produto":"15-01-2024-13-53-57-WhatsApp-Image-2024-01-02-at-12.20.06.jpeg"}],"hora":"2025-07-10 10:56:56"}
[SESSION-LISTAR] {"session_id":"d7tre3d3pvgimcbu5513cu5282","sessao_usuario":"2025-07-10-10:56:40-860","hora":"2025-07-10 10:56:56"}
[LISTAR-CARRINHO] {"sessao":"2025-07-10-10:56:40-860","itens":1,"hora":"2025-07-10 10:56:56"}
[LISTAR-ENTRY] {"session_id":"d7tre3d3pvgimcbu5513cu5282","sessao_usuario":"2025-07-10-10:59:14-1335","hora":"2025-07-10 10:59:19"}
[LISTAR-RESULT] {"sessao":"2025-07-10-10:59:14-1335","result":[{"id":354,"sessao":"2025-07-10-10:59:14-1335","cliente":0,"produto":103,"quantidade":1,"total_item":"25.00","obs":"","pedido":0,"data":"2025-07-10","id_sabor":null,"categoria":null,"item":null,"variacao":null,"mesa":null,"nome_cliente":null,"nome_produto":"HAMB\u00daRGUERR DE PICANHA COM CARNEIRO","sabores":null,"borda":null,"valor_unitario":"15.000000","status":null,"hora":"10:59:18","foto_produto":"15-01-2024-09-45-02-WhatsApp-Image-2023-12-25-at-19.16.05-(5).jpeg"}],"hora":"2025-07-10 10:59:19"}
[SESSION-LISTAR] {"session_id":"d7tre3d3pvgimcbu5513cu5282","sessao_usuario":"2025-07-10-10:59:14-1335","hora":"2025-07-10 10:59:19"}
[LISTAR-CARRINHO] {"sessao":"2025-07-10-10:59:14-1335","itens":1,"hora":"2025-07-10 10:59:19"}
[LISTAR-ENTRY] {"session_id":"d7tre3d3pvgimcbu5513cu5282","sessao_usuario":"2025-07-10-10:59:14-1335","hora":"2025-07-10 10:59:19"}
[LISTAR-RESULT] {"sessao":"2025-07-10-10:59:14-1335","result":[{"id":354,"sessao":"2025-07-10-10:59:14-1335","cliente":0,"produto":103,"quantidade":1,"total_item":"25.00","obs":"","pedido":0,"data":"2025-07-10","id_sabor":null,"categoria":null,"item":null,"variacao":null,"mesa":null,"nome_cliente":null,"nome_produto":"HAMB\u00daRGUERR DE PICANHA COM CARNEIRO","sabores":null,"borda":null,"valor_unitario":"15.000000","status":null,"hora":"10:59:18","foto_produto":"15-01-2024-09-45-02-WhatsApp-Image-2023-12-25-at-19.16.05-(5).jpeg"}],"hora":"2025-07-10 10:59:19"}
[SESSION-LISTAR] {"session_id":"d7tre3d3pvgimcbu5513cu5282","sessao_usuario":"2025-07-10-10:59:14-1335","hora":"2025-07-10 10:59:19"}
[LISTAR-CARRINHO] {"sessao":"2025-07-10-10:59:14-1335","itens":1,"hora":"2025-07-10 10:59:19"}
[LISTAR-ENTRY] {"session_id":"d7tre3d3pvgimcbu5513cu5282","sessao_usuario":"2025-07-10-10:59:14-1335","hora":"2025-07-10 10:59:19"}
[LISTAR-RESULT] {"sessao":"2025-07-10-10:59:14-1335","result":[{"id":354,"sessao":"2025-07-10-10:59:14-1335","cliente":0,"produto":103,"quantidade":1,"total_item":"25.00","obs":"","pedido":0,"data":"2025-07-10","id_sabor":null,"categoria":null,"item":null,"variacao":null,"mesa":null,"nome_cliente":null,"nome_produto":"HAMB\u00daRGUERR DE PICANHA COM CARNEIRO","sabores":null,"borda":null,"valor_unitario":"15.000000","status":null,"hora":"10:59:18","foto_produto":"15-01-2024-09-45-02-WhatsApp-Image-2023-12-25-at-19.16.05-(5).jpeg"}],"hora":"2025-07-10 10:59:19"}
[SESSION-LISTAR] {"session_id":"d7tre3d3pvgimcbu5513cu5282","sessao_usuario":"2025-07-10-10:59:14-1335","hora":"2025-07-10 10:59:19"}
[LISTAR-CARRINHO] {"sessao":"2025-07-10-10:59:14-1335","itens":1,"hora":"2025-07-10 10:59:19"}
[LISTAR-ENTRY] {"session_id":"f1eal5c01otdmtfk9paqk3mds4","sessao_usuario":"2025-07-10-11:06:07-741","hora":"2025-07-10 11:06:11"}
[LISTAR-RESULT] {"sessao":"2025-07-10-11:06:07-741","result":[{"id":355,"sessao":"2025-07-10-11:06:07-741","cliente":0,"produto":100,"quantidade":1,"total_item":"28.00","obs":"","pedido":0,"data":"2025-07-10","id_sabor":null,"categoria":null,"item":null,"variacao":null,"mesa":null,"nome_cliente":null,"nome_produto":"EGGS-BURGUER DE CARNEIRO","sabores":null,"borda":null,"valor_unitario":"18.000000","status":null,"hora":"11:06:11","foto_produto":"15-01-2024-09-42-12-WhatsApp-Image-2023-12-25-at-19.16.05-(5).jpeg"}],"hora":"2025-07-10 11:06:11"}
[SESSION-LISTAR] {"session_id":"f1eal5c01otdmtfk9paqk3mds4","sessao_usuario":"2025-07-10-11:06:07-741","hora":"2025-07-10 11:06:11"}
[LISTAR-CARRINHO] {"sessao":"2025-07-10-11:06:07-741","itens":1,"hora":"2025-07-10 11:06:11"}
[LISTAR-ENTRY] {"session_id":"f1eal5c01otdmtfk9paqk3mds4","sessao_usuario":"2025-07-10-11:06:07-741","hora":"2025-07-10 11:06:11"}
[LISTAR-RESULT] {"sessao":"2025-07-10-11:06:07-741","result":[{"id":355,"sessao":"2025-07-10-11:06:07-741","cliente":0,"produto":100,"quantidade":1,"total_item":"28.00","obs":"","pedido":0,"data":"2025-07-10","id_sabor":null,"categoria":null,"item":null,"variacao":null,"mesa":null,"nome_cliente":null,"nome_produto":"EGGS-BURGUER DE CARNEIRO","sabores":null,"borda":null,"valor_unitario":"18.000000","status":null,"hora":"11:06:11","foto_produto":"15-01-2024-09-42-12-WhatsApp-Image-2023-12-25-at-19.16.05-(5).jpeg"}],"hora":"2025-07-10 11:06:11"}
[SESSION-LISTAR] {"session_id":"f1eal5c01otdmtfk9paqk3mds4","sessao_usuario":"2025-07-10-11:06:07-741","hora":"2025-07-10 11:06:11"}
[LISTAR-CARRINHO] {"sessao":"2025-07-10-11:06:07-741","itens":1,"hora":"2025-07-10 11:06:11"}
[LISTAR-ENTRY] {"session_id":"f1eal5c01otdmtfk9paqk3mds4","sessao_usuario":"2025-07-10-11:06:07-741","hora":"2025-07-10 11:06:11"}
[LISTAR-RESULT] {"sessao":"2025-07-10-11:06:07-741","result":[{"id":355,"sessao":"2025-07-10-11:06:07-741","cliente":0,"produto":100,"quantidade":1,"total_item":"28.00","obs":"","pedido":0,"data":"2025-07-10","id_sabor":null,"categoria":null,"item":null,"variacao":null,"mesa":null,"nome_cliente":null,"nome_produto":"EGGS-BURGUER DE CARNEIRO","sabores":null,"borda":null,"valor_unitario":"18.000000","status":null,"hora":"11:06:11","foto_produto":"15-01-2024-09-42-12-WhatsApp-Image-2023-12-25-at-19.16.05-(5).jpeg"}],"hora":"2025-07-10 11:06:11"}
[SESSION-LISTAR] {"session_id":"f1eal5c01otdmtfk9paqk3mds4","sessao_usuario":"2025-07-10-11:06:07-741","hora":"2025-07-10 11:06:11"}
[LISTAR-CARRINHO] {"sessao":"2025-07-10-11:06:07-741","itens":1,"hora":"2025-07-10 11:06:11"}
[LISTAR-ENTRY] {"session_id":"f1eal5c01otdmtfk9paqk3mds4","sessao_usuario":"2025-07-10-11:21:59-141","hora":"2025-07-10 11:22:03"}
[LISTAR-RESULT] {"sessao":"2025-07-10-11:21:59-141","result":[{"id":356,"sessao":"2025-07-10-11:21:59-141","cliente":0,"produto":46,"quantidade":1,"total_item":"35.00","obs":"","pedido":0,"data":"2025-07-10","id_sabor":null,"categoria":null,"item":null,"variacao":null,"mesa":null,"nome_cliente":null,"nome_produto":"EGGS-CORA\u00c7\u00c3O DE PICANHA","sabores":null,"borda":null,"valor_unitario":"19.000000","status":null,"hora":"11:22:03","foto_produto":"23-12-2023-22-57-07-CORA\u00c7\u00c3O.jpg"}],"hora":"2025-07-10 11:22:03"}
[SESSION-LISTAR] {"session_id":"f1eal5c01otdmtfk9paqk3mds4","sessao_usuario":"2025-07-10-11:21:59-141","hora":"2025-07-10 11:22:03"}
[LISTAR-CARRINHO] {"sessao":"2025-07-10-11:21:59-141","itens":1,"hora":"2025-07-10 11:22:03"}
[LISTAR-ENTRY] {"session_id":"f1eal5c01otdmtfk9paqk3mds4","sessao_usuario":"2025-07-10-11:21:59-141","hora":"2025-07-10 11:22:03"}
[LISTAR-RESULT] {"sessao":"2025-07-10-11:21:59-141","result":[{"id":356,"sessao":"2025-07-10-11:21:59-141","cliente":0,"produto":46,"quantidade":1,"total_item":"35.00","obs":"","pedido":0,"data":"2025-07-10","id_sabor":null,"categoria":null,"item":null,"variacao":null,"mesa":null,"nome_cliente":null,"nome_produto":"EGGS-CORA\u00c7\u00c3O DE PICANHA","sabores":null,"borda":null,"valor_unitario":"19.000000","status":null,"hora":"11:22:03","foto_produto":"23-12-2023-22-57-07-CORA\u00c7\u00c3O.jpg"}],"hora":"2025-07-10 11:22:03"}
[SESSION-LISTAR] {"session_id":"f1eal5c01otdmtfk9paqk3mds4","sessao_usuario":"2025-07-10-11:21:59-141","hora":"2025-07-10 11:22:03"}
[LISTAR-CARRINHO] {"sessao":"2025-07-10-11:21:59-141","itens":1,"hora":"2025-07-10 11:22:03"}
[LISTAR-ENTRY] {"session_id":"f1eal5c01otdmtfk9paqk3mds4","sessao_usuario":"2025-07-10-11:21:59-141","hora":"2025-07-10 11:22:03"}
[LISTAR-RESULT] {"sessao":"2025-07-10-11:21:59-141","result":[{"id":356,"sessao":"2025-07-10-11:21:59-141","cliente":0,"produto":46,"quantidade":1,"total_item":"35.00","obs":"","pedido":0,"data":"2025-07-10","id_sabor":null,"categoria":null,"item":null,"variacao":null,"mesa":null,"nome_cliente":null,"nome_produto":"EGGS-CORA\u00c7\u00c3O DE PICANHA","sabores":null,"borda":null,"valor_unitario":"19.000000","status":null,"hora":"11:22:03","foto_produto":"23-12-2023-22-57-07-CORA\u00c7\u00c3O.jpg"}],"hora":"2025-07-10 11:22:03"}
[SESSION-LISTAR] {"session_id":"f1eal5c01otdmtfk9paqk3mds4","sessao_usuario":"2025-07-10-11:21:59-141","hora":"2025-07-10 11:22:03"}
[LISTAR-CARRINHO] {"sessao":"2025-07-10-11:21:59-141","itens":1,"hora":"2025-07-10 11:22:03"}
[LISTAR-ENTRY] {"session_id":"f1eal5c01otdmtfk9paqk3mds4","sessao_usuario":"2025-07-10-11:21:59-141","hora":"2025-07-10 11:22:11"}
[LISTAR-RESULT] {"sessao":"2025-07-10-11:21:59-141","result":[{"id":356,"sessao":"2025-07-10-11:21:59-141","cliente":0,"produto":46,"quantidade":1,"total_item":"35.00","obs":"api paga","pedido":0,"data":"2025-07-10","id_sabor":null,"categoria":null,"item":null,"variacao":null,"mesa":null,"nome_cliente":null,"nome_produto":"EGGS-CORA\u00c7\u00c3O DE PICANHA","sabores":null,"borda":null,"valor_unitario":"19.000000","status":null,"hora":"11:22:03","foto_produto":"23-12-2023-22-57-07-CORA\u00c7\u00c3O.jpg"}],"hora":"2025-07-10 11:22:11"}
[SESSION-LISTAR] {"session_id":"f1eal5c01otdmtfk9paqk3mds4","sessao_usuario":"2025-07-10-11:21:59-141","hora":"2025-07-10 11:22:11"}
[LISTAR-CARRINHO] {"sessao":"2025-07-10-11:21:59-141","itens":1,"hora":"2025-07-10 11:22:11"}
[LISTAR-ENTRY] {"session_id":"f1eal5c01otdmtfk9paqk3mds4","sessao_usuario":"2025-07-10-11:29:29-876","hora":"2025-07-10 11:29:33"}
[LISTAR-RESULT] {"sessao":"2025-07-10-11:29:29-876","result":[{"id":357,"sessao":"2025-07-10-11:29:29-876","cliente":0,"produto":46,"quantidade":1,"total_item":"32.00","obs":"","pedido":0,"data":"2025-07-10","id_sabor":null,"categoria":null,"item":null,"variacao":null,"mesa":null,"nome_cliente":null,"nome_produto":"EGGS-CORA\u00c7\u00c3O DE PICANHA","sabores":null,"borda":null,"valor_unitario":"19.000000","status":null,"hora":"11:29:33","foto_produto":"23-12-2023-22-57-07-CORA\u00c7\u00c3O.jpg"}],"hora":"2025-07-10 11:29:33"}
[SESSION-LISTAR] {"session_id":"f1eal5c01otdmtfk9paqk3mds4","sessao_usuario":"2025-07-10-11:29:29-876","hora":"2025-07-10 11:29:33"}
[LISTAR-CARRINHO] {"sessao":"2025-07-10-11:29:29-876","itens":1,"hora":"2025-07-10 11:29:33"}
[LISTAR-ENTRY] {"session_id":"f1eal5c01otdmtfk9paqk3mds4","sessao_usuario":"2025-07-10-11:29:29-876","hora":"2025-07-10 11:29:33"}
[LISTAR-RESULT] {"sessao":"2025-07-10-11:29:29-876","result":[{"id":357,"sessao":"2025-07-10-11:29:29-876","cliente":0,"produto":46,"quantidade":1,"total_item":"32.00","obs":"","pedido":0,"data":"2025-07-10","id_sabor":null,"categoria":null,"item":null,"variacao":null,"mesa":null,"nome_cliente":null,"nome_produto":"EGGS-CORA\u00c7\u00c3O DE PICANHA","sabores":null,"borda":null,"valor_unitario":"19.000000","status":null,"hora":"11:29:33","foto_produto":"23-12-2023-22-57-07-CORA\u00c7\u00c3O.jpg"}],"hora":"2025-07-10 11:29:33"}
[SESSION-LISTAR] {"session_id":"f1eal5c01otdmtfk9paqk3mds4","sessao_usuario":"2025-07-10-11:29:29-876","hora":"2025-07-10 11:29:33"}
[LISTAR-CARRINHO] {"sessao":"2025-07-10-11:29:29-876","itens":1,"hora":"2025-07-10 11:29:33"}
[LISTAR-ENTRY] {"session_id":"f1eal5c01otdmtfk9paqk3mds4","sessao_usuario":"2025-07-10-11:29:29-876","hora":"2025-07-10 11:29:33"}
[LISTAR-RESULT] {"sessao":"2025-07-10-11:29:29-876","result":[{"id":357,"sessao":"2025-07-10-11:29:29-876","cliente":0,"produto":46,"quantidade":1,"total_item":"32.00","obs":"","pedido":0,"data":"2025-07-10","id_sabor":null,"categoria":null,"item":null,"variacao":null,"mesa":null,"nome_cliente":null,"nome_produto":"EGGS-CORA\u00c7\u00c3O DE PICANHA","sabores":null,"borda":null,"valor_unitario":"19.000000","status":null,"hora":"11:29:33","foto_produto":"23-12-2023-22-57-07-CORA\u00c7\u00c3O.jpg"}],"hora":"2025-07-10 11:29:33"}
[SESSION-LISTAR] {"session_id":"f1eal5c01otdmtfk9paqk3mds4","sessao_usuario":"2025-07-10-11:29:29-876","hora":"2025-07-10 11:29:33"}
[LISTAR-CARRINHO] {"sessao":"2025-07-10-11:29:29-876","itens":1,"hora":"2025-07-10 11:29:33"}
[LISTAR-ENTRY] {"session_id":"f1eal5c01otdmtfk9paqk3mds4","sessao_usuario":"2025-07-10-11:29:29-876","hora":"2025-07-10 11:29:40"}
[LISTAR-RESULT] {"sessao":"2025-07-10-11:29:29-876","result":[{"id":357,"sessao":"2025-07-10-11:29:29-876","cliente":0,"produto":46,"quantidade":1,"total_item":"32.00","obs":"agora foi","pedido":0,"data":"2025-07-10","id_sabor":null,"categoria":null,"item":null,"variacao":null,"mesa":null,"nome_cliente":null,"nome_produto":"EGGS-CORA\u00c7\u00c3O DE PICANHA","sabores":null,"borda":null,"valor_unitario":"19.000000","status":null,"hora":"11:29:33","foto_produto":"23-12-2023-22-57-07-CORA\u00c7\u00c3O.jpg"}],"hora":"2025-07-10 11:29:40"}
[SESSION-LISTAR] {"session_id":"f1eal5c01otdmtfk9paqk3mds4","sessao_usuario":"2025-07-10-11:29:29-876","hora":"2025-07-10 11:29:40"}
[LISTAR-CARRINHO] {"sessao":"2025-07-10-11:29:29-876","itens":1,"hora":"2025-07-10 11:29:40"}
[LISTAR-ENTRY] {"session_id":"f1eal5c01otdmtfk9paqk3mds4","sessao_usuario":"2025-07-10-11:29:29-876","hora":"2025-07-10 11:29:43"}
[LISTAR-RESULT] {"sessao":"2025-07-10-11:29:29-876","result":[{"id":357,"sessao":"2025-07-10-11:29:29-876","cliente":0,"produto":46,"quantidade":2,"total_item":"64.00","obs":"agora foi","pedido":0,"data":"2025-07-10","id_sabor":null,"categoria":null,"item":null,"variacao":null,"mesa":null,"nome_cliente":null,"nome_produto":"EGGS-CORA\u00c7\u00c3O DE PICANHA","sabores":null,"borda":null,"valor_unitario":"19.000000","status":null,"hora":"11:29:33","foto_produto":"23-12-2023-22-57-07-CORA\u00c7\u00c3O.jpg"}],"hora":"2025-07-10 11:29:43"}
[SESSION-LISTAR] {"session_id":"f1eal5c01otdmtfk9paqk3mds4","sessao_usuario":"2025-07-10-11:29:29-876","hora":"2025-07-10 11:29:43"}
[LISTAR-CARRINHO] {"sessao":"2025-07-10-11:29:29-876","itens":1,"hora":"2025-07-10 11:29:43"}
[LISTAR-ENTRY] {"session_id":"f1eal5c01otdmtfk9paqk3mds4","sessao_usuario":"2025-07-10-11:29:29-876","hora":"2025-07-10 11:29:49"}
[LISTAR-RESULT] {"sessao":"2025-07-10-11:29:29-876","result":[{"id":357,"sessao":"2025-07-10-11:29:29-876","cliente":0,"produto":46,"quantidade":3,"total_item":"96.00","obs":"agora foi","pedido":0,"data":"2025-07-10","id_sabor":null,"categoria":null,"item":null,"variacao":null,"mesa":null,"nome_cliente":null,"nome_produto":"EGGS-CORA\u00c7\u00c3O DE PICANHA","sabores":null,"borda":null,"valor_unitario":"19.000000","status":null,"hora":"11:29:33","foto_produto":"23-12-2023-22-57-07-CORA\u00c7\u00c3O.jpg"}],"hora":"2025-07-10 11:29:49"}
[SESSION-LISTAR] {"session_id":"f1eal5c01otdmtfk9paqk3mds4","sessao_usuario":"2025-07-10-11:29:29-876","hora":"2025-07-10 11:29:49"}
[LISTAR-CARRINHO] {"sessao":"2025-07-10-11:29:29-876","itens":1,"hora":"2025-07-10 11:29:49"}
